2025-04-14 23:36:03,565 - Ошибка в файле path/02aqznh1.txt: Файл recursive_challenge\qxjzaes2\24lkeyh6\l8k5q6fs\vjyr8709\llc8lc44\37xeq1ay\b6yjfb3g.txt не найден во втором архиве
2025-04-14 23:36:03,578 - Ошибка в файле path/8ji2cxew.txt: Файл recursive_challenge\qxjzaes2\24lkeyh6\87pgggz7\lvv4zock\zoc6meh4\w5eg9l5h\n9d2t3bo.txt не найден во втором архиве
2025-04-14 23:36:03,593 - Ошибка в файле path/3s8s0cjl.txt: Файл recursive_challenge\qxjzaes2\24lkeyh6\87pgggz7\lvv4zock\3d6sd0o3\18ut741d.txt не найден во втором архиве
2025-04-14 23:36:03,604 - Ошибка в файле path/10ahdjxk.txt: Файл recursive_challenge\qxjzaes2\24lkeyh6\gwzv6zt9\dom3olfi\c787qynu\09er02c4\s7dbiwzy.txt не найден во втором архиве
2025-04-14 23:36:03,615 - Ошибка в файле path/5txrzyz3.txt: Файл recursive_challenge\qxjzaes2\plr4e33g\hjsrdtoz\meggcmay\5u5561c0\nribkhyy\8srgylpd.txt не найден во втором архиве
2025-04-14 23:36:03,615 - Ошибка в файле path/2fqz906m.txt: Файл recursive_challenge\qxjzaes2\24lkeyh6\l8k5q6fs\023dsflt\gvyf2kyx\a113n4wq\thfumrh3.txt не найден во втором архиве
2025-04-14 23:36:03,622 - Ошибка в файле path/7ilr3mpz.txt: Файл recursive_challenge\qxjzaes2\plr4e33g\hjsrdtoz\meggcmay\o8pqful3\tcm1m37d\joyvstqk.txt не найден во втором архиве
2025-04-14 23:36:03,643 - Ошибка в файле path/4syd0k1c.txt: Файл recursive_challenge\qxjzaes2\24lkeyh6\87pgggz7\lvv4zock\0ocmmcvu\5lobeleg\r0yaafjb.txt не найден во втором архиве
2025-04-14 23:36:04,763 - Ошибка в файле path/02axvomf.txt: Файл recursive_challenge\qxjzaes2\plr4e33g\hjsrdtoz\e9td5mfq\tim6qmlx\ej2g4b6c\wud5lhnr.txt не найден во втором архиве
2025-04-14 23:36:04,788 - Ошибка в файле path/8jo4dqe4.txt: Файл recursive_challenge\qxjzaes2\24lkeyh6\87pgggz7\tgml8zq2\tmb9as05\g7s98yv5\ourr8qs4.txt не найден во втором архиве
2025-04-14 23:36:04,812 - Ошибка в файле path/3txk0vjc.txt: Файл recursive_challenge\qxjzaes2\plr4e33g\hjsrdtoz\e9td5mfq\tim6qmlx\9zkn7zv2\f5ha72jw.txt не найден во втором архиве
2025-04-14 23:36:04,841 - Ошибка в файле path/4tdw2mq1.txt: Файл recursive_challenge\qxjzaes2\24lkeyh6\l8k5q6fs\geajve4d\cjnq7zsv\boemyllk\cyfnil9a.txt не найден во втором архиве
2025-04-14 23:36:04,885 - Ошибка в файле path/7jnlnvax.txt: Файл recursive_challenge\qxjzaes2\24lkeyh6\l8k5q6fs\2ds7mvnr\oq46gosp\hjw10xiz\1rhdijda.txt не найден во втором архиве
2025-04-14 23:36:04,894 - Ошибка в файле path/10j0h5eb.txt: Файл recursive_challenge\qxjzaes2\24lkeyh6\87pgggz7\tgml8zq2\qinxzrcm.txt не найден во втором архиве
2025-04-14 23:36:04,905 - Ошибка в файле path/2fszf2dv.txt: Файл recursive_challenge\qxjzaes2\plr4e33g\hjsrdtoz\meggcmay\07l1qnka\zfcu3a3i\oocxnfoc.txt не найден во втором архиве
2025-04-14 23:36:04,918 - Ошибка в файле path/5u396itc.txt: Файл recursive_challenge\qxjzaes2\24lkeyh6\87pgggz7\lvv4zock\0ocmmcvu\92wsjwmt.txt не найден во втором архиве
2025-04-14 23:36:05,944 - Ошибка в файле path/02v2hra5.txt: Файл recursive_challenge\qxjzaes2\plr4e33g\hjsrdtoz\meggcmay\g5qb5r57\leay6qey\g1ovwcnf.txt не найден во втором архиве
2025-04-14 23:36:05,972 - Ошибка в файле path/8l22zini.txt: Файл recursive_challenge\qxjzaes2\plr4e33g\jdxi8nzo\mgcrjamj.txt не найден во втором архиве
2025-04-14 23:36:05,996 - Ошибка в файле path/3ugxf1ly.txt: Файл recursive_challenge\qxjzaes2\24lkeyh6\87pgggz7\lvv4zock\jjidtgn6\oli4wj2f.txt не найден во втором архиве
2025-04-14 23:36:06,038 - Ошибка в файле path/4vhct0ig.txt: Файл recursive_challenge\qxjzaes2\plr4e33g\jdxi8nzo\4s0p161u.txt не найден во втором архиве
2025-04-14 23:36:06,078 - Ошибка в файле path/7jx7hjk7.txt: Файл recursive_challenge\qxjzaes2\plr4e33g\hjsrdtoz\meggcmay\hgjfyvnm\11per8fa\v9ifetwl.txt не найден во втором архиве
2025-04-14 23:36:06,101 - Ошибка в файле path/10kz1vut.txt: Файл recursive_challenge\qxjzaes2\24lkeyh6\87pgggz7\tgml8zq2\tmb9as05\ag3gn973\ogznu36w.txt не найден во втором архиве
2025-04-14 23:36:06,109 - Ошибка в файле path/2fzqzfbn.txt: Файл recursive_challenge\qxjzaes2\24lkeyh6\87pgggz7\lvv4zock\jjidtgn6\qvm20bx3.txt не найден во втором архиве
2025-04-14 23:36:06,127 - Ошибка в файле path/5v9zxp4s.txt: Файл recursive_challenge\qxjzaes2\plr4e33g\hjsrdtoz\e9td5mfq\kd47aye4\tmao6h8f\5gd0ol68.txt не найден во втором архиве
2025-04-14 23:36:06,851 - Ошибка в файле path/03tmdpm5.txt: Файл recursive_challenge\qxjzaes2\plr4e33g\hjsrdtoz\e9td5mfq\kd47aye4\u8c7w556\q8lp2o8o.txt не найден во втором архиве
2025-04-14 23:36:06,880 - Ошибка в файле path/8lxig7jl.txt: Файл recursive_challenge\qxjzaes2\24lkeyh6\gwzv6zt9\dom3olfi\c787qynu\09er02c4\4xd37tzv.txt не найден во втором архиве
2025-04-14 23:36:06,895 - Ошибка в файле path/3v4ojb8k.txt: Файл recursive_challenge\qxjzaes2\24lkeyh6\87pgggz7\lvv4zock\300enzqk\vb2iv90h.txt не найден во втором архиве
2025-04-14 23:36:06,968 - Ошибка в файле path/4vq02s10.txt: Файл recursive_challenge\qxjzaes2\24lkeyh6\l8k5q6fs\geajve4d\pzpvo72t\ffllz7t1\sjo9ndp9.txt не найден во втором архиве
2025-04-14 23:36:07,014 - Ошибка в файле path/7jy0yus5.txt: Файл recursive_challenge\qxjzaes2\24lkeyh6\gwzv6zt9\dom3olfi\c787qynu\09er02c4\7kf1a9kq.txt не найден во втором архиве
2025-04-14 23:36:07,019 - Ошибка в файле path/2ic5ffzs.txt: Файл recursive_challenge\qxjzaes2\24lkeyh6\gwzv6zt9\l9oo8gy9\o3uwpb77\ac9yhrd2\40647i7v.txt не найден во втором архиве
2025-04-14 23:36:07,063 - Ошибка в файле path/12l50tza.txt: Файл recursive_challenge\qxjzaes2\plr4e33g\hjsrdtoz\e9td5mfq\kd47aye4\ofz9e66m\k0hlv9gn.txt не найден во втором архиве
2025-04-14 23:36:07,071 - Ошибка в файле path/5xbto3km.txt: Файл recursive_challenge\qxjzaes2\24lkeyh6\l8k5q6fs\vjyr8709\11ahet30\5di82xx5\92i1lpbs.txt не найден во втором архиве
2025-04-14 23:36:07,775 - Ошибка в файле path/8p1c32pp.txt: Файл recursive_challenge\qxjzaes2\plr4e33g\hjsrdtoz\meggcmay\o8pqful3\atcuutas.txt не найден во втором архиве
2025-04-14 23:36:07,777 - Ошибка в файле path/041mcr6s.txt: Файл recursive_challenge\qxjzaes2\24lkeyh6\l8k5q6fs\geajve4d\pzpvo72t\ba6th1pq.txt не найден во втором архиве
2025-04-14 23:36:07,796 - Ошибка в файле path/3w1axpbi.txt: Файл recursive_challenge\qxjzaes2\24lkeyh6\l8k5q6fs\vjyr8709\99575oup\idkc4gqo\gb90t7w1.txt не найден во втором архиве
2025-04-14 23:36:07,867 - Ошибка в файле path/4x0hgrac.txt: Файл recursive_challenge\qxjzaes2\24lkeyh6\l8k5q6fs\2ds7mvnr\oq46gosp\26vrt9b5\v1nehdtd.txt не найден во втором архиве
2025-04-14 23:36:07,917 - Ошибка в файле path/7l8liz7k.txt: Файл recursive_challenge\qxjzaes2\24lkeyh6\87pgggz7\sqic6n8z\i6ifx3bf\lbc8lcwm\wdw8ybzf.txt не найден во втором архиве
2025-04-14 23:36:07,918 - Ошибка в файле path/2j9yuibw.txt: Файл recursive_challenge\qxjzaes2\24lkeyh6\l8k5q6fs\2ds7mvnr\2jf743w3\9sj8xseg\6ucd0yqc.txt не найден во втором архиве
2025-04-14 23:36:07,967 - Ошибка в файле path/17s7y5yy.txt: Файл recursive_challenge\qxjzaes2\24lkeyh6\gwzv6zt9\l9oo8gy9\o3uwpb77\h7013gh5.txt не найден во втором архиве
2025-04-14 23:36:07,987 - Ошибка в файле path/5xzh3gtu.txt: Файл recursive_challenge\qxjzaes2\plr4e33g\hjsrdtoz\meggcmay\5u5561c0\x4igp738\f473aggw.txt не найден во втором архиве
2025-04-14 23:36:08,693 - Ошибка в файле path/8s3by82y.txt: Файл recursive_challenge\qxjzaes2\plr4e33g\hjsrdtoz\meggcmay\0sl0lsp9\r2rsgguu.txt не найден во втором архиве
2025-04-14 23:36:08,721 - Ошибка в файле path/04tzc325.txt: Файл recursive_challenge\qxjzaes2\plr4e33g\hjsrdtoz\e9td5mfq\dhpr5fba\561rlpoz\gvsr6q1c.txt не найден во втором архиве
2025-04-14 23:36:08,723 - Ошибка в файле path/3y2jxqcs.txt: Файл recursive_challenge\qxjzaes2\24lkeyh6\l8k5q6fs\vjyr8709\xut7l6x0\5lkdmrmb\ysfa6olf.txt не найден во втором архиве
2025-04-14 23:36:08,804 - Ошибка в файле path/4xhevomj.txt: Файл recursive_challenge\qxjzaes2\24lkeyh6\gwzv6zt9\7ejvvmaw.txt не найден во втором архиве
2025-04-14 23:36:08,850 - Ошибка в файле path/2ktnzitp.txt: Файл recursive_challenge\qxjzaes2\24lkeyh6\87pgggz7\lvv4zock\300enzqk\5rlegj1r.txt не найден во втором архиве
2025-04-14 23:36:08,857 - Ошибка в файле path/7m7txsi9.txt: Файл recursive_challenge\qxjzaes2\24lkeyh6\gwzv6zt9\l9oo8gy9\o3uwpb77\zh13b46k.txt не найден во втором архиве
2025-04-14 23:36:08,903 - Ошибка в файле path/186sef9k.txt: Файл recursive_challenge\qxjzaes2\plr4e33g\hjsrdtoz\e9td5mfq\dhpr5fba\4yv4h9n6\5ansq1dk.txt не найден во втором архиве
2025-04-14 23:36:08,909 - Ошибка в файле path/6294lwq4.txt: Файл recursive_challenge\qxjzaes2\24lkeyh6\l8k5q6fs\vjyr8709\305jkkip\uds8qihw\sxlhmh1m.txt не найден во втором архиве
2025-04-14 23:36:09,638 - Ошибка в файле path/8swx3qh2.txt: Файл recursive_challenge\qxjzaes2\24lkeyh6\87pgggz7\tgml8zq2\198b4wrh.txt не найден во втором архиве
2025-04-14 23:36:09,665 - Ошибка в файле path/3yzjjp5o.txt: Файл recursive_challenge\qxjzaes2\24lkeyh6\87pgggz7\sqic6n8z\i6ifx3bf\r5pjbrff\64vkmo3d.txt не найден во втором архиве
2025-04-14 23:36:09,667 - Ошибка в файле path/04ywsrdc.txt: Файл recursive_challenge\qxjzaes2\plr4e33g\hjsrdtoz\meggcmay\5u5561c0\wkf59xlg.txt не найден во втором архиве
2025-04-14 23:36:09,748 - Ошибка в файле path/4y0xqhpa.txt: Файл recursive_challenge\qxjzaes2\plr4e33g\hjsrdtoz\e9td5mfq\4q33a5qn\ebpp9p7c.txt не найден во втором архиве
2025-04-14 23:36:09,796 - Ошибка в файле path/7m7y9lmf.txt: Файл recursive_challenge\qxjzaes2\24lkeyh6\gwzv6zt9\dom3olfi\n3d27s3i\w9iwd0l1.txt не найден во втором архиве
2025-04-14 23:36:09,799 - Ошибка в файле path/2lofetpr.txt: Файл recursive_challenge\qxjzaes2\24lkeyh6\87pgggz7\tgml8zq2\tmb9as05\73shruuo\v4vy74z5.txt не найден во втором архиве
2025-04-14 23:36:09,847 - Ошибка в файле path/1aqht87f.txt: Файл recursive_challenge\qxjzaes2\24lkeyh6\87pgggz7\sqic6n8z\i6ifx3bf\mte0uqps\djxyfme0.txt не найден во втором архиве
2025-04-14 23:36:09,860 - Ошибка в файле path/66q1mfw2.txt: Файл recursive_challenge\qxjzaes2\24lkeyh6\87pgggz7\tgml8zq2\tmb9as05\73shruuo\7zhjknn5.txt не найден во втором архиве
2025-04-14 23:36:10,625 - Ошибка в файле path/8vcrryur.txt: Файл recursive_challenge\qxjzaes2\24lkeyh6\l8k5q6fs\geajve4d\pzpvo72t\1se4ivlv.txt не найден во втором архиве
2025-04-14 23:36:10,648 - Ошибка в файле path/064pxp08.txt: Файл recursive_challenge\qxjzaes2\plr4e33g\hjsrdtoz\e9td5mfq\kd47aye4\ofz9e66m\zcihobjm.txt не найден во втором архиве
2025-04-14 23:36:10,664 - Ошибка в файле path/4013mpz6.txt: Файл recursive_challenge\qxjzaes2\24lkeyh6\l8k5q6fs\vjyr8709\llc8lc44\76ffr7bh\lztokqik.txt не найден во втором архиве
2025-04-14 23:36:10,716 - Ошибка в файле path/4ys4m6cp.txt: Файл recursive_challenge\qxjzaes2\24lkeyh6\gwzv6zt9\dom3olfi\c787qynu\09er02c4\tuzsv38d.txt не найден во втором архиве
2025-04-14 23:36:10,786 - Ошибка в файле path/7mfghvtg.txt: Файл recursive_challenge\qxjzaes2\24lkeyh6\l8k5q6fs\geajve4d\pzpvo72t\wso8d8lv\9kuierhg.txt не найден во втором архиве
2025-04-14 23:36:10,792 - Ошибка в файле path/2lvlxyq4.txt: Файл recursive_challenge\qxjzaes2\plr4e33g\jdxi8nzo\m06ur6e4\y5zvcy1n.txt не найден во втором архиве
2025-04-14 23:36:10,841 - Ошибка в файле path/1d850flx.txt: Файл recursive_challenge\qxjzaes2\24lkeyh6\l8k5q6fs\2ds7mvnr\2jf743w3\pyb7rxbb\ujla692w.txt не найден во втором архиве
2025-04-14 23:36:10,845 - Ошибка в файле path/67h4xzvg.txt: Файл recursive_challenge\qxjzaes2\24lkeyh6\l8k5q6fs\vjyr8709\llc8lc44\uk2dpoe8.txt не найден во втором архиве
2025-04-14 23:36:11,580 - Ошибка в файле path/8vo44cue.txt: Файл recursive_challenge\qxjzaes2\24lkeyh6\87pgggz7\tgml8zq2\tmb9as05\zsz2edj9\wwc9pr9e.txt не найден во втором архиве
2025-04-14 23:36:11,591 - Ошибка в файле path/08px9wee.txt: Файл recursive_challenge\qxjzaes2\24lkeyh6\gwzv6zt9\l9oo8gy9\iqbacf9p.txt не найден во втором архиве
2025-04-14 23:36:11,606 - Ошибка в файле path/43hkr0um.txt: Файл recursive_challenge\qxjzaes2\24lkeyh6\l8k5q6fs\2ds7mvnr\2jf743w3\2gyyzaul.txt не найден во втором архиве
2025-04-14 23:36:11,665 - Ошибка в файле path/4z18krh7.txt: Файл recursive_challenge\qxjzaes2\plr4e33g\hjsrdtoz\meggcmay\07l1qnka\x9nfed9q.txt не найден во втором архиве
2025-04-14 23:36:11,728 - Ошибка в файле path/7o16f7kb.txt: Файл recursive_challenge\qxjzaes2\24lkeyh6\87pgggz7\sqic6n8z\i6ifx3bf\f6wzbfoe\gp5womsw.txt не найден во втором архиве
2025-04-14 23:36:11,743 - Ошибка в файле path/2nhb914l.txt: Файл recursive_challenge\qxjzaes2\24lkeyh6\87pgggz7\sqic6n8z\bueat201\zfz33ucp\bsz74ea1.txt не найден во втором архиве
2025-04-14 23:36:11,787 - Ошибка в файле path/1deqvq40.txt: Файл recursive_challenge\qxjzaes2\24lkeyh6\87pgggz7\sqic6n8z\bueat201\tvk0ce30\uxpxkoin.txt не найден во втором архиве
2025-04-14 23:36:11,797 - Ошибка в файле path/67txeeo5.txt: Файл recursive_challenge\qxjzaes2\24lkeyh6\l8k5q6fs\vjyr8709\pxt1wv6o\l6ux5fy6\z8klqhbg.txt не найден во втором архиве
2025-04-14 23:36:12,535 - Ошибка в файле path/8wd1pqby.txt: Файл recursive_challenge\qxjzaes2\plr4e33g\hjsrdtoz\meggcmay\hgjfyvnm\11per8fa\w0uhyev0.txt не найден во втором архиве
2025-04-14 23:36:12,563 - Ошибка в файле path/0a6kcbll.txt: Файл recursive_challenge\qxjzaes2\24lkeyh6\87pgggz7\tgml8zq2\tmb9as05\ag3gn973\bceda7jl.txt не найден во втором архиве
2025-04-14 23:36:12,579 - Ошибка в файле path/43ygb71n.txt: Файл recursive_challenge\qxjzaes2\24lkeyh6\l8k5q6fs\vjyr8709\305jkkip\9ps238md\x9brmxpm.txt не найден во втором архиве
2025-04-14 23:36:12,631 - Ошибка в файле path/4zb0uwq2.txt: Файл recursive_challenge\qxjzaes2\plr4e33g\hjsrdtoz\meggcmay\hgjfyvnm\kgyw9a22.txt не найден во втором архиве
2025-04-14 23:36:12,686 - Ошибка в файле path/7o97lydn.txt: Файл recursive_challenge\qxjzaes2\plr4e33g\hjsrdtoz\26eyugml.txt не найден во втором архиве
2025-04-14 23:36:12,707 - Ошибка в файле path/2pgrn4o2.txt: Файл recursive_challenge\qxjzaes2\24lkeyh6\87pgggz7\sqic6n8z\i6ifx3bf\mte0uqps\ccb1iqae.txt не найден во втором архиве
2025-04-14 23:36:12,745 - Ошибка в файле path/1dfhclsc.txt: Файл recursive_challenge\qxjzaes2\plr4e33g\hjsrdtoz\meggcmay\hgjfyvnm\zb6eb6pi\0ufee0ar.txt не найден во втором архиве
2025-04-14 23:36:12,764 - Ошибка в файле path/68f9m07b.txt: Файл recursive_challenge\qxjzaes2\24lkeyh6\87pgggz7\lvv4zock\0ocmmcvu\1cqfpksa.txt не найден во втором архиве
2025-04-14 23:36:13,531 - Ошибка в файле path/8wkti0ap.txt: Файл recursive_challenge\qxjzaes2\24lkeyh6\l8k5q6fs\vjyr8709\305jkkip\pep9dfhj\lod696ii.txt не найден во втором архиве
2025-04-14 23:36:13,543 - Ошибка в файле path/0a7gd172.txt: Файл recursive_challenge\qxjzaes2\plr4e33g\hjsrdtoz\meggcmay\0sl0lsp9\tac9i2so\04cxobjm.txt не найден во втором архиве
2025-04-14 23:36:13,597 - Ошибка в файле path/5051hmxi.txt: Файл recursive_challenge\qxjzaes2\24lkeyh6\87pgggz7\tgml8zq2\tmb9as05\f3apwtnp\olt3v9al.txt не найден во втором архиве
2025-04-14 23:36:13,619 - Ошибка в файле path/440ps3za.txt: Файл recursive_challenge\qxjzaes2\24lkeyh6\87pgggz7\lvv4zock\9welz67w\ofpj06r7\yjexes6q.txt не найден во втором архиве
2025-04-14 23:36:13,657 - Ошибка в файле path/7sm5wwb9.txt: Файл recursive_challenge\qxjzaes2\24lkeyh6\l8k5q6fs\vjyr8709\99575oup\idkc4gqo\ypzmavy5.txt не найден во втором архиве
2025-04-14 23:36:13,759 - Ошибка в файле path/2r0kpc5s.txt: Файл recursive_challenge\qxjzaes2\24lkeyh6\87pgggz7\tgml8zq2\tmb9as05\73shruuo\0rk6tm04.txt не найден во втором архиве
2025-04-14 23:36:13,803 - Ошибка в файле path/1dk4yh1c.txt: Файл recursive_challenge\qxjzaes2\plr4e33g\hjsrdtoz\meggcmay\5u5561c0\9u4wix3n\k7rw3w2j.txt не найден во втором архиве
2025-04-14 23:36:13,834 - Ошибка в файле path/6bya4d33.txt: Файл recursive_challenge\qxjzaes2\24lkeyh6\gwzv6zt9\dom3olfi\60kknxn7\9hwvtqw4\6coqqsvc.txt не найден во втором архиве
2025-04-14 23:36:14,536 - Ошибка в файле path/8ysoj0ox.txt: Файл recursive_challenge\qxjzaes2\plr4e33g\jdxi8nzo\m06ur6e4\x68byxlt\qaio6snk\g0qb215e.txt не найден во втором архиве
2025-04-14 23:36:14,544 - Ошибка в файле path/0aq3prf7.txt: Файл recursive_challenge\qxjzaes2\24lkeyh6\l8k5q6fs\vjyr8709\11ahet30\2801fifi\n1qx8hfu.txt не найден во втором архиве
2025-04-14 23:36:14,599 - Ошибка в файле path/531x97ty.txt: Файл recursive_challenge\qxjzaes2\24lkeyh6\87pgggz7\lvv4zock\300enzqk\373a8asn\xxplwamy.txt не найден во втором архиве
2025-04-14 23:36:14,625 - Ошибка в файле path/46r7vk8l.txt: Файл recursive_challenge\qxjzaes2\plr4e33g\hjsrdtoz\e9td5mfq\xk9zyis4\mvi74o75\2c5gz1bs.txt не найден во втором архиве
2025-04-14 23:36:14,658 - Ошибка в файле path/7z9yi4uz.txt: Файл recursive_challenge\qxjzaes2\24lkeyh6\l8k5q6fs\geajve4d\pzpvo72t\h582z6wh\yfqa3e3u.txt не найден во втором архиве
2025-04-14 23:36:14,780 - Ошибка в файле path/2rkkp8yt.txt: Файл recursive_challenge\qxjzaes2\plr4e33g\hjsrdtoz\e9td5mfq\dhpr5fba\pswp8g15.txt не найден во втором архиве
2025-04-14 23:36:14,803 - Ошибка в файле path/1f9u7zob.txt: Файл recursive_challenge\qxjzaes2\plr4e33g\hjsrdtoz\e9td5mfq\kd47aye4\u8c7w556\fymkbehn.txt не найден во втором архиве
2025-04-14 23:36:14,835 - Ошибка в файле path/6dg8vk82.txt: Файл recursive_challenge\qxjzaes2\24lkeyh6\l8k5q6fs\2ds7mvnr\2jf743w3\iqqqb4gt\mwsqy9lk.txt не найден во втором архиве
2025-04-14 23:36:15,499 - Ошибка в файле path/8z908e5i.txt: Файл recursive_challenge\qxjzaes2\24lkeyh6\l8k5q6fs\vjyr8709\wvsen4t2.txt не найден во втором архиве
2025-04-14 23:36:15,525 - Ошибка в файле path/0c4wadz9.txt: Файл recursive_challenge\qxjzaes2\24lkeyh6\l8k5q6fs\vjyr8709\99575oup\o2beeyua.txt не найден во втором архиве
2025-04-14 23:36:15,577 - Ошибка в файле path/47509g9y.txt: Файл recursive_challenge\qxjzaes2\plr4e33g\hjsrdtoz\meggcmay\07l1qnka\zfcu3a3i\ey14f1gc.txt не найден во втором архиве
2025-04-14 23:36:15,581 - Ошибка в файле path/537aqirm.txt: Файл recursive_challenge\qxjzaes2\24lkeyh6\l8k5q6fs\2ds7mvnr\2jf743w3\iqqqb4gt\62kz9sxu.txt не найден во втором архиве
2025-04-14 23:36:15,630 - Ошибка в файле path/7zk5n8ep.txt: Файл recursive_challenge\qxjzaes2\24lkeyh6\87pgggz7\tgml8zq2\tmb9as05\x82k3ao8\ehcrafk2.txt не найден во втором архиве
2025-04-14 23:36:15,760 - Ошибка в файле path/2rpo45g4.txt: Файл recursive_challenge\qxjzaes2\24lkeyh6\l8k5q6fs\2ds7mvnr\oq46gosp\39ektq4u\vutpaknb.txt не найден во втором архиве
2025-04-14 23:36:15,792 - Ошибка в файле path/1l3lan7d.txt: Файл recursive_challenge\qxjzaes2\plr4e33g\jdxi8nzo\rjk9tg98.txt не найден во втором архиве
2025-04-14 23:36:15,828 - Ошибка в файле path/6h9ggvo5.txt: Файл recursive_challenge\qxjzaes2\24lkeyh6\l8k5q6fs\2ds7mvnr\oq46gosp\hjw10xiz\yvkjvnke.txt не найден во втором архиве
2025-04-14 23:36:16,480 - Ошибка в файле path/90nzfcge.txt: Файл recursive_challenge\qxjzaes2\24lkeyh6\l8k5q6fs\2ds7mvnr\oq46gosp\ao48tf52\yvwsk5si.txt не найден во втором архиве
2025-04-14 23:36:16,507 - Ошибка в файле path/0cbbgkoh.txt: Файл recursive_challenge\qxjzaes2\plr4e33g\hjsrdtoz\meggcmay\hgjfyvnm\11per8fa\gl36cqjx.txt не найден во втором архиве
2025-04-14 23:36:16,556 - Ошибка в файле path/4753idvw.txt: Файл recursive_challenge\qxjzaes2\24lkeyh6\l8k5q6fs\vjyr8709\llc8lc44\6vxwreno\iixgcam1.txt не найден во втором архиве
2025-04-14 23:36:16,577 - Ошибка в файле path/54bc1af3.txt: Файл recursive_challenge\qxjzaes2\24lkeyh6\l8k5q6fs\vjyr8709\1nrbxwyi\c6b7n22l\il7m2ja4.txt не найден во втором архиве
2025-04-14 23:36:16,628 - Ошибка в файле path/817gq5st.txt: Файл recursive_challenge\qxjzaes2\24lkeyh6\l8k5q6fs\2ds7mvnr\oq46gosp\hjw10xiz\vghrtq0q.txt не найден во втором архиве
2025-04-14 23:36:16,752 - Ошибка в файле path/2t0qd5e8.txt: Файл recursive_challenge\qxjzaes2\24lkeyh6\l8k5q6fs\2ds7mvnr\2jf743w3\9sj8xseg\z22l4qk4.txt не найден во втором архиве
2025-04-14 23:36:16,785 - Ошибка в файле path/1ltknvva.txt: Файл recursive_challenge\qxjzaes2\24lkeyh6\87pgggz7\tgml8zq2\tmb9as05\73shruuo\ga55yas6.txt не найден во втором архиве
2025-04-14 23:36:16,824 - Ошибка в файле path/6hs2rinl.txt: Файл recursive_challenge\qxjzaes2\24lkeyh6\l8k5q6fs\2ds7mvnr\2jf743w3\ph6tmhka\ciejz1vt.txt не найден во втором архиве
2025-04-14 23:36:17,501 - Ошибка в файле path/9113eec2.txt: Файл recursive_challenge\qxjzaes2\plr4e33g\hjsrdtoz\meggcmay\0sl0lsp9\z0sbx0t4.txt не найден во втором архиве
2025-04-14 23:36:17,524 - Ошибка в файле path/0edt16z7.txt: Файл recursive_challenge\qxjzaes2\24lkeyh6\l8k5q6fs\vjyr8709\11ahet30\fh61gt04.txt не найден во втором архиве
2025-04-14 23:36:17,564 - Ошибка в файле path/4904s6ae.txt: Файл recursive_challenge\qxjzaes2\24lkeyh6\l8k5q6fs\vjyr8709\99575oup\idkc4gqo\x5gmsdoh.txt не найден во втором архиве
2025-04-14 23:36:17,590 - Ошибка в файле path/54qejewr.txt: Файл recursive_challenge\qxjzaes2\24lkeyh6\l8k5q6fs\vjyr8709\305jkkip\bc4z0bxz\50lql9ro.txt не найден во втором архиве
2025-04-14 23:36:17,635 - Ошибка в файле path/81wf0ic6.txt: Файл recursive_challenge\qxjzaes2\plr4e33g\hjsrdtoz\meggcmay\hgjfyvnm\zb6eb6pi\s75lfnos.txt не найден во втором архиве
2025-04-14 23:36:17,778 - Ошибка в файле path/2yb5zlim.txt: Файл recursive_challenge\qxjzaes2\24lkeyh6\l8k5q6fs\vjyr8709\xut7l6x0\5lkdmrmb\35jng5p2.txt не найден во втором архиве
2025-04-14 23:36:17,814 - Ошибка в файле path/1qrkq7pj.txt: Файл recursive_challenge\qxjzaes2\24lkeyh6\l8k5q6fs\vjyr8709\305jkkip\bc4z0bxz\a7ridrcz.txt не найден во втором архиве
2025-04-14 23:36:17,844 - Ошибка в файле path/6i2n9b5a.txt: Файл recursive_challenge\qxjzaes2\24lkeyh6\87pgggz7\tgml8zq2\tmb9as05\73shruuo\m4m9aafj.txt не найден во втором архиве
2025-04-14 23:36:18,513 - Ошибка в файле path/9196jmqg.txt: Файл recursive_challenge\qxjzaes2\plr4e33g\hjsrdtoz\e9td5mfq\kd47aye4\ofz9e66m\1tip99ib.txt не найден во втором архиве
2025-04-14 23:36:18,543 - Ошибка в файле path/0few3xfj.txt: Файл recursive_challenge\qxjzaes2\24lkeyh6\87pgggz7\tgml8zq2\tmb9as05\ag3gn973\h9g874ts.txt не найден во втором архиве
2025-04-14 23:36:18,566 - Ошибка в файле path/4ando58q.txt: Файл recursive_challenge\qxjzaes2\plr4e33g\hjsrdtoz\meggcmay\hgjfyvnm\v8ierp5g\l555lpc5.txt не найден во втором архиве
2025-04-14 23:36:18,604 - Ошибка в файле path/55hmxs8y.txt: Файл recursive_challenge\qxjzaes2\24lkeyh6\l8k5q6fs\vjyr8709\11ahet30\yqqfwiet\zk5l6nba.txt не найден во втором архиве
2025-04-14 23:36:18,631 - Ошибка в файле path/81woiz0w.txt: Файл recursive_challenge\qxjzaes2\plr4e33g\hjsrdtoz\meggcmay\hgjfyvnm\zb6eb6pi\9wn0bicb.txt не найден во втором архиве
2025-04-14 23:36:18,796 - Ошибка в файле path/302x3ogg.txt: Файл recursive_challenge\qxjzaes2\24lkeyh6\87pgggz7\lvv4zock\jjidtgn6\x03pkmu2.txt не найден во втором архиве
2025-04-14 23:36:18,832 - Ошибка в файле path/1tv47aqt.txt: Файл recursive_challenge\qxjzaes2\24lkeyh6\87pgggz7\sqic6n8z\bueat201\908pt7ks\fgl6g93z.txt не найден во втором архиве
2025-04-14 23:36:18,870 - Ошибка в файле path/6kpwh9v3.txt: Файл recursive_challenge\qxjzaes2\plr4e33g\hjsrdtoz\meggcmay\0sl0lsp9\tac9i2so\kcgycusb.txt не найден во втором архиве
2025-04-14 23:36:19,540 - Ошибка в файле path/94jpb2y8.txt: Файл recursive_challenge\qxjzaes2\plr4e33g\jdxi8nzo\m06ur6e4\9wkhg95s.txt не найден во втором архиве
2025-04-14 23:36:19,566 - Ошибка в файле path/4c4922fk.txt: Файл recursive_challenge\qxjzaes2\plr4e33g\hjsrdtoz\e9td5mfq\dhpr5fba\561rlpoz\syyxes2m.txt не найден во втором архиве
2025-04-14 23:36:19,575 - Ошибка в файле path/0hgfmat3.txt: Файл recursive_challenge\qxjzaes2\plr4e33g\hjsrdtoz\e9td5mfq\kd47aye4\hp3qg564\x3tjuvac.txt не найден во втором архиве
2025-04-14 23:36:19,597 - Ошибка в файле path/55x0dhjw.txt: Файл recursive_challenge\qxjzaes2\24lkeyh6\87pgggz7\lvv4zock\jjidtgn6\1m5hlxpv\wavcm8rv.txt не найден во втором архиве
2025-04-14 23:36:19,643 - Ошибка в файле path/82ak7ubs.txt: Файл recursive_challenge\qxjzaes2\24lkeyh6\87pgggz7\lvv4zock\zoc6meh4\w5eg9l5h\4ug0aqm2.txt не найден во втором архиве
2025-04-14 23:36:19,807 - Ошибка в файле path/32k456ll.txt: Файл recursive_challenge\qxjzaes2\24lkeyh6\l8k5q6fs\geajve4d\pzpvo72t\cqumx4y1\xxlira6h.txt не найден во втором архиве
2025-04-14 23:36:19,836 - Ошибка в файле path/1wia7ry4.txt: Файл recursive_challenge\qxjzaes2\24lkeyh6\87pgggz7\lvv4zock\nx29bsl2.txt не найден во втором архиве
2025-04-14 23:36:19,885 - Ошибка в файле path/6no2p2un.txt: Файл recursive_challenge\qxjzaes2\24lkeyh6\l8k5q6fs\vjyr8709\99575oup\idkc4gqo\ju8i9vh0.txt не найден во втором архиве
2025-04-14 23:36:20,572 - Ошибка в файле path/4cbjm7ks.txt: Файл recursive_challenge\qxjzaes2\24lkeyh6\l8k5q6fs\vjyr8709\305jkkip\pep9dfhj\mr9673jq.txt не найден во втором архиве
2025-04-14 23:36:20,576 - Ошибка в файле path/94usegl8.txt: Файл recursive_challenge\qxjzaes2\24lkeyh6\l8k5q6fs\geajve4d\pzpvo72t\wso8d8lv\aoy6261g.txt не найден во втором архиве
2025-04-14 23:36:20,604 - Ошибка в файле path/0je2jgz6.txt: Файл recursive_challenge\qxjzaes2\24lkeyh6\l8k5q6fs\vjyr8709\xut7l6x0\zk7k0wxh.txt не найден во втором архиве
2025-04-14 23:36:20,632 - Ошибка в файле path/58ve81e0.txt: Файл recursive_challenge\qxjzaes2\plr4e33g\hjsrdtoz\meggcmay\5u5561c0\nribkhyy\ousijgrk.txt не найден во втором архиве
2025-04-14 23:36:20,655 - Ошибка в файле path/82nz23ep.txt: Файл recursive_challenge\qxjzaes2\24lkeyh6\l8k5q6fs\023dsflt\mbupl9sp\yuqnrm1s.txt не найден во втором архиве
2025-04-14 23:36:20,843 - Ошибка в файле path/33958e5u.txt: Файл recursive_challenge\qxjzaes2\24lkeyh6\87pgggz7\sqic6n8z\i6ifx3bf\r5pjbrff\7snf0lvn.txt не найден во втором архиве
2025-04-14 23:36:20,865 - Ошибка в файле path/1wlc6l4m.txt: Файл recursive_challenge\qxjzaes2\plr4e33g\hjsrdtoz\meggcmay\5u5561c0\q4cd16rj.txt не найден во втором архиве
2025-04-14 23:36:20,931 - Ошибка в файле path/6nspkewx.txt: Файл recursive_challenge\qxjzaes2\24lkeyh6\gwzv6zt9\dom3olfi\c787qynu\09er02c4\a9rb12zy.txt не найден во втором архиве
2025-04-14 23:36:21,602 - Ошибка в файле path/4es8yyy2.txt: Файл recursive_challenge\qxjzaes2\plr4e33g\hjsrdtoz\e9td5mfq\xk9zyis4\mvi74o75\x1kqcaf1.txt не найден во втором архиве
2025-04-14 23:36:21,619 - Ошибка в файле path/951dwsad.txt: Файл recursive_challenge\qxjzaes2\24lkeyh6\l8k5q6fs\2ds7mvnr\oq46gosp\ao48tf52\9ruqaq39.txt не найден во втором архиве
2025-04-14 23:36:21,678 - Ошибка в файле path/83paz4yf.txt: Файл recursive_challenge\qxjzaes2\plr4e33g\hjsrdtoz\meggcmay\07l1qnka\fho4ivtr.txt не найден во втором архиве
2025-04-14 23:36:21,683 - Ошибка в файле path/0l5hggap.txt: Файл recursive_challenge\qxjzaes2\plr4e33g\hjsrdtoz\meggcmay\g5qb5r57\leay6qey\5fh30llt.txt не найден во втором архиве
2025-04-14 23:36:21,687 - Ошибка в файле path/59z01icu.txt: Файл recursive_challenge\qxjzaes2\plr4e33g\jdxi8nzo\m06ur6e4\x68byxlt\4s6mtasp\yhjn2hio.txt не найден во втором архиве
2025-04-14 23:36:21,889 - Ошибка в файле path/34jwsbdu.txt: Файл recursive_challenge\qxjzaes2\24lkeyh6\87pgggz7\sqic6n8z\i6ifx3bf\1k183lsi.txt не найден во втором архиве
2025-04-14 23:36:21,903 - Ошибка в файле path/1wsx1fvf.txt: Файл recursive_challenge\qxjzaes2\24lkeyh6\l8k5q6fs\2ds7mvnr\g6hrv6k5.txt не найден во втором архиве
2025-04-14 23:36:21,966 - Ошибка в файле path/6s2i3leh.txt: Файл recursive_challenge\qxjzaes2\plr4e33g\jdxi8nzo\m06ur6e4\x68byxlt\4y9wbhth\qwiogm41.txt не найден во втором архиве
2025-04-14 23:36:22,600 - Ошибка в файле path/4getqa8e.txt: Файл recursive_challenge\qxjzaes2\24lkeyh6\87pgggz7\lvv4zock\jjidtgn6\8hkjahr7.txt не найден во втором архиве
2025-04-14 23:36:22,638 - Ошибка в файле path/97gfjfcq.txt: Файл recursive_challenge\qxjzaes2\24lkeyh6\l8k5q6fs\2ds7mvnr\2jf743w3\6q90l7wu.txt не найден во втором архиве
2025-04-14 23:36:22,689 - Ошибка в файле path/844gzbi5.txt: Файл recursive_challenge\qxjzaes2\24lkeyh6\gwzv6zt9\dom3olfi\c787qynu\09er02c4\muo9zfca.txt не найден во втором архиве
2025-04-14 23:36:22,710 - Ошибка в файле path/0ldwcatc.txt: Файл recursive_challenge\qxjzaes2\24lkeyh6\l8k5q6fs\vjyr8709\pxt1wv6o\l6ux5fy6\m7dicrdf.txt не найден во втором архиве
2025-04-14 23:36:22,736 - Ошибка в файле path/5ccf1cs6.txt: Файл recursive_challenge\qxjzaes2\plr4e33g\hjsrdtoz\hia1cae3.txt не найден во втором архиве
2025-04-14 23:36:22,902 - Ошибка в файле path/1x27j2xo.txt: Файл recursive_challenge\qxjzaes2\plr4e33g\hjsrdtoz\e9td5mfq\kd47aye4\1roi36s4\b9f8ckqa.txt не найден во втором архиве
2025-04-14 23:36:22,919 - Ошибка в файле path/36cov71d.txt: Файл recursive_challenge\qxjzaes2\plr4e33g\hjsrdtoz\meggcmay\0sl0lsp9\88lzkjon.txt не найден во втором архиве
2025-04-14 23:36:22,994 - Ошибка в файле path/6sue0b3q.txt: Файл recursive_challenge\qxjzaes2\24lkeyh6\87pgggz7\tgml8zq2\tmb9as05\g7s98yv5\ry8v15b4.txt не найден во втором архиве
2025-04-14 23:36:23,617 - Ошибка в файле path/4ism2vna.txt: Файл recursive_challenge\qxjzaes2\24lkeyh6\87pgggz7\sqic6n8z\i6ifx3bf\r5pjbrff\14tjt6vt.txt не найден во втором архиве
2025-04-14 23:36:23,669 - Ошибка в файле path/9b9oubi5.txt: Файл recursive_challenge\qxjzaes2\24lkeyh6\87pgggz7\lvv4zock\0ocmmcvu\5lobeleg\hybo98ho.txt не найден во втором архиве
2025-04-14 23:36:23,713 - Ошибка в файле path/84osqovo.txt: Файл recursive_challenge\qxjzaes2\24lkeyh6\87pgggz7\lvv4zock\jjidtgn6\g59j5f83.txt не найден во втором архиве
2025-04-14 23:36:23,761 - Ошибка в файле path/0mlie4pk.txt: Файл recursive_challenge\qxjzaes2\24lkeyh6\87pgggz7\lvv4zock\tgbdt70c.txt не найден во втором архиве
2025-04-14 23:36:23,765 - Ошибка в файле path/5d5ew48y.txt: Файл recursive_challenge\qxjzaes2\plr4e33g\hjsrdtoz\meggcmay\07l1qnka\f5dk3lgk.txt не найден во втором архиве
2025-04-14 23:36:23,922 - Ошибка в файле path/1xrbiqw6.txt: Файл recursive_challenge\qxjzaes2\plr4e33g\hjsrdtoz\meggcmay\5u5561c0\nribkhyy\9y3cyof5.txt не найден во втором архиве
2025-04-14 23:36:23,969 - Ошибка в файле path/36wltxtt.txt: Файл recursive_challenge\qxjzaes2\plr4e33g\hjsrdtoz\p0wzab6z.txt не найден во втором архиве
2025-04-14 23:36:24,033 - Ошибка в файле path/6uximoac.txt: Файл recursive_challenge\qxjzaes2\24lkeyh6\87pgggz7\lvv4zock\0ocmmcvu\5lobeleg\90sljmwb.txt не найден во втором архиве
2025-04-14 23:36:24,648 - Ошибка в файле path/4j11f8gi.txt: Файл recursive_challenge\qxjzaes2\24lkeyh6\87pgggz7\sqic6n8z\i6ifx3bf\mte0uqps\7ysqnbsz.txt не найден во втором архиве
2025-04-14 23:36:24,735 - Ошибка в файле path/9bmu7kh8.txt: Файл recursive_challenge\qxjzaes2\plr4e33g\jdxi8nzo\m06ur6e4\d60rrvq1\2e96zz64\c6u9v736.txt не найден во втором архиве
2025-04-14 23:36:24,761 - Ошибка в файле path/856nbk0r.txt: Файл recursive_challenge\qxjzaes2\24lkeyh6\87pgggz7\k6q5znjw.txt не найден во втором архиве
2025-04-14 23:36:24,813 - Ошибка в файле path/0mm8pu7n.txt: Файл recursive_challenge\qxjzaes2\plr4e33g\jdxi8nzo\m06ur6e4\x68byxlt\el49eq5y\cxxk7iav.txt не найден во втором архиве
2025-04-14 23:36:24,817 - Ошибка в файле path/5ffykf5k.txt: Файл recursive_challenge\qxjzaes2\24lkeyh6\l8k5q6fs\vjyr8709\llc8lc44\brzp9nr2.txt не найден во втором архиве
2025-04-14 23:36:24,965 - Ошибка в файле path/1y0s479l.txt: Файл recursive_challenge\qxjzaes2\24lkeyh6\87pgggz7\tgml8zq2\tmb9as05\0ad9q3y4.txt не найден во втором архиве
2025-04-14 23:36:25,042 - Ошибка в файле path/3a3elixn.txt: Файл recursive_challenge\qxjzaes2\24lkeyh6\gwzv6zt9\x7hhfc5t.txt не найден во втором архиве
2025-04-14 23:36:25,097 - Ошибка в файле path/6vo7bqph.txt: Файл recursive_challenge\qxjzaes2\24lkeyh6\gwzv6zt9\dom3olfi\x67d5ixg.txt не найден во втором архиве
2025-04-14 23:36:25,700 - Ошибка в файле path/4jmdy2mo.txt: Файл recursive_challenge\qxjzaes2\plr4e33g\hjsrdtoz\meggcmay\07l1qnka\zfcu3a3i\hs38xl7y.txt не найден во втором архиве
2025-04-14 23:36:25,825 - Ошибка в файле path/87182pc3.txt: Файл recursive_challenge\qxjzaes2\24lkeyh6\l8k5q6fs\vjyr8709\99575oup\5cg8n4i4\2lwkg0mg.txt не найден во втором архиве
2025-04-14 23:36:25,833 - Ошибка в файле path/9cxd3df3.txt: Файл recursive_challenge\qxjzaes2\24lkeyh6\87pgggz7\sqic6n8z\i6ifx3bf\l8tg9ehk\rfxj66z2.txt не найден во втором архиве
2025-04-14 23:36:25,870 - Ошибка в файле path/5gqudebb.txt: Файл recursive_challenge\qxjzaes2\24lkeyh6\gwzv6zt9\dom3olfi\60kknxn7\n4h62q0g\fn0fhr0z.txt не найден во втором архиве
2025-04-14 23:36:25,885 - Ошибка в файле path/0p0vh5xj.txt: Файл recursive_challenge\qxjzaes2\plr4e33g\jdxi8nzo\m06ur6e4\x68byxlt\jyh0uefv.txt не найден во втором архиве
2025-04-14 23:36:26,025 - Ошибка в файле path/1ytei10i.txt: Файл recursive_challenge\qxjzaes2\plr4e33g\hjsrdtoz\meggcmay\g5qb5r57\sjd3aodg\01bg5yuv.txt не найден во втором архиве
2025-04-14 23:36:26,082 - Ошибка в файле path/3abjgb9n.txt: Файл recursive_challenge\qxjzaes2\24lkeyh6\l8k5q6fs\vjyr8709\99575oup\idkc4gqo\t8grc60s.txt не найден во втором архиве
2025-04-14 23:36:26,197 - Ошибка в файле path/6xx4r4vc.txt: Файл recursive_challenge\qxjzaes2\24lkeyh6\gwzv6zt9\dom3olfi\c787qynu\r8e8jtxg.txt не найден во втором архиве
2025-04-14 23:36:26,748 - Ошибка в файле path/4k5ir3vw.txt: Файл recursive_challenge\qxjzaes2\24lkeyh6\87pgggz7\lvv4zock\3d6sd0o3\t3sqfd6v\15d5m95i.txt не найден во втором архиве
2025-04-14 23:36:26,921 - Ошибка в файле path/877jqe2q.txt: Файл recursive_challenge\qxjzaes2\24lkeyh6\l8k5q6fs\2ds7mvnr\2jf743w3\9sj8xseg\2ixvxvgy.txt не найден во втором архиве
2025-04-14 23:36:26,952 - Ошибка в файле path/0p6wqpf4.txt: Файл recursive_challenge\qxjzaes2\24lkeyh6\87pgggz7\sqic6n8z\i6ifx3bf\l8tg9ehk\s9plq3ta.txt не найден во втором архиве
2025-04-14 23:36:26,970 - Ошибка в файле path/5imq3iaw.txt: Файл recursive_challenge\qxjzaes2\24lkeyh6\l8k5q6fs\2ds7mvnr\2jf743w3\9sj8xseg\4pb4ho27.txt не найден во втором архиве
2025-04-14 23:36:27,041 - Ошибка в файле path/9eb8uwfz.txt: Файл recursive_challenge\qxjzaes2\24lkeyh6\l8k5q6fs\vjyr8709\1nrbxwyi\c6b7n22l\0sxl6j08.txt не найден во втором архиве
2025-04-14 23:36:27,180 - Ошибка в файле path/3d8kh5xz.txt: Файл recursive_challenge\qxjzaes2\plr4e33g\jdxi8nzo\m06ur6e4\8w4dtkap.txt не найден во втором архиве
2025-04-14 23:36:27,190 - Ошибка в файле path/1zkd2x8w.txt: Файл recursive_challenge\qxjzaes2\24lkeyh6\87pgggz7\sqic6n8z\bueat201\908pt7ks\yh1lfq62.txt не найден во втором архиве
2025-04-14 23:36:27,322 - Ошибка в файле path/72c5pmbe.txt: Файл recursive_challenge\qxjzaes2\24lkeyh6\l8k5q6fs\023dsflt\gvyf2kyx\k2uxkuqk\0vx1tham.txt не найден во втором архиве
2025-04-14 23:36:27,857 - Ошибка в файле path/4km4mffs.txt: Файл recursive_challenge\qxjzaes2\24lkeyh6\l8k5q6fs\geajve4d\pzpvo72t\9nq8fsye\oysc9qm1.txt не найден во втором архиве
2025-04-14 23:36:28,084 - Ошибка в файле path/8838d2ip.txt: Файл recursive_challenge\qxjzaes2\plr4e33g\hjsrdtoz\e9td5mfq\dhpr5fba\yfzpmvsk.txt не найден во втором архиве
2025-04-14 23:36:28,135 - Ошибка в файле path/0rbaust6.txt: Файл recursive_challenge\qxjzaes2\24lkeyh6\87pgggz7\tgml8zq2\tmb9as05\zsz2edj9\r5m4a8oc.txt не найден во втором архиве
2025-04-14 23:36:28,136 - Ошибка в файле path/5l6q83u8.txt: Файл recursive_challenge\qxjzaes2\24lkeyh6\l8k5q6fs\vjyr8709\llc8lc44\aboitt10.txt не найден во втором архиве
2025-04-14 23:36:28,273 - Ошибка в файле path/9f9pl1qs.txt: Файл recursive_challenge\qxjzaes2\24lkeyh6\87pgggz7\tgml8zq2\158tahgr.txt не найден во втором архиве
2025-04-14 23:36:28,485 - Ошибка в файле path/22vbdgv2.txt: Файл recursive_challenge\qxjzaes2\24lkeyh6\l8k5q6fs\vjyr8709\xut7l6x0\5lkdmrmb\uue03ijy.txt не найден во втором архиве
2025-04-14 23:36:28,490 - Ошибка в файле path/3drttzin.txt: Файл recursive_challenge\qxjzaes2\24lkeyh6\l8k5q6fs\2ds7mvnr\2jf743w3\ph6tmhka\ig60hi83.txt не найден во втором архиве
2025-04-14 23:36:28,630 - Ошибка в файле path/74b42cw7.txt: Файл recursive_challenge\qxjzaes2\plr4e33g\hjsrdtoz\meggcmay\0sl0lsp9\16ffiw5g.txt не найден во втором архиве
2025-04-14 23:36:29,140 - Ошибка в файле path/4m7bkijx.txt: Файл recursive_challenge\qxjzaes2\24lkeyh6\l8k5q6fs\2ds7mvnr\oq46gosp\26vrt9b5\ln555ogf.txt не найден во втором архиве
2025-04-14 23:36:29,324 - Ошибка в файле path/88stn44x.txt: Файл recursive_challenge\qxjzaes2\24lkeyh6\l8k5q6fs\vjyr8709\11ahet30\t4zy3676\xzj8v820.txt не найден во втором архиве
2025-04-14 23:36:29,458 - Ошибка в файле path/0smmov2f.txt: Файл recursive_challenge\qxjzaes2\24lkeyh6\l8k5q6fs\vjyr8709\99575oup\ylane65k\cv2l9hs2.txt не найден во втором архиве
2025-04-14 23:36:29,479 - Ошибка в файле path/5m7go3i8.txt: Файл recursive_challenge\qxjzaes2\24lkeyh6\l8k5q6fs\vjyr8709\1nrbxwyi\c6b7n22l\qarpzpch.txt не найден во втором архиве
2025-04-14 23:36:29,506 - Ошибка в файле path/9fa967ul.txt: Файл recursive_challenge\qxjzaes2\plr4e33g\hjsrdtoz\meggcmay\5u5561c0\hlzzdm14\0mjtg9w0.txt не найден во втором архиве
2025-04-14 23:36:29,716 - Ошибка в файле path/2389ghb1.txt: Файл recursive_challenge\qxjzaes2\plr4e33g\hjsrdtoz\e9td5mfq\dhpr5fba\nvyckusm\u7oor5hg.txt не найден во втором архиве
2025-04-14 23:36:29,743 - Ошибка в файле path/3hf71hlz.txt: Файл recursive_challenge\qxjzaes2\24lkeyh6\gwzv6zt9\dom3olfi\60kknxn7\47pvaw9g.txt не найден во втором архиве
2025-04-14 23:36:29,803 - Ошибка в файле path/754wbyqr.txt: Файл recursive_challenge\qxjzaes2\24lkeyh6\87pgggz7\sqic6n8z\i6ifx3bf\l8tg9ehk\wpz0z1lr.txt не найден во втором архиве
2025-04-14 23:36:30,332 - Ошибка в файле path/4me7j3fm.txt: Файл recursive_challenge\qxjzaes2\24lkeyh6\87pgggz7\lvv4zock\0ocmmcvu\5lobeleg\96e3gl5i.txt не найден во втором архиве
2025-04-14 23:36:30,494 - Ошибка в файле path/89fv1miu.txt: Файл recursive_challenge\qxjzaes2\24lkeyh6\l8k5q6fs\2ds7mvnr\2jf743w3\are2fqiv\sak1effu.txt не найден во втором архиве
2025-04-14 23:36:30,629 - Ошибка в файле path/0syhk7av.txt: Файл recursive_challenge\qxjzaes2\24lkeyh6\l8k5q6fs\vjyr8709\1nrbxwyi\c6b7n22l\iiv9fkke.txt не найден во втором архиве
2025-04-14 23:36:30,656 - Ошибка в файле path/5md0my85.txt: Файл recursive_challenge\qxjzaes2\24lkeyh6\l8k5q6fs\023dsflt\gvyf2kyx\oici8z6p\dznfomnb.txt не найден во втором архиве
2025-04-14 23:36:30,668 - Ошибка в файле path/9hfgy1qs.txt: Файл recursive_challenge\qxjzaes2\plr4e33g\jdxi8nzo\m06ur6e4\x68byxlt\qaio6snk\x3noz5bw.txt не найден во втором архиве
2025-04-14 23:36:30,871 - Ошибка в файле path/3it8rwfx.txt: Файл recursive_challenge\qxjzaes2\plr4e33g\hjsrdtoz\e9td5mfq\kd47aye4\phcv5msd\a7uo52zt.txt не найден во втором архиве
2025-04-14 23:36:30,875 - Ошибка в файле path/25y2usgl.txt: Файл recursive_challenge\qxjzaes2\plr4e33g\hjsrdtoz\e9td5mfq\tim6qmlx\zm619kmn\uiavk6oq.txt не найден во втором архиве
2025-04-14 23:36:31,003 - Ошибка в файле path/75g2c2cn.txt: Файл recursive_challenge\qxjzaes2\plr4e33g\hjsrdtoz\meggcmay\5u5561c0\nribkhyy\h2s2w2ui.txt не найден во втором архиве
2025-04-14 23:36:31,458 - Ошибка в файле path/4n7g0m8q.txt: Файл recursive_challenge\qxjzaes2\24lkeyh6\l8k5q6fs\vjyr8709\99575oup\ylane65k\363opwbt.txt не найден во втором архиве
2025-04-14 23:36:31,581 - Ошибка в файле path/8biy9h1j.txt: Файл recursive_challenge\qxjzaes2\24lkeyh6\l8k5q6fs\geajve4d\pzpvo72t\wso8d8lv\au15db9a.txt не найден во втором архиве
2025-04-14 23:36:31,738 - Ошибка в файле path/9hrdy3nq.txt: Файл recursive_challenge\qxjzaes2\24lkeyh6\87pgggz7\lvv4zock\9welz67w\r0opnw2f\8mvghyvv.txt не найден во втором архиве
2025-04-14 23:36:31,772 - Ошибка в файле path/0vaqdmhi.txt: Файл recursive_challenge\qxjzaes2\24lkeyh6\l8k5q6fs\vjyr8709\305jkkip\uds8qihw\v53hcs9l.txt не найден во втором архиве
2025-04-14 23:36:31,840 - Ошибка в файле path/5q58w4pj.txt: Файл recursive_challenge\qxjzaes2\plr4e33g\hjsrdtoz\e9td5mfq\kd47aye4\1roi36s4\sjzv0nok.txt не найден во втором архиве
2025-04-14 23:36:32,080 - Ошибка в файле path/7763ihsw.txt: Файл recursive_challenge\qxjzaes2\24lkeyh6\87pgggz7\lvv4zock\300enzqk\typdmx35\y3ohmnp5.txt не найден во втором архиве
2025-04-14 23:36:32,119 - Ошибка в файле path/3j540gk4.txt: Файл recursive_challenge\qxjzaes2\24lkeyh6\l8k5q6fs\2ds7mvnr\oq46gosp\m0tfca24\jyys4coj.txt не найден во втором архиве
2025-04-14 23:36:32,129 - Ошибка в файле path/2a3n8wg2.txt: Файл recursive_challenge\qxjzaes2\24lkeyh6\l8k5q6fs\2ds7mvnr\2jf743w3\ph6tmhka\eppzzf2x.txt не найден во втором архиве
2025-04-14 23:36:32,564 - Ошибка в файле path/4qe9klbs.txt: Файл recursive_challenge\qxjzaes2\24lkeyh6\87pgggz7\tgml8zq2\tmb9as05\x82k3ao8\zzdmumdy.txt не найден во втором архиве
2025-04-14 23:36:32,706 - Ошибка в файле path/8f21u35n.txt: Файл recursive_challenge\qxjzaes2\24lkeyh6\l8k5q6fs\vjyr8709\pxt1wv6o\18jk1fix\trnm6vvr.txt не найден во втором архиве
2025-04-14 23:36:32,908 - Ошибка в файле path/9id5gbii.txt: Файл recursive_challenge\qxjzaes2\24lkeyh6\l8k5q6fs\vjyr8709\xut7l6x0\5lkdmrmb\e7fpyfpp.txt не найден во втором архиве
2025-04-14 23:36:33,061 - Ошибка в файле path/0w7kcwoa.txt: Файл recursive_challenge\qxjzaes2\24lkeyh6\l8k5q6fs\geajve4d\cjnq7zsv\1xzdpwts.txt не найден во втором архиве
2025-04-14 23:36:33,108 - Ошибка в файле path/5qv0v0cq.txt: Файл recursive_challenge\qxjzaes2\plr4e33g\hjsrdtoz\meggcmay\hgjfyvnm\ei4s82j3.txt не найден во втором архиве
2025-04-14 23:36:33,195 - Ошибка в файле path/7bhqspkt.txt: Файл recursive_challenge\qxjzaes2\plr4e33g\hjsrdtoz\meggcmay\07l1qnka\0lwi186g.txt не найден во втором архиве
2025-04-14 23:36:33,439 - Ошибка в файле path/3ko8iie4.txt: Файл recursive_challenge\qxjzaes2\plr4e33g\hjsrdtoz\e9td5mfq\xk9zyis4\mvi74o75\qrfxao35.txt не найден во втором архиве
2025-04-14 23:36:33,441 - Ошибка в файле path/2ceaqtdw.txt: Файл recursive_challenge\qxjzaes2\24lkeyh6\l8k5q6fs\vjyr8709\11ahet30\lgp6jwmp.txt не найден во втором архиве
2025-04-14 23:36:33,654 - Ошибка в файле path/4rycvgfx.txt: Файл recursive_challenge\qxjzaes2\24lkeyh6\gwzv6zt9\dom3olfi\60kknxn7\wcyrr380.txt не найден во втором архиве
2025-04-14 23:36:33,794 - Ошибка в файле path/8g0ow9kx.txt: Файл recursive_challenge\qxjzaes2\plr4e33g\hjsrdtoz\iu3uo407.txt не найден во втором архиве
2025-04-14 23:36:33,992 - Ошибка в файле path/9je5fhzm.txt: Файл recursive_challenge\qxjzaes2\24lkeyh6\87pgggz7\lvv4zock\300enzqk\373a8asn\i2hkb43k.txt не найден во втором архиве
2025-04-14 23:36:34,227 - Ошибка в файле path/0w9fj6a9.txt: Файл recursive_challenge\qxjzaes2\plr4e33g\hjsrdtoz\e9td5mfq\xk9zyis4\mvi74o75\jqvecx42.txt не найден во втором архиве
2025-04-14 23:36:34,250 - Ошибка в файле path/5rnq0nk1.txt: Файл recursive_challenge\qxjzaes2\24lkeyh6\l8k5q6fs\2ds7mvnr\oq46gosp\hjw10xiz\begnh0y3.txt не найден во втором архиве
2025-04-14 23:36:34,287 - Ошибка в файле path/7ceyi3fv.txt: Файл recursive_challenge\qxjzaes2\24lkeyh6\87pgggz7\tgml8zq2\tmb9as05\g7s98yv5\7vu75p5f.txt не найден во втором архиве
2025-04-14 23:36:34,543 - Ошибка в файле path/3ltxuiy6.txt: Файл recursive_challenge\qxjzaes2\24lkeyh6\87pgggz7\tgml8zq2\iv5bw98z.txt не найден во втором архиве
2025-04-14 23:36:34,548 - Ошибка в файле path/2eem96st.txt: Файл recursive_challenge\qxjzaes2\24lkeyh6\87pgggz7\lvv4zock\0ocmmcvu\xosfod8e\6e5sac9h.txt не найден во втором архиве
2025-04-14 23:36:34,676 - Ошибка в файле path/4s91591r.txt: Файл recursive_challenge\qxjzaes2\24lkeyh6\gwzv6zt9\l9oo8gy9\o3uwpb77\ac9yhrd2\lq1pw3l5.txt не найден во втором архиве
2025-04-14 23:36:34,821 - Ошибка в файле path/8h6g1wjs.txt: Файл recursive_challenge\qxjzaes2\24lkeyh6\l8k5q6fs\geajve4d\pzpvo72t\9nq8fsye\nc0bmdqq.txt не найден во втором архиве
2025-04-14 23:36:35,018 - Ошибка в файле path/9jfg8hj5.txt: Файл recursive_challenge\qxjzaes2\24lkeyh6\87pgggz7\poqsexov.txt не найден во втором архиве
2025-04-14 23:36:35,271 - Ошибка в файле path/0xsulm4e.txt: Файл recursive_challenge\qxjzaes2\plr4e33g\jdxi8nzo\m06ur6e4\x68byxlt\uqk973c9\s0nbxjfn.txt не найден во втором архиве
2025-04-14 23:36:35,309 - Ошибка в файле path/5rpqv40e.txt: Файл recursive_challenge\qxjzaes2\24lkeyh6\l8k5q6fs\vjyr8709\pxt1wv6o\l6ux5fy6\4pcb59v6.txt не найден во втором архиве
2025-04-14 23:36:35,333 - Ошибка в файле path/7cr6xzq0.txt: Файл recursive_challenge\qxjzaes2\24lkeyh6\l8k5q6fs\vjyr8709\1nrbxwyi\c6b7n22l\vfg8y5dn.txt не найден во втором архиве
2025-04-14 23:36:35,578 - Ошибка в файле path/3mrpcrw0.txt: Файл recursive_challenge\qxjzaes2\24lkeyh6\87pgggz7\sqic6n8z\i6ifx3bf\mte0uqps\lzeqq3vm.txt не найден во втором архиве
2025-04-14 23:36:35,580 - Ошибка в файле path/2ewpnd43.txt: Файл recursive_challenge\qxjzaes2\24lkeyh6\87pgggz7\lvv4zock\300enzqk\gbnr9np9\6pl45kmc.txt не найден во втором архиве
2025-04-14 23:36:35,736 - Ошибка в файле path/4seyatxe.txt: Файл recursive_challenge\qxjzaes2\plr4e33g\hjsrdtoz\e9td5mfq\tim6qmlx\ej2g4b6c\iug709jq.txt не найден во втором архиве
2025-04-14 23:36:35,857 - Ошибка в файле path/8j3802p5.txt: Файл recursive_challenge\qxjzaes2\24lkeyh6\l8k5q6fs\2ds7mvnr\oq46gosp\7880vpfv\z4tlrwyp.txt не найден во втором архиве
2025-04-14 23:36:36,065 - Ошибка в файле path/9k9x0fpi.txt: Файл recursive_challenge\qxjzaes2\24lkeyh6\l8k5q6fs\vjyr8709\99575oup\idkc4gqo\getqon50.txt не найден во втором архиве
2025-04-14 23:36:36,323 - Ошибка в файле path/0yaknizs.txt: Файл recursive_challenge\qxjzaes2\24lkeyh6\l8k5q6fs\vjyr8709\xut7l6x0\8nh15a9z\vvh9nux3.txt не найден во втором архиве
2025-04-14 23:36:36,393 - Ошибка в файле path/5s0i5gj5.txt: Файл recursive_challenge\qxjzaes2\24lkeyh6\87pgggz7\lvv4zock\zoc6meh4\pjo6tce3.txt не найден во втором архиве
2025-04-14 23:36:36,449 - Ошибка в файле path/7igmw2vy.txt: Файл recursive_challenge\qxjzaes2\24lkeyh6\l8k5q6fs\vjyr8709\99575oup\ylane65k\53jirbgy.txt не найден во втором архиве
2025-04-14 23:36:36,657 - Ошибка в файле path/3qshgr7a.txt: Файл recursive_challenge\qxjzaes2\plr4e33g\jdxi8nzo\m06ur6e4\d60rrvq1\gigqz244.txt не найден во втором архиве
2025-04-14 23:36:36,667 - Ошибка в файле path/2f14ume1.txt: Файл recursive_challenge\qxjzaes2\plr4e33g\hjsrdtoz\e9td5mfq\kd47aye4\hp3qg564\gcdie4q2.txt не найден во втором архиве
2025-04-14 23:36:36,776 - Ошибка в файле path/9lnmphhs.txt: Файл recursive_challenge\qxjzaes2\24lkeyh6\87pgggz7\sqic6n8z\i6ifx3bf\mte0uqps\9fur7o6b.txt не найден во втором архиве
2025-04-14 23:36:36,911 - Ошибка в файле path/am4nvx1n.txt: Файл recursive_challenge\qxjzaes2\24lkeyh6\87pgggz7\sqic6n8z\bueat201\vagw4345.txt не найден во втором архиве
2025-04-14 23:36:37,137 - Ошибка в файле path/by2iry1v.txt: Файл recursive_challenge\qxjzaes2\24lkeyh6\87pgggz7\lvv4zock\300enzqk\typdmx35\0ujmnlok.txt не найден во втором архиве
2025-04-14 23:36:37,401 - Ошибка в файле path/cvbxnrdu.txt: Файл recursive_challenge\qxjzaes2\24lkeyh6\l8k5q6fs\vjyr8709\305jkkip\bc4z0bxz\lvxpwz0r.txt не найден во втором архиве
2025-04-14 23:36:37,474 - Ошибка в файле path/dxblhibh.txt: Файл recursive_challenge\qxjzaes2\plr4e33g\hjsrdtoz\e9td5mfq\tim6qmlx\ej2g4b6c\72mfulxe.txt не найден во втором архиве
2025-04-14 23:36:37,523 - Ошибка в файле path/ewhrsw62.txt: Файл recursive_challenge\qxjzaes2\plr4e33g\hjsrdtoz\e9td5mfq\tim6qmlx\zm619kmn\t4dq3i9y.txt не найден во втором архиве
2025-04-14 23:36:37,772 - Ошибка в файле path/fuu8f3zz.txt: Файл recursive_challenge\qxjzaes2\24lkeyh6\l8k5q6fs\2ds7mvnr\2jf743w3\pyb7rxbb\3forvgv9.txt не найден во втором архиве
2025-04-14 23:36:37,776 - Ошибка в файле path/h2lyobzw.txt: Файл recursive_challenge\qxjzaes2\24lkeyh6\l8k5q6fs\geajve4d\pzpvo72t\9f2b364g.txt не найден во втором архиве
2025-04-14 23:36:37,872 - Ошибка в файле path/9mpmhptc.txt: Файл recursive_challenge\qxjzaes2\plr4e33g\hjsrdtoz\meggcmay\5u5561c0\x4igp738\duyoad5z.txt не найден во втором архиве
2025-04-14 23:36:38,023 - Ошибка в файле path/amw8hnnj.txt: Файл recursive_challenge\qxjzaes2\24lkeyh6\87pgggz7\sqic6n8z\i6ifx3bf\mte0uqps\ppofybwi.txt не найден во втором архиве
2025-04-14 23:36:38,214 - Ошибка в файле path/by6a1x3n.txt: Файл recursive_challenge\qxjzaes2\plr4e33g\hjsrdtoz\e9td5mfq\4q33a5qn\e39jnqzf.txt не найден во втором архиве
2025-04-14 23:36:38,480 - Ошибка в файле path/d1j49z5m.txt: Файл recursive_challenge\qxjzaes2\24lkeyh6\l8k5q6fs\vjyr8709\99575oup\hsyi1xdg.txt не найден во втором архиве
2025-04-14 23:36:38,553 - Ошибка в файле path/dxczp1xv.txt: Файл recursive_challenge\qxjzaes2\plr4e33g\jdxi8nzo\m06ur6e4\d60rrvq1\58xkcu3e.txt не найден во втором архиве
2025-04-14 23:36:38,591 - Ошибка в файле path/ex89f4nw.txt: Файл recursive_challenge\qxjzaes2\plr4e33g\hjsrdtoz\e9td5mfq\kd47aye4\ofz9e66m\1s5zgn86.txt не найден во втором архиве
2025-04-14 23:36:38,869 - Ошибка в файле path/fvkm2o3t.txt: Файл recursive_challenge\qxjzaes2\24lkeyh6\l8k5q6fs\vjyr8709\pxt1wv6o\gclw380c.txt не найден во втором архиве
2025-04-14 23:36:38,899 - Ошибка в файле path/h31gx7qi.txt: Файл recursive_challenge\qxjzaes2\plr4e33g\jdxi8nzo\m06ur6e4\x68byxlt\el49eq5y\pgsqxi5k.txt не найден во втором архиве
2025-04-14 23:36:38,928 - Ошибка в файле path/9mtw11jt.txt: Файл recursive_challenge\qxjzaes2\plr4e33g\hjsrdtoz\e9td5mfq\kd47aye4\hp3qg564\pedmvic5.txt не найден во втором архиве
2025-04-14 23:36:39,114 - Ошибка в файле path/aqs66gbo.txt: Файл recursive_challenge\qxjzaes2\plr4e33g\hjsrdtoz\e9td5mfq\dhpr5fba\pz20vikp\95c23nj1.txt не найден во втором архиве
2025-04-14 23:36:39,258 - Ошибка в файле path/bzju52bc.txt: Файл recursive_challenge\qxjzaes2\plr4e33g\jdxi8nzo\m06ur6e4\x68byxlt\hoesb7n5\j76rrwu0.txt не найден во втором архиве
2025-04-14 23:36:39,541 - Ошибка в файле path/d1pm7bfs.txt: Файл recursive_challenge\qxjzaes2\24lkeyh6\gwzv6zt9\dom3olfi\n3d27s3i\ao3z47j7\8aqqosbf.txt не найден во втором архиве
2025-04-14 23:36:39,615 - Ошибка в файле path/dzdi5ihm.txt: Файл recursive_challenge\qxjzaes2\24lkeyh6\gwzv6zt9\3re0qcjh.txt не найден во втором архиве
2025-04-14 23:36:39,646 - Ошибка в файле path/ey925m7q.txt: Файл recursive_challenge\qxjzaes2\24lkeyh6\87pgggz7\sqic6n8z\bueat201\zfz33ucp\d9pndo64.txt не найден во втором архиве
2025-04-14 23:36:39,948 - Ошибка в файле path/fw19a8hn.txt: Файл recursive_challenge\qxjzaes2\24lkeyh6\87pgggz7\pu48x0ib.txt не найден во втором архиве
2025-04-14 23:36:39,957 - Ошибка в файле path/h42wmhie.txt: Файл recursive_challenge\qxjzaes2\24lkeyh6\gwzv6zt9\dom3olfi\60kknxn7\9hwvtqw4\hdc18oym.txt не найден во втором архиве
2025-04-14 23:36:39,994 - Ошибка в файле path/9nlwm4zy.txt: Файл recursive_challenge\qxjzaes2\plr4e33g\jdxi8nzo\m06ur6e4\d60rrvq1\ajso0kfr\bxakmgu9.txt не найден во втором архиве
2025-04-14 23:36:40,168 - Ошибка в файле path/aqw0u1r0.txt: Файл recursive_challenge\qxjzaes2\24lkeyh6\87pgggz7\lvv4zock\jjidtgn6\1m5hlxpv\7b71zz90.txt не найден во втором архиве
2025-04-14 23:36:40,311 - Ошибка в файле path/c15nz5db.txt: Файл recursive_challenge\qxjzaes2\24lkeyh6\l8k5q6fs\vjyr8709\llc8lc44\6vxwreno\j6nibte6.txt не найден во втором архиве
2025-04-14 23:36:40,591 - Ошибка в файле path/d24lspj3.txt: Файл recursive_challenge\qxjzaes2\24lkeyh6\l8k5q6fs\vjyr8709\pxt1wv6o\jpojv7ef.txt не найден во втором архиве
2025-04-14 23:36:40,673 - Ошибка в файле path/e0omx4tl.txt: Файл recursive_challenge\qxjzaes2\24lkeyh6\87pgggz7\lvv4zock\300enzqk\373a8asn\pbsudr9x.txt не найден во втором архиве
2025-04-14 23:36:40,704 - Ошибка в файле path/eya9t5z5.txt: Файл recursive_challenge\qxjzaes2\24lkeyh6\l8k5q6fs\vjyr8709\11ahet30\t4zy3676\ao6lw5p4.txt не найден во втором архиве
2025-04-14 23:36:41,007 - Ошибка в файле path/fx651dxx.txt: Файл recursive_challenge\qxjzaes2\plr4e33g\hjsrdtoz\meggcmay\o8pqful3\felofju8.txt не найден во втором архиве
2025-04-14 23:36:41,021 - Ошибка в файле path/h6yrwd5u.txt: Файл recursive_challenge\qxjzaes2\24lkeyh6\l8k5q6fs\2ds7mvnr\2jf743w3\9sj8xseg\aapmx7y1.txt не найден во втором архиве
2025-04-14 23:36:41,076 - Ошибка в файле path/9q6zcdy1.txt: Файл recursive_challenge\qxjzaes2\24lkeyh6\87pgggz7\lvv4zock\bbrngl3w\ahqxovi4.txt не найден во втором архиве
2025-04-14 23:36:41,278 - Ошибка в файле path/arjredvi.txt: Файл recursive_challenge\qxjzaes2\plr4e33g\hjsrdtoz\e9td5mfq\dhpr5fba\56aw42vb.txt не найден во втором архиве
2025-04-14 23:36:41,393 - Ошибка в файле path/c1t374tp.txt: Файл recursive_challenge\qxjzaes2\plr4e33g\jdxi8nzo\m06ur6e4\x68byxlt\qaio6snk\rwevltxt.txt не найден во втором архиве
2025-04-14 23:36:41,675 - Ошибка в файле path/d2knbo5f.txt: Файл recursive_challenge\qxjzaes2\24lkeyh6\l8k5q6fs\vjyr8709\99575oup\ylane65k\ipic4lt2.txt не найден во втором архиве
2025-04-14 23:36:41,757 - Ошибка в файле path/e0s1qf3w.txt: Файл recursive_challenge\qxjzaes2\24lkeyh6\gwzv6zt9\dom3olfi\60kknxn7\n4h62q0g\ocfff1lk.txt не найден во втором архиве
2025-04-14 23:36:41,788 - Ошибка в файле path/eypwvgwp.txt: Файл recursive_challenge\qxjzaes2\24lkeyh6\87pgggz7\lvv4zock\0ocmmcvu\5lobeleg\820olbxc.txt не найден во втором архиве
2025-04-14 23:36:42,117 - Ошибка в файле path/g0b8aqzd.txt: Файл recursive_challenge\qxjzaes2\24lkeyh6\l8k5q6fs\vjyr8709\llc8lc44\76ffr7bh\hwmhm421.txt не найден во втором архиве
2025-04-14 23:36:42,118 - Ошибка в файле path/h9u7h18q.txt: Файл recursive_challenge\qxjzaes2\24lkeyh6\l8k5q6fs\geajve4d\cjnq7zsv\niyrul45.txt не найден во втором архиве
2025-04-14 23:36:42,177 - Ошибка в файле path/9qc6tgib.txt: Файл recursive_challenge\qxjzaes2\24lkeyh6\87pgggz7\tgml8zq2\tmb9as05\73shruuo\kyg8favw.txt не найден во втором архиве
2025-04-14 23:36:42,363 - Ошибка в файле path/atu0jkz6.txt: Файл recursive_challenge\qxjzaes2\24lkeyh6\gwzv6zt9\axmrkvdo.txt не найден во втором архиве
2025-04-14 23:36:42,462 - Ошибка в файле path/c2hq2vch.txt: Файл recursive_challenge\qxjzaes2\plr4e33g\jdxi8nzo\m06ur6e4\d60rrvq1\2e96zz64\yscp5hwb.txt не найден во втором архиве
2025-04-14 23:36:42,762 - Ошибка в файле path/d40cenoj.txt: Файл recursive_challenge\qxjzaes2\24lkeyh6\87pgggz7\sqic6n8z\i6ifx3bf\9raf29x2.txt не найден во втором архиве
2025-04-14 23:36:42,847 - Ошибка в файле path/e0uozaaf.txt: Файл recursive_challenge\qxjzaes2\plr4e33g\jdxi8nzo\m06ur6e4\x68byxlt\el49eq5y\v2x7i031.txt не найден во втором архиве
2025-04-14 23:36:42,867 - Ошибка в файле path/ezps6h6n.txt: Файл recursive_challenge\qxjzaes2\24lkeyh6\l8k5q6fs\vjyr8709\llc8lc44\5lza7rcl\7pvjjd8z.txt не найден во втором архиве
2025-04-14 23:36:43,212 - Ошибка в файле path/g2of6d36.txt: Файл recursive_challenge\qxjzaes2\plr4e33g\hjsrdtoz\e9td5mfq\dhpr5fba\w6cahmb7.txt не найден во втором архиве
2025-04-14 23:36:43,220 - Ошибка в файле path/h9x4jhe4.txt: Файл recursive_challenge\qxjzaes2\plr4e33g\jdxi8nzo\m06ur6e4\x68byxlt\uqk973c9\079plwtk.txt не найден во втором архиве
2025-04-14 23:36:43,223 - Ошибка в файле path/9qrzs7kw.txt: Файл recursive_challenge\qxjzaes2\24lkeyh6\87pgggz7\lvv4zock\0ocmmcvu\5lobeleg\563vkb7b.txt не найден во втором архиве
2025-04-14 23:36:43,408 - Ошибка в файле path/atzxr2xk.txt: Файл recursive_challenge\qxjzaes2\plr4e33g\hjsrdtoz\meggcmay\0sl0lsp9\t12i18g8.txt не найден во втором архиве
2025-04-14 23:36:43,492 - Ошибка в файле path/c2ytygdx.txt: Файл recursive_challenge\qxjzaes2\24lkeyh6\l8k5q6fs\vjyr8709\pxt1wv6o\18jk1fix\2seznw3w.txt не найден во втором архиве
2025-04-14 23:36:43,805 - Ошибка в файле path/d475hsvc.txt: Файл recursive_challenge\qxjzaes2\24lkeyh6\l8k5q6fs\geajve4d\pzpvo72t\h582z6wh\mfsf0sx5.txt не найден во втором архиве
2025-04-14 23:36:43,887 - Ошибка в файле path/e1vazmv6.txt: Файл recursive_challenge\qxjzaes2\24lkeyh6\l8k5q6fs\023dsflt\gvyf2kyx\a113n4wq\usv9htgi.txt не найден во втором архиве
2025-04-14 23:36:43,910 - Ошибка в файле path/eztj621g.txt: Файл recursive_challenge\qxjzaes2\plr4e33g\hjsrdtoz\e9td5mfq\dhpr5fba\pz20vikp\91e3hgyd.txt не найден во втором архиве
2025-04-14 23:36:44,260 - Ошибка в файле path/g3aicoom.txt: Файл recursive_challenge\qxjzaes2\plr4e33g\hjsrdtoz\e9td5mfq\kd47aye4\phcv5msd\7u3n4qeu.txt не найден во втором архиве
2025-04-14 23:36:44,275 - Ошибка в файле path/habl1onv.txt: Файл recursive_challenge\qxjzaes2\plr4e33g\hjsrdtoz\e9td5mfq\dhpr5fba\561rlpoz\emut6xtc.txt не найден во втором архиве
2025-04-14 23:36:44,295 - Ошибка в файле path/9r6vxy5i.txt: Файл recursive_challenge\qxjzaes2\24lkeyh6\l8k5q6fs\vjyr8709\305jkkip\9ps238md\g5wf2hb9.txt не найден во втором архиве
2025-04-14 23:36:44,466 - Ошибка в файле path/aw3dfugr.txt: Файл recursive_challenge\qxjzaes2\24lkeyh6\l8k5q6fs\geajve4d\pzpvo72t\ffllz7t1\ha3om0mq.txt не найден во втором архиве
2025-04-14 23:36:44,545 - Ошибка в файле path/c2yzq73x.txt: Файл recursive_challenge\qxjzaes2\plr4e33g\hjsrdtoz\e9td5mfq\urwpspc0.txt не найден во втором архиве
2025-04-14 23:36:44,871 - Ошибка в файле path/d4gtlf9t.txt: Файл recursive_challenge\qxjzaes2\plr4e33g\hjsrdtoz\meggcmay\g5qb5r57\7ombch1i.txt не найден во втором архиве
2025-04-14 23:36:44,955 - Ошибка в файле path/e2u1t6pi.txt: Файл recursive_challenge\qxjzaes2\24lkeyh6\87pgggz7\tgml8zq2\tmb9as05\l2ntnob4.txt не найден во втором архиве
2025-04-14 23:36:44,980 - Ошибка в файле path/ezv1xlsk.txt: Файл recursive_challenge\qxjzaes2\plr4e33g\hjsrdtoz\e9td5mfq\kd47aye4\hp3qg564\c15xxkux.txt не найден во втором архиве
2025-04-14 23:36:45,381 - Ошибка в файле path/he7dsxcw.txt: Файл recursive_challenge\qxjzaes2\24lkeyh6\l8k5q6fs\geajve4d\pzpvo72t\wso8d8lv\o7n8bq80.txt не найден во втором архиве
2025-04-14 23:36:45,418 - Ошибка в файле path/9sorhcjk.txt: Файл recursive_challenge\qxjzaes2\24lkeyh6\87pgggz7\tgml8zq2\tmb9as05\x82k3ao8\dff1xhbq.txt не найден во втором архиве
2025-04-14 23:36:45,628 - Ошибка в файле path/awmoblhf.txt: Файл recursive_challenge\qxjzaes2\plr4e33g\hjsrdtoz\e9td5mfq\kd47aye4\hp3qg564\4gpogsfz.txt не найден во втором архиве
2025-04-14 23:36:45,655 - Ошибка в файле path/c3vr8ewn.txt: Файл recursive_challenge\qxjzaes2\24lkeyh6\l8k5q6fs\2ds7mvnr\oq46gosp\1c006h7s\nd1iwqiz.txt не найден во втором архиве
2025-04-14 23:36:45,996 - Ошибка в файле path/d4w0q9eo.txt: Файл recursive_challenge\qxjzaes2\plr4e33g\hjsrdtoz\e9td5mfq\kd47aye4\tmao6h8f\zujkao1u.txt не найден во втором архиве
2025-04-14 23:36:46,065 - Ошибка в файле path/e3j4rnbb.txt: Файл recursive_challenge\qxjzaes2\24lkeyh6\l8k5q6fs\vjyr8709\xut7l6x0\ocsrok97\b0g0203y.txt не найден во втором архиве
2025-04-14 23:36:46,090 - Ошибка в файле path/f1qyhjnq.txt: Файл recursive_challenge\qxjzaes2\24lkeyh6\gwzv6zt9\l9oo8gy9\o3uwpb77\ac9yhrd2\y9495r10.txt не найден во втором архиве
2025-04-14 23:36:46,515 - Ошибка в файле path/9wm49ri6.txt: Файл recursive_challenge\qxjzaes2\plr4e33g\hjsrdtoz\e9td5mfq\kd47aye4\1roi36s4\w9qqfkra.txt не найден во втором архиве
2025-04-14 23:36:46,518 - Ошибка в файле path/g3z7ems2.txt: Файл recursive_challenge\qxjzaes2\24lkeyh6\87pgggz7\lvv4zock\0ocmmcvu\ythgw76o.txt не найден во втором архиве
2025-04-14 23:36:46,525 - Ошибка в файле path/hfrzt9ye.txt: Файл recursive_challenge\qxjzaes2\plr4e33g\hjsrdtoz\e9td5mfq\kd47aye4\phcv5msd\90y508l3.txt не найден во втором архиве
2025-04-14 23:36:46,736 - Ошибка в файле path/aww3qhrh.txt: Файл recursive_challenge\qxjzaes2\24lkeyh6\87pgggz7\sqic6n8z\i6ifx3bf\f6wzbfoe\cwr5hgyb.txt не найден во втором архиве
2025-04-14 23:36:46,750 - Ошибка в файле path/c4y9hq2j.txt: Файл recursive_challenge\qxjzaes2\24lkeyh6\87pgggz7\lvv4zock\0ocmmcvu\nck26x7j.txt не найден во втором архиве
2025-04-14 23:36:47,109 - Ошибка в файле path/d5cvxk24.txt: Файл recursive_challenge\qxjzaes2\24lkeyh6\l8k5q6fs\vjyr8709\xut7l6x0\5lkdmrmb\u7y2jkdv.txt не найден во втором архиве
2025-04-14 23:36:47,257 - Ошибка в файле path/e3meetl5.txt: Файл recursive_challenge\qxjzaes2\24lkeyh6\87pgggz7\lvv4zock\300enzqk\gbnr9np9\z8l72jum.txt не найден во втором архиве
2025-04-14 23:36:47,264 - Ошибка в файле path/f1wquzsz.txt: Файл recursive_challenge\qxjzaes2\24lkeyh6\gwzv6zt9\l9oo8gy9\o3uwpb77\ac9yhrd2\2g39lyvm.txt не найден во втором архиве
2025-04-14 23:36:47,838 - Ошибка в файле path/9x4dju2j.txt: Файл recursive_challenge\qxjzaes2\24lkeyh6\l8k5q6fs\geajve4d\pzpvo72t\ffllz7t1\h5h8kq8c.txt не найден во втором архиве
2025-04-14 23:36:47,849 - Ошибка в файле path/g49pue18.txt: Файл recursive_challenge\qxjzaes2\plr4e33g\hjsrdtoz\meggcmay\o8pqful3\ng293uha.txt не найден во втором архиве
2025-04-14 23:36:47,870 - Ошибка в файле path/hhoehxra.txt: Файл recursive_challenge\qxjzaes2\24lkeyh6\l8k5q6fs\vjyr8709\llc8lc44\v9thr3ex.txt не найден во втором архиве
2025-04-14 23:36:47,979 - Ошибка в файле path/c8755xqm.txt: Файл recursive_challenge\qxjzaes2\24lkeyh6\87pgggz7\lvv4zock\0ocmmcvu\m7ic9bt4.txt не найден во втором архиве
2025-04-14 23:36:48,009 - Ошибка в файле path/awy94h3e.txt: Файл recursive_challenge\qxjzaes2\24lkeyh6\l8k5q6fs\023dsflt\gvyf2kyx\k2uxkuqk\8wpcr018.txt не найден во втором архиве
2025-04-14 23:36:48,297 - Ошибка в файле path/d7ps5rv3.txt: Файл recursive_challenge\qxjzaes2\plr4e33g\hjsrdtoz\meggcmay\0sl0lsp9\tac9i2so\97r4fft7.txt не найден во втором архиве
2025-04-14 23:36:48,382 - Ошибка в файле path/e4srk8lf.txt: Файл recursive_challenge\qxjzaes2\24lkeyh6\l8k5q6fs\023dsflt\gvyf2kyx\vy7jnwoi\1sqopl8s.txt не найден во втором архиве
2025-04-14 23:36:48,397 - Ошибка в файле path/f1y8yi2o.txt: Файл recursive_challenge\qxjzaes2\24lkeyh6\l8k5q6fs\023dsflt\gvyf2kyx\k2uxkuqk\zmdtayl4.txt не найден во втором архиве
2025-04-14 23:36:48,906 - Ошибка в файле path/9xyqtz58.txt: Файл recursive_challenge\qxjzaes2\plr4e33g\hjsrdtoz\e9td5mfq\tim6qmlx\zm619kmn\cv8ea06z.txt не найден во втором архиве
2025-04-14 23:36:48,924 - Ошибка в файле path/g6gig581.txt: Файл recursive_challenge\qxjzaes2\24lkeyh6\l8k5q6fs\vjyr8709\1nrbxwyi\c6b7n22l\8imt4yjt.txt не найден во втором архиве
2025-04-14 23:36:48,930 - Ошибка в файле path/himw744z.txt: Файл recursive_challenge\qxjzaes2\24lkeyh6\87pgggz7\sqic6n8z\i6ifx3bf\mte0uqps\50woid71.txt не найден во втором архиве
2025-04-14 23:36:49,046 - Ошибка в файле path/c9i6mrzt.txt: Файл recursive_challenge\qxjzaes2\plr4e33g\hjsrdtoz\e9td5mfq\dhpr5fba\pz20vikp\bd9c3vag.txt не найден во втором архиве
2025-04-14 23:36:49,077 - Ошибка в файле path/b13oe8ly.txt: Файл recursive_challenge\qxjzaes2\plr4e33g\hjsrdtoz\meggcmay\07l1qnka\zfcu3a3i\6c51b47y.txt не найден во втором архиве
2025-04-14 23:36:49,377 - Ошибка в файле path/d7tt8dwp.txt: Файл recursive_challenge\qxjzaes2\plr4e33g\hjsrdtoz\meggcmay\0sl0lsp9\juqf4e0e.txt не найден во втором архиве
2025-04-14 23:36:49,446 - Ошибка в файле path/e7pul73r.txt: Файл recursive_challenge\qxjzaes2\24lkeyh6\l8k5q6fs\2ds7mvnr\oq46gosp\ao48tf52\a6z5rtdo.txt не найден во втором архиве
2025-04-14 23:36:49,457 - Ошибка в файле path/f2wscov4.txt: Файл recursive_challenge\qxjzaes2\plr4e33g\hjsrdtoz\meggcmay\hgjfyvnm\v8ierp5g\oqnknpd1.txt не найден во втором архиве
2025-04-14 23:36:49,986 - Ошибка в файле path/9yabwuvi.txt: Файл recursive_challenge\qxjzaes2\24lkeyh6\87pgggz7\lvv4zock\300enzqk\jmvxzzdc.txt не найден во втором архиве
2025-04-14 23:36:50,000 - Ошибка в файле path/hjmp7ymx.txt: Файл recursive_challenge\qxjzaes2\24lkeyh6\87pgggz7\tgml8zq2\tmb9as05\x82k3ao8\iyfxcu2l.txt не найден во втором архиве
2025-04-14 23:36:50,001 - Ошибка в файле path/gcmx4rk2.txt: Файл recursive_challenge\qxjzaes2\plr4e33g\hjsrdtoz\meggcmay\5u5561c0\n1atve2k.txt не найден во втором архиве
2025-04-14 23:36:50,128 - Ошибка в файле path/c9vw97qc.txt: Файл recursive_challenge\qxjzaes2\24lkeyh6\l8k5q6fs\vjyr8709\305jkkip\9ps238md\g9fsy2mo.txt не найден во втором архиве
2025-04-14 23:36:50,160 - Ошибка в файле path/b3rcg9yd.txt: Файл recursive_challenge\qxjzaes2\plr4e33g\hjsrdtoz\e9td5mfq\tim6qmlx\zm619kmn\go98xl45.txt не найден во втором архиве
2025-04-14 23:36:50,467 - Ошибка в файле path/da50lkw3.txt: Файл recursive_challenge\qxjzaes2\24lkeyh6\gwzv6zt9\dom3olfi\60kknxn7\lcgu3qde\p5synb2y.txt не найден во втором архиве
2025-04-14 23:36:50,528 - Ошибка в файле path/e9zszpy9.txt: Файл recursive_challenge\qxjzaes2\plr4e33g\hjsrdtoz\meggcmay\07l1qnka\sd5syuy5.txt не найден во втором архиве
2025-04-14 23:36:50,543 - Ошибка в файле path/f5e644v0.txt: Файл recursive_challenge\qxjzaes2\24lkeyh6\87pgggz7\sqic6n8z\i6ifx3bf\qpvbvwdl\yqayl2yo.txt не найден во втором архиве
2025-04-14 23:36:51,053 - Ошибка в файле path/9yes0e9u.txt: Файл recursive_challenge\qxjzaes2\24lkeyh6\l8k5q6fs\geajve4d\pzpvo72t\ffllz7t1\ipiqy3e8.txt не найден во втором архиве
2025-04-14 23:36:51,092 - Ошибка в файле path/gdvuj6mq.txt: Файл recursive_challenge\qxjzaes2\24lkeyh6\87pgggz7\lvv4zock\300enzqk\gda97i63\thkf39yi.txt не найден во втором архиве
2025-04-14 23:36:51,100 - Ошибка в файле path/hke0f4t9.txt: Файл recursive_challenge\qxjzaes2\plr4e33g\hjsrdtoz\meggcmay\5u5561c0\ujge7gv4\feueqmjy.txt не найден во втором архиве
2025-04-14 23:36:51,165 - Ошибка в файле path/cbiir5d5.txt: Файл recursive_challenge\qxjzaes2\24lkeyh6\l8k5q6fs\vjyr8709\1nrbxwyi\c6b7n22l\ais1rtuf.txt не найден во втором архиве
2025-04-14 23:36:51,194 - Ошибка в файле path/b7g8dqla.txt: Файл recursive_challenge\qxjzaes2\24lkeyh6\87pgggz7\sqic6n8z\i6ifx3bf\lbc8lcwm\136jycgw.txt не найден во втором архиве
2025-04-14 23:36:51,557 - Ошибка в файле path/daw9jpa7.txt: Файл recursive_challenge\qxjzaes2\24lkeyh6\87pgggz7\lvv4zock\300enzqk\lr5rstjd\gt2jh5q5.txt не найден во втором архиве
2025-04-14 23:36:51,589 - Ошибка в файле path/ebio691p.txt: Файл recursive_challenge\qxjzaes2\24lkeyh6\l8k5q6fs\vjyr8709\305jkkip\pep9dfhj\ty996mc7.txt не найден во втором архиве
2025-04-14 23:36:51,594 - Ошибка в файле path/f73j4xnr.txt: Файл recursive_challenge\qxjzaes2\24lkeyh6\87pgggz7\tgml8zq2\tmb9as05\ag3gn973\pk455sym.txt не найден во втором архиве
2025-04-14 23:36:52,151 - Ошибка в файле path/9ykstt5z.txt: Файл recursive_challenge\qxjzaes2\24lkeyh6\gwzv6zt9\l9oo8gy9\o3uwpb77\ac9yhrd2\9b29h6x3.txt не найден во втором архиве
2025-04-14 23:36:52,221 - Ошибка в файле path/gfz35ju9.txt: Файл recursive_challenge\qxjzaes2\plr4e33g\jdxi8nzo\m06ur6e4\x68byxlt\uqk973c9\npbyhyzn.txt не найден во втором архиве
2025-04-14 23:36:52,288 - Ошибка в файле path/cboxua7r.txt: Файл recursive_challenge\qxjzaes2\plr4e33g\jdxi8nzo\m06ur6e4\d60rrvq1\kwadg12e.txt не найден во втором архиве
2025-04-14 23:36:52,337 - Ошибка в файле path/b8fgmx1q.txt: Файл recursive_challenge\qxjzaes2\24lkeyh6\87pgggz7\lvv4zock\zoc6meh4\i1e8pomo\rs42m8fr.txt не найден во втором архиве
2025-04-14 23:36:52,465 - Ошибка в файле path/hn7eag4b.txt: Файл recursive_challenge\qxjzaes2\24lkeyh6\87pgggz7\lvv4zock\9welz67w\ofpj06r7\32ffgep8.txt не найден во втором архиве
2025-04-14 23:36:53,039 - Ошибка в файле path/dca6tsh1.txt: Файл recursive_challenge\qxjzaes2\24lkeyh6\l8k5q6fs\vjyr8709\llc8lc44\htj82gu5\ex7jtaql.txt не найден во втором архиве
2025-04-14 23:36:53,052 - Ошибка в файле path/ebzlgr8p.txt: Файл recursive_challenge\qxjzaes2\plr4e33g\hjsrdtoz\e9td5mfq\kd47aye4\phcv5msd\1cnrswyi.txt не найден во втором архиве
2025-04-14 23:36:53,120 - Ошибка в файле path/f8268gwd.txt: Файл recursive_challenge\qxjzaes2\24lkeyh6\l8k5q6fs\2ds7mvnr\oq46gosp\ao48tf52\nhpz13zf.txt не найден во втором архиве
2025-04-14 23:36:53,306 - Ошибка в файле path/a0gcx77r.txt: Файл recursive_challenge\qxjzaes2\24lkeyh6\87pgggz7\sqic6n8z\i6ifx3bf\r5pjbrff\86pwab2s.txt не найден во втором архиве
2025-04-14 23:36:53,372 - Ошибка в файле path/ghf4lsh7.txt: Файл recursive_challenge\qxjzaes2\plr4e33g\hjsrdtoz\e9td5mfq\kd47aye4\u8c7w556\m2gz6l0w.txt не найден во втором архиве
2025-04-14 23:36:53,452 - Ошибка в файле path/cc291mdf.txt: Файл recursive_challenge\qxjzaes2\plr4e33g\hjsrdtoz\meggcmay\5u5561c0\lf370xre.txt не найден во втором архиве
2025-04-14 23:36:53,491 - Ошибка в файле path/bai2ei2w.txt: Файл recursive_challenge\qxjzaes2\24lkeyh6\l8k5q6fs\2ds7mvnr\oq46gosp\7880vpfv\h5cnvj62.txt не найден во втором архиве
2025-04-14 23:36:53,664 - Ошибка в файле path/hogdfnw6.txt: Файл recursive_challenge\qxjzaes2\24lkeyh6\87pgggz7\sqic6n8z\bueat201\zfz33ucp\3ak1ebbi.txt не найден во втором архиве
2025-04-14 23:36:54,146 - Ошибка в файле path/ec1wp8fd.txt: Файл recursive_challenge\qxjzaes2\24lkeyh6\l8k5q6fs\geajve4d\cjnq7zsv\cqa8qv2s.txt не найден во втором архиве
2025-04-14 23:36:54,148 - Ошибка в файле path/dd64aqlf.txt: Файл recursive_challenge\qxjzaes2\plr4e33g\hjsrdtoz\e9td5mfq\kd47aye4\tmao6h8f\wl183hif.txt не найден во втором архиве
2025-04-14 23:36:54,205 - Ошибка в файле path/f9jstmmb.txt: Файл recursive_challenge\qxjzaes2\plr4e33g\hjsrdtoz\e9td5mfq\kd47aye4\ofz9e66m\w9653ccg.txt не найден во втором архиве
2025-04-14 23:36:54,388 - Ошибка в файле path/a0xm9zc5.txt: Файл recursive_challenge\qxjzaes2\plr4e33g\hjsrdtoz\meggcmay\hgjfyvnm\foqtcwr5.txt не найден во втором архиве
2025-04-14 23:36:54,461 - Ошибка в файле path/gif6zm20.txt: Файл recursive_challenge\qxjzaes2\plr4e33g\hjsrdtoz\e9td5mfq\tim6qmlx\azlju0w2\dtikuki8.txt не найден во втором архиве
2025-04-14 23:36:54,545 - Ошибка в файле path/ccdf0t8m.txt: Файл recursive_challenge\qxjzaes2\24lkeyh6\l8k5q6fs\2ds7mvnr\oq46gosp\m0tfca24\nsmut24k.txt не найден во втором архиве
2025-04-14 23:36:54,593 - Ошибка в файле path/bcv07nvr.txt: Файл recursive_challenge\qxjzaes2\plr4e33g\jdxi8nzo\m06ur6e4\x68byxlt\31vtmy7z\9aecp613.txt не найден во втором архиве
2025-04-14 23:36:54,752 - Ошибка в файле path/hpezzoqi.txt: Файл recursive_challenge\qxjzaes2\24lkeyh6\l8k5q6fs\geajve4d\r6kqsjks.txt не найден во втором архиве
2025-04-14 23:36:55,256 - Ошибка в файле path/df6o2ip1.txt: Файл recursive_challenge\qxjzaes2\24lkeyh6\87pgggz7\lvv4zock\zoc6meh4\i1e8pomo\sh71hfgy.txt не найден во втором архиве
2025-04-14 23:36:55,259 - Ошибка в файле path/ecflabp1.txt: Файл recursive_challenge\qxjzaes2\24lkeyh6\l8k5q6fs\2ds7mvnr\oq46gosp\1c006h7s\0jsbc9bl.txt не найден во втором архиве
2025-04-14 23:36:55,316 - Ошибка в файле path/f9loemy8.txt: Файл recursive_challenge\qxjzaes2\plr4e33g\hjsrdtoz\meggcmay\0sl0lsp9\tac9i2so\76b734yp.txt не найден во втором архиве
2025-04-14 23:36:55,417 - Ошибка в файле path/a1t2d6n5.txt: Файл recursive_challenge\qxjzaes2\24lkeyh6\l8k5q6fs\vjyr8709\pxt1wv6o\18jk1fix\v09ku2du.txt не найден во втором архиве
2025-04-14 23:36:55,555 - Ошибка в файле path/gj54no3v.txt: Файл recursive_challenge\qxjzaes2\24lkeyh6\l8k5q6fs\2ds7mvnr\oq46gosp\hjw10xiz\tcie3ipp.txt не найден во втором архиве
2025-04-14 23:36:55,589 - Ошибка в файле path/cfeeukd5.txt: Файл recursive_challenge\qxjzaes2\24lkeyh6\l8k5q6fs\vjyr8709\305jkkip\pep9dfhj\ugyk5586.txt не найден во втором архиве
2025-04-14 23:36:55,647 - Ошибка в файле path/belaewkl.txt: Файл recursive_challenge\qxjzaes2\plr4e33g\hjsrdtoz\e9td5mfq\dhpr5fba\pz20vikp\epa5is7y.txt не найден во втором архиве
2025-04-14 23:36:55,861 - Ошибка в файле path/hpnhk12n.txt: Файл recursive_challenge\qxjzaes2\24lkeyh6\l8k5q6fs\vjyr8709\11ahet30\gwbmgga2.txt не найден во втором архиве
2025-04-14 23:36:56,325 - Ошибка в файле path/dhuxzndz.txt: Файл recursive_challenge\qxjzaes2\plr4e33g\hjsrdtoz\meggcmay\hgjfyvnm\11per8fa\za9l7b7g.txt не найден во втором архиве
2025-04-14 23:36:56,341 - Ошибка в файле path/ee7aox4p.txt: Файл recursive_challenge\qxjzaes2\plr4e33g\hjsrdtoz\e9td5mfq\dhpr5fba\pz20vikp\9m11ctyl.txt не найден во втором архиве
2025-04-14 23:36:56,384 - Ошибка в файле path/faxd67fs.txt: Файл recursive_challenge\qxjzaes2\24lkeyh6\l8k5q6fs\vjyr8709\pxt1wv6o\l6ux5fy6\9wfg4rvr.txt не найден во втором архиве
2025-04-14 23:36:56,489 - Ошибка в файле path/a58mf51v.txt: Файл recursive_challenge\qxjzaes2\24lkeyh6\87pgggz7\sqic6n8z\bueat201\554s9k8o.txt не найден во втором архиве
2025-04-14 23:36:56,607 - Ошибка в файле path/gj8ik1gm.txt: Файл recursive_challenge\qxjzaes2\24lkeyh6\gwzv6zt9\dom3olfi\n3d27s3i\ao3z47j7\tdjcufhu.txt не найден во втором архиве
2025-04-14 23:36:56,673 - Ошибка в файле path/cg3ahccw.txt: Файл recursive_challenge\qxjzaes2\24lkeyh6\87pgggz7\tgml8zq2\tmb9as05\ag3gn973\oijghmiy.txt не найден во втором архиве
2025-04-14 23:36:56,716 - Ошибка в файле path/belakrlq.txt: Файл recursive_challenge\qxjzaes2\plr4e33g\hjsrdtoz\meggcmay\g5qb5r57\sjd3aodg\7umu88id.txt не найден во втором архиве
2025-04-14 23:36:56,936 - Ошибка в файле path/ht6mrpdf.txt: Файл recursive_challenge\qxjzaes2\plr4e33g\hjsrdtoz\e9td5mfq\kd47aye4\croov64q\ykaj8883.txt не найден во втором архиве
2025-04-14 23:36:57,414 - Ошибка в файле path/di5rwqo9.txt: Файл recursive_challenge\qxjzaes2\24lkeyh6\87pgggz7\sqic6n8z\bueat201\908pt7ks\skkt2o70.txt не найден во втором архиве
2025-04-14 23:36:57,435 - Ошибка в файле path/eghafklo.txt: Файл recursive_challenge\qxjzaes2\24lkeyh6\87pgggz7\tgml8zq2\gz00xrev.txt не найден во втором архиве
2025-04-14 23:36:57,476 - Ошибка в файле path/fbwzxj0c.txt: Файл recursive_challenge\qxjzaes2\plr4e33g\hjsrdtoz\e9td5mfq\kd47aye4\1roi36s4\um9i4k13.txt не найден во втором архиве
2025-04-14 23:36:57,582 - Ошибка в файле path/a59p60cv.txt: Файл recursive_challenge\qxjzaes2\24lkeyh6\l8k5q6fs\2ds7mvnr\2jf743w3\77rshnsz.txt не найден во втором архиве
2025-04-14 23:36:57,666 - Ошибка в файле path/gkev4j1d.txt: Файл recursive_challenge\qxjzaes2\24lkeyh6\87pgggz7\lvv4zock\300enzqk\gbnr9np9\s3bkp69m.txt не найден во втором архиве
2025-04-14 23:36:57,761 - Ошибка в файле path/cguprf2o.txt: Файл recursive_challenge\qxjzaes2\plr4e33g\jdxi8nzo\m06ur6e4\d60rrvq1\ajso0kfr\tqlabkmr.txt не найден во втором архиве
2025-04-14 23:36:57,802 - Ошибка в файле path/bfd5z3fj.txt: Файл recursive_challenge\qxjzaes2\plr4e33g\hjsrdtoz\meggcmay\hgjfyvnm\zb6eb6pi\7m4kdbq8.txt не найден во втором архиве
2025-04-14 23:36:58,011 - Ошибка в файле path/hvbnk8da.txt: Файл recursive_challenge\qxjzaes2\24lkeyh6\l8k5q6fs\vjyr8709\305jkkip\9ps238md\l9xa92c7.txt не найден во втором архиве
2025-04-14 23:36:58,541 - Ошибка в файле path/dk8ebdy4.txt: Файл recursive_challenge\qxjzaes2\plr4e33g\hjsrdtoz\meggcmay\5u5561c0\9u4wix3n\5qzpj9ox.txt не найден во втором архиве
2025-04-14 23:36:58,570 - Ошибка в файле path/ei0rl1zy.txt: Файл recursive_challenge\qxjzaes2\24lkeyh6\l8k5q6fs\vjyr8709\pxt1wv6o\tn6c8j5m.txt не найден во втором архиве
2025-04-14 23:36:58,597 - Ошибка в файле path/fcjihrfb.txt: Файл recursive_challenge\qxjzaes2\24lkeyh6\87pgggz7\sqic6n8z\bueat201\zfz33ucp\sry8xszl.txt не найден во втором архиве
2025-04-14 23:36:58,673 - Ошибка в файле path/a5benfxv.txt: Файл recursive_challenge\qxjzaes2\24lkeyh6\l8k5q6fs\vjyr8709\11ahet30\nwis7peg.txt не найден во втором архиве
2025-04-14 23:36:58,791 - Ошибка в файле path/gmpq7z8r.txt: Файл recursive_challenge\qxjzaes2\24lkeyh6\l8k5q6fs\vjyr8709\1nrbxwyi\3krkf78z\wfwyj25h.txt не найден во втором архиве
2025-04-14 23:36:58,838 - Ошибка в файле path/cjb0a9pa.txt: Файл recursive_challenge\qxjzaes2\24lkeyh6\87pgggz7\lvv4zock\0ocmmcvu\xosfod8e\3dixev0z.txt не найден во втором архиве
2025-04-14 23:36:58,861 - Ошибка в файле path/bib6jl73.txt: Файл recursive_challenge\qxjzaes2\24lkeyh6\87pgggz7\lvv4zock\bbrngl3w\qill8hmy.txt не найден во втором архиве
2025-04-14 23:36:59,169 - Ошибка в файле path/hwioaas8.txt: Файл recursive_challenge\qxjzaes2\24lkeyh6\l8k5q6fs\vjyr8709\305jkkip\bc4z0bxz\juekwxu2.txt не найден во втором архиве
2025-04-14 23:36:59,613 - Ошибка в файле path/dl2sjkhm.txt: Файл recursive_challenge\qxjzaes2\24lkeyh6\l8k5q6fs\vjyr8709\11ahet30\gis2jflo.txt не найден во втором архиве
2025-04-14 23:36:59,641 - Ошибка в файле path/ei3fac0a.txt: Файл recursive_challenge\qxjzaes2\24lkeyh6\gwzv6zt9\dom3olfi\c787qynu\yur71wwr.txt не найден во втором архиве
2025-04-14 23:36:59,674 - Ошибка в файле path/fdumrz95.txt: Файл recursive_challenge\qxjzaes2\24lkeyh6\l8k5q6fs\2ds7mvnr\oq46gosp\m0tfca24\iyez694v.txt не найден во втором архиве
2025-04-14 23:36:59,744 - Ошибка в файле path/a6v345w1.txt: Файл recursive_challenge\qxjzaes2\24lkeyh6\87pgggz7\lvv4zock\300enzqk\gda97i63\kcnrojmc.txt не найден во втором архиве
2025-04-14 23:36:59,837 - Ошибка в файле path/gp0yeze6.txt: Файл recursive_challenge\qxjzaes2\24lkeyh6\l8k5q6fs\vjyr8709\pxt1wv6o\l6ux5fy6\o4rnr0ls.txt не найден во втором архиве
2025-04-14 23:36:59,920 - Ошибка в файле path/blrj2ni8.txt: Файл recursive_challenge\qxjzaes2\24lkeyh6\l8k5q6fs\vjyr8709\99575oup\idkc4gqo\b2e2u35k.txt не найден во втором архиве
2025-04-14 23:36:59,939 - Ошибка в файле path/clbqa71x.txt: Файл recursive_challenge\qxjzaes2\24lkeyh6\87pgggz7\lvv4zock\300enzqk\tggz4m2j.txt не найден во втором архиве
2025-04-14 23:37:00,229 - Ошибка в файле path/hx5vzpsr.txt: Файл recursive_challenge\qxjzaes2\24lkeyh6\l8k5q6fs\2ds7mvnr\2jf743w3\pyb7rxbb\puaggw1y.txt не найден во втором архиве
2025-04-14 23:37:00,698 - Ошибка в файле path/dp4hkj2w.txt: Файл recursive_challenge\qxjzaes2\plr4e33g\hjsrdtoz\e9td5mfq\tim6qmlx\hcjlkqf6\hx3pyiy7.txt не найден во втором архиве
2025-04-14 23:37:00,721 - Ошибка в файле path/eig7l11i.txt: Файл recursive_challenge\qxjzaes2\plr4e33g\jdxi8nzo\m06ur6e4\x68byxlt\el49eq5y\l2dz1ix4.txt не найден во втором архиве
2025-04-14 23:37:00,742 - Ошибка в файле path/fg594pe5.txt: Файл recursive_challenge\qxjzaes2\24lkeyh6\l8k5q6fs\vjyr8709\xut7l6x0\8nh15a9z\pejzl7qw.txt не найден во втором архиве
2025-04-14 23:37:00,811 - Ошибка в файле path/a7tfoigf.txt: Файл recursive_challenge\qxjzaes2\24lkeyh6\87pgggz7\lvv4zock\300enzqk\typdmx35\qxvw8h99.txt не найден во втором архиве
2025-04-14 23:37:00,916 - Ошибка в файле path/gq3hp334.txt: Файл recursive_challenge\qxjzaes2\plr4e33g\jdxi8nzo\m06ur6e4\x68byxlt\4s6mtasp\x7xtqh31.txt не найден во втором архиве
2025-04-14 23:37:00,997 - Ошибка в файле path/bm5gxuzu.txt: Файл recursive_challenge\qxjzaes2\plr4e33g\hjsrdtoz\e9td5mfq\kd47aye4\ofz9e66m\m5debbqt.txt не найден во втором архиве
2025-04-14 23:37:01,038 - Ошибка в файле path/cnv3z1ko.txt: Файл recursive_challenge\qxjzaes2\24lkeyh6\l8k5q6fs\vjyr8709\llc8lc44\6vxwreno\z4850alh.txt не найден во втором архиве
2025-04-14 23:37:01,293 - Ошибка в файле path/i0dwg91o.txt: Файл recursive_challenge\qxjzaes2\plr4e33g\jdxi8nzo\m06ur6e4\d60rrvq1\py9ow1hw.txt не найден во втором архиве
2025-04-14 23:37:01,795 - Ошибка в файле path/dqby9x6j.txt: Файл recursive_challenge\qxjzaes2\plr4e33g\hjsrdtoz\meggcmay\5u5561c0\ujge7gv4\fhiqqbkt.txt не найден во втором архиве
2025-04-14 23:37:01,813 - Ошибка в файле path/eivc1l0f.txt: Файл recursive_challenge\qxjzaes2\24lkeyh6\gwzv6zt9\dom3olfi\c787qynu\09er02c4\zy9tixsd.txt не найден во втором архиве
2025-04-14 23:37:01,828 - Ошибка в файле path/fgi2bsqf.txt: Файл recursive_challenge\qxjzaes2\24lkeyh6\87pgggz7\lvv4zock\zoc6meh4\y5bkpso3\hh65h5jg.txt не найден во втором архиве
2025-04-14 23:37:01,889 - Ошибка в файле path/a83ya1uv.txt: Файл recursive_challenge\qxjzaes2\24lkeyh6\l8k5q6fs\vjyr8709\305jkkip\bc4z0bxz\gk9a9aat.txt не найден во втором архиве
2025-04-14 23:37:01,992 - Ошибка в файле path/gqr6dort.txt: Файл recursive_challenge\qxjzaes2\24lkeyh6\l8k5q6fs\2ds7mvnr\oq46gosp\hjw10xiz\caymfgt1.txt не найден во втором архиве
2025-04-14 23:37:02,072 - Ошибка в файле path/bmemgxar.txt: Файл recursive_challenge\qxjzaes2\24lkeyh6\87pgggz7\lvv4zock\300enzqk\gbnr9np9\u32fz80g.txt не найден во втором архиве
2025-04-14 23:37:02,116 - Ошибка в файле path/coadlu6j.txt: Файл recursive_challenge\qxjzaes2\plr4e33g\jdxi8nzo\m06ur6e4\x68byxlt\qaio6snk\mbms3ikp.txt не найден во втором архиве
2025-04-14 23:37:02,370 - Ошибка в файле path/i0t16fjp.txt: Файл recursive_challenge\qxjzaes2\24lkeyh6\87pgggz7\sqic6n8z\bueat201\zfz33ucp\nclnzhyx.txt не найден во втором архиве
2025-04-14 23:37:02,917 - Ошибка в файле path/dqqp8rjq.txt: Файл recursive_challenge\qxjzaes2\plr4e33g\hjsrdtoz\meggcmay\5u5561c0\ujge7gv4\n3ceqa5g.txt не найден во втором архиве
2025-04-14 23:37:02,964 - Ошибка в файле path/ejdlnibe.txt: Файл recursive_challenge\qxjzaes2\plr4e33g\hjsrdtoz\e9td5mfq\dhpr5fba\561rlpoz\dn4km0o8.txt не найден во втором архиве
2025-04-14 23:37:03,005 - Ошибка в файле path/fgzmxgvn.txt: Файл recursive_challenge\qxjzaes2\24lkeyh6\87pgggz7\lvv4zock\300enzqk\wizk1575.txt не найден во втором архиве
2025-04-14 23:37:03,008 - Ошибка в файле path/a8jym77u.txt: Файл recursive_challenge\qxjzaes2\24lkeyh6\l8k5q6fs\geajve4d\cjnq7zsv\boemyllk\546ejay1.txt не найден во втором архиве
2025-04-14 23:37:03,284 - Ошибка в файле path/gre0sfah.txt: Файл recursive_challenge\qxjzaes2\24lkeyh6\87pgggz7\lvv4zock\0ocmmcvu\v3jucgcg.txt не найден во втором архиве
2025-04-14 23:37:03,286 - Ошибка в файле path/cp2q8mv6.txt: Файл recursive_challenge\qxjzaes2\plr4e33g\hjsrdtoz\meggcmay\5u5561c0\nribkhyy\8iq2ea7v.txt не найден во втором архиве
2025-04-14 23:37:03,292 - Ошибка в файле path/bo7s14za.txt: Файл recursive_challenge\qxjzaes2\24lkeyh6\l8k5q6fs\vjyr8709\llc8lc44\scbcf97h\m2yd5vu6.txt не найден во втором архиве
2025-04-14 23:37:03,795 - Ошибка в файле path/i187vupt.txt: Файл recursive_challenge\qxjzaes2\24lkeyh6\l8k5q6fs\2ds7mvnr\2jf743w3\ph6tmhka\n4cu7k59.txt не найден во втором архиве
2025-04-14 23:37:04,306 - Ошибка в файле path/ejncgut0.txt: Файл recursive_challenge\qxjzaes2\24lkeyh6\l8k5q6fs\2ds7mvnr\2jf743w3\ph6tmhka\ndyo0t4e.txt не найден во втором архиве
2025-04-14 23:37:04,330 - Ошибка в файле path/ds2o1d6q.txt: Файл recursive_challenge\qxjzaes2\plr4e33g\hjsrdtoz\meggcmay\5u5561c0\e4i4vq69.txt не найден во втором архиве
2025-04-14 23:37:04,339 - Ошибка в файле path/aal62e6s.txt: Файл recursive_challenge\qxjzaes2\plr4e33g\hjsrdtoz\meggcmay\hgjfyvnm\11per8fa\xbpi5yx4.txt не найден во втором архиве
2025-04-14 23:37:04,343 - Ошибка в файле path/fhllztqs.txt: Файл recursive_challenge\qxjzaes2\plr4e33g\hjsrdtoz\e9td5mfq\tim6qmlx\azlju0w2\t2utfvb0.txt не найден во втором архиве
2025-04-14 23:37:04,527 - Ошибка в файле path/bsxkr2sl.txt: Файл recursive_challenge\qxjzaes2\plr4e33g\hjsrdtoz\e9td5mfq\4q33a5qn\icxzs0rp.txt не найден во втором архиве
2025-04-14 23:37:04,557 - Ошибка в файле path/gtxh5qvy.txt: Файл recursive_challenge\qxjzaes2\24lkeyh6\l8k5q6fs\geajve4d\cjnq7zsv\yun4ft6q.txt не найден во втором архиве
2025-04-14 23:37:04,606 - Ошибка в файле path/crhc8ybo.txt: Файл recursive_challenge\qxjzaes2\plr4e33g\hjsrdtoz\meggcmay\5u5561c0\6o0st0dv.txt не найден во втором архиве
2025-04-14 23:37:04,906 - Ошибка в файле path/i5hjjnsl.txt: Файл recursive_challenge\qxjzaes2\plr4e33g\hjsrdtoz\e9td5mfq\kd47aye4\croov64q\xoed2i3l.txt не найден во втором архиве
2025-04-14 23:37:05,394 - Ошибка в файле path/ek1wlb70.txt: Файл recursive_challenge\qxjzaes2\24lkeyh6\l8k5q6fs\vjyr8709\pxt1wv6o\l6ux5fy6\1b4ikqai.txt не найден во втором архиве
2025-04-14 23:37:05,420 - Ошибка в файле path/dst8l1dd.txt: Файл recursive_challenge\qxjzaes2\plr4e33g\jdxi8nzo\m06ur6e4\x68byxlt\el49eq5y\3bihc9kz.txt не найден во втором архиве
2025-04-14 23:37:05,448 - Ошибка в файле path/fhr9465p.txt: Файл recursive_challenge\qxjzaes2\24lkeyh6\gwzv6zt9\dom3olfi\n3d27s3i\ao3z47j7\xxeonw6v.txt не найден во втором архиве
2025-04-14 23:37:05,455 - Ошибка в файле path/ab9tm0g4.txt: Файл recursive_challenge\qxjzaes2\24lkeyh6\87pgggz7\lvv4zock\9welz67w\1dlkyflf.txt не найден во втором архиве
2025-04-14 23:37:05,600 - Ошибка в файле path/bte1j40q.txt: Файл recursive_challenge\qxjzaes2\plr4e33g\jdxi8nzo\ybkbwe06.txt не найден во втором архиве
2025-04-14 23:37:05,636 - Ошибка в файле path/gu5ygjev.txt: Файл recursive_challenge\qxjzaes2\24lkeyh6\l8k5q6fs\geajve4d\cjnq7zsv\cu6hxgyl.txt не найден во втором архиве
2025-04-14 23:37:05,698 - Ошибка в файле path/cryc0mwd.txt: Файл recursive_challenge\qxjzaes2\24lkeyh6\87pgggz7\lvv4zock\zoc6meh4\i1e8pomo\8safsrro.txt не найден во втором архиве
2025-04-14 23:37:05,981 - Ошибка в файле path/i7j0km2q.txt: Файл recursive_challenge\qxjzaes2\24lkeyh6\l8k5q6fs\geajve4d\pzpvo72t\cqumx4y1\exgvrbou.txt не найден во втором архиве
2025-04-14 23:37:06,479 - Ошибка в файле path/emh01v6g.txt: Файл recursive_challenge\qxjzaes2\plr4e33g\hjsrdtoz\e9td5mfq\4q33a5qn\r46pxkxb.txt не найден во втором архиве
2025-04-14 23:37:06,511 - Ошибка в файле path/du57ncra.txt: Файл recursive_challenge\qxjzaes2\24lkeyh6\gwzv6zt9\dom3olfi\60kknxn7\0fk8uxub.txt не найден во втором архиве
2025-04-14 23:37:06,550 - Ошибка в файле path/fkd0jy3k.txt: Файл recursive_challenge\qxjzaes2\24lkeyh6\87pgggz7\lvv4zock\bbrngl3w\n4uvjnfp.txt не найден во втором архиве
2025-04-14 23:37:06,562 - Ошибка в файле path/aff5h2hn.txt: Файл recursive_challenge\qxjzaes2\24lkeyh6\l8k5q6fs\023dsflt\mbupl9sp\8sxuzu23.txt не найден во втором архиве
2025-04-14 23:37:06,694 - Ошибка в файле path/btxel8ud.txt: Файл recursive_challenge\qxjzaes2\24lkeyh6\l8k5q6fs\2ds7mvnr\2jf743w3\116kjg57.txt не найден во втором архиве
2025-04-14 23:37:06,724 - Ошибка в файле path/gw91umh9.txt: Файл recursive_challenge\qxjzaes2\24lkeyh6\gwzv6zt9\dom3olfi\60kknxn7\9hwvtqw4\afjp29f3.txt не найден во втором архиве
2025-04-14 23:37:06,795 - Ошибка в файле path/csjsckmj.txt: Файл recursive_challenge\qxjzaes2\24lkeyh6\l8k5q6fs\geajve4d\pzpvo72t\v5shiy26.txt не найден во втором архиве
2025-04-14 23:37:07,064 - Ошибка в файле path/i94tkd7z.txt: Файл recursive_challenge\qxjzaes2\24lkeyh6\gwzv6zt9\dom3olfi\c787qynu\09er02c4\npniz3eo.txt не найден во втором архиве
2025-04-14 23:37:07,575 - Ошибка в файле path/er1scsz7.txt: Файл recursive_challenge\qxjzaes2\plr4e33g\hjsrdtoz\e9td5mfq\tim6qmlx\hcjlkqf6\2cojijpr.txt не найден во втором архиве
2025-04-14 23:37:07,607 - Ошибка в файле path/dusqv6io.txt: Файл recursive_challenge\qxjzaes2\24lkeyh6\87pgggz7\lvv4zock\zoc6meh4\w5eg9l5h\zopo7gfh.txt не найден во втором архиве
2025-04-14 23:37:07,623 - Ошибка в файле path/aghy0oa6.txt: Файл recursive_challenge\qxjzaes2\plr4e33g\hjsrdtoz\meggcmay\g5qb5r57\hm496tow.txt не найден во втором архиве
2025-04-14 23:37:07,676 - Ошибка в файле path/fkngxwaw.txt: Файл recursive_challenge\qxjzaes2\plr4e33g\hjsrdtoz\e9td5mfq\kd47aye4\1roi36s4\e8otf6db.txt не найден во втором архиве
2025-04-14 23:37:07,736 - Ошибка в файле path/bufz87i2.txt: Файл recursive_challenge\qxjzaes2\24lkeyh6\87pgggz7\lvv4zock\3d6sd0o3\t3sqfd6v\lbs7ml2d.txt не найден во втором архиве
2025-04-14 23:37:07,820 - Ошибка в файле path/gyqgcwqk.txt: Файл recursive_challenge\qxjzaes2\plr4e33g\hjsrdtoz\meggcmay\0sl0lsp9\qhnp47ks.txt не найден во втором архиве
2025-04-14 23:37:07,854 - Ошибка в файле path/csk3wq24.txt: Файл recursive_challenge\qxjzaes2\24lkeyh6\l8k5q6fs\vjyr8709\99575oup\29bw0j1n.txt не найден во втором архиве
2025-04-14 23:37:08,176 - Ошибка в файле path/ie6i9s5u.txt: Файл recursive_challenge\qxjzaes2\24lkeyh6\l8k5q6fs\vjyr8709\99575oup\ylane65k\ayroxgtz.txt не найден во втором архиве
2025-04-14 23:37:08,675 - Ошибка в файле path/esi7jjuz.txt: Файл recursive_challenge\qxjzaes2\24lkeyh6\87pgggz7\lvv4zock\0ocmmcvu\5lobeleg\e3x4dqeu.txt не найден во втором архиве
2025-04-14 23:37:08,677 - Ошибка в файле path/duv140w3.txt: Файл recursive_challenge\qxjzaes2\24lkeyh6\l8k5q6fs\vjyr8709\xut7l6x0\5lkdmrmb\xq95jljq.txt не найден во втором архиве
2025-04-14 23:37:08,714 - Ошибка в файле path/aiz4019m.txt: Файл recursive_challenge\qxjzaes2\24lkeyh6\l8k5q6fs\2ds7mvnr\oq46gosp\ao48tf52\608x4unw.txt не найден во втором архиве
2025-04-14 23:37:08,757 - Ошибка в файле path/fnm0samt.txt: Файл recursive_challenge\qxjzaes2\24lkeyh6\l8k5q6fs\vjyr8709\305jkkip\bc4z0bxz\msyqd3wu.txt не найден во втором архиве
2025-04-14 23:37:08,869 - Ошибка в файле path/bvksie3t.txt: Файл recursive_challenge\qxjzaes2\plr4e33g\hjsrdtoz\meggcmay\o8pqful3\obl3ohsd.txt не найден во втором архиве
2025-04-14 23:37:08,923 - Ошибка в файле path/gysfdbr8.txt: Файл recursive_challenge\qxjzaes2\24lkeyh6\l8k5q6fs\023dsflt\gvyf2kyx\i2r7wyzo\xhp0z4fc.txt не найден во втором архиве
2025-04-14 23:37:08,988 - Ошибка в файле path/ct2yn49k.txt: Файл recursive_challenge\qxjzaes2\24lkeyh6\gwzv6zt9\l9oo8gy9\o3uwpb77\ac9yhrd2\2gqm2301.txt не найден во втором архиве
2025-04-14 23:37:09,436 - Ошибка в файле path/igr086lq.txt: Файл recursive_challenge\qxjzaes2\24lkeyh6\l8k5q6fs\2ds7mvnr\2jf743w3\iqqqb4gt\3apyvsh2.txt не найден во втором архиве
2025-04-14 23:37:09,955 - Ошибка в файле path/fr95dd7l.txt: Файл recursive_challenge\qxjzaes2\24lkeyh6\87pgggz7\tgml8zq2\tmb9as05\73shruuo\x96ai1s2.txt не найден во втором архиве
2025-04-14 23:37:10,015 - Ошибка в файле path/bx09ww6u.txt: Файл recursive_challenge\qxjzaes2\24lkeyh6\l8k5q6fs\vjyr8709\llc8lc44\5lza7rcl\spqabns4.txt не найден во втором архиве
2025-04-14 23:37:10,018 - Ошибка в файле path/duyk39rd.txt: Файл recursive_challenge\qxjzaes2\24lkeyh6\87pgggz7\sqic6n8z\gkmc3d4s.txt не найден во втором архиве
2025-04-14 23:37:10,020 - Ошибка в файле path/estl9a53.txt: Файл recursive_challenge\qxjzaes2\24lkeyh6\l8k5q6fs\2ds7mvnr\oq46gosp\1c006h7s\vx3piuu2.txt не найден во втором архиве
2025-04-14 23:37:10,030 - Ошибка в файле path/ak1qkph9.txt: Файл recursive_challenge\qxjzaes2\24lkeyh6\87pgggz7\lvv4zock\gt9bvi3s.txt не найден во втором архиве
2025-04-14 23:37:10,098 - Ошибка в файле path/h0ix8bxz.txt: Файл recursive_challenge\qxjzaes2\24lkeyh6\l8k5q6fs\vjyr8709\xut7l6x0\8nh15a9z\qr6rk6dr.txt не найден во втором архиве
2025-04-14 23:37:10,202 - Ошибка в файле path/cuncv210.txt: Файл recursive_challenge\qxjzaes2\24lkeyh6\87pgggz7\lvv4zock\jjidtgn6\1m5hlxpv\ha22e3o5.txt не найден во втором архиве
2025-04-14 23:37:10,567 - Ошибка в файле path/ihtrbg5n.txt: Файл recursive_challenge\qxjzaes2\24lkeyh6\gwzv6zt9\dom3olfi\60kknxn7\ofnmul7u.txt не найден во втором архиве
2025-04-14 23:37:11,049 - Ошибка в файле path/fs3yme1x.txt: Файл recursive_challenge\qxjzaes2\plr4e33g\hjsrdtoz\e9td5mfq\dhpr5fba\pz20vikp\juyo4urn.txt не найден во втором архиве
2025-04-14 23:37:11,060 - Ошибка в файле path/bxb0wgv2.txt: Файл recursive_challenge\qxjzaes2\24lkeyh6\l8k5q6fs\geajve4d\y9lin0tg.txt не найден во втором архиве
2025-04-14 23:37:11,084 - Ошибка в файле path/al6fo3ld.txt: Файл recursive_challenge\qxjzaes2\24lkeyh6\87pgggz7\lvv4zock\bbrngl3w\9bw9c6we.txt не найден во втором архиве
2025-04-14 23:37:11,143 - Ошибка в файле path/dv1fmoiy.txt: Файл recursive_challenge\qxjzaes2\24lkeyh6\l8k5q6fs\vjyr8709\xut7l6x0\8nh15a9z\ionk335j.txt не найден во втором архиве
2025-04-14 23:37:11,152 - Ошибка в файле path/evxdb7wi.txt: Файл recursive_challenge\qxjzaes2\plr4e33g\hjsrdtoz\meggcmay\hgjfyvnm\zb6eb6pi\p1jyfqje.txt не найден во втором архиве
2025-04-14 23:37:11,193 - Ошибка в файле path/h0y0fjcf.txt: Файл recursive_challenge\qxjzaes2\24lkeyh6\87pgggz7\sqic6n8z\bueat201\zfz33ucp\c0brpfph.txt не найден во втором архиве
2025-04-14 23:37:11,261 - Ошибка в файле path/cuwp0mp3.txt: Файл recursive_challenge\qxjzaes2\24lkeyh6\87pgggz7\sqic6n8z\i6ifx3bf\f6wzbfoe\ipfrdhah.txt не найден во втором архиве
2025-04-14 23:37:11,676 - Ошибка в файле path/ihu75w3y.txt: Файл recursive_challenge\qxjzaes2\plr4e33g\hjsrdtoz\meggcmay\5u5561c0\nribkhyy\4mvzup20.txt не найден во втором архиве
2025-04-14 23:37:12,115 - Ошибка в файле path/ftul00dq.txt: Файл recursive_challenge\qxjzaes2\plr4e33g\hjsrdtoz\meggcmay\hgjfyvnm\zb6eb6pi\t14piyo5.txt не найден во втором архиве
2025-04-14 23:37:12,173 - Ошибка в файле path/ii19m4ct.txt: Файл recursive_challenge\qxjzaes2\24lkeyh6\l8k5q6fs\vjyr8709\99575oup\5cg8n4i4\wddzidoz.txt не найден во втором архиве
2025-04-14 23:37:12,188 - Ошибка в файле path/jikg5qje.txt: Файл recursive_challenge\qxjzaes2\plr4e33g\jdxi8nzo\m06ur6e4\7ygy2j7g.txt не найден во втором архиве
2025-04-14 23:37:12,222 - Ошибка в файле path/dwfy0nzo.txt: Файл recursive_challenge\qxjzaes2\24lkeyh6\87pgggz7\sqic6n8z\i6ifx3bf\lbc8lcwm\4po89zl4.txt не найден во втором архиве
2025-04-14 23:37:12,222 - Ошибка в файле path/ewerifrq.txt: Файл recursive_challenge\qxjzaes2\plr4e33g\jdxi8nzo\m06ur6e4\x68byxlt\qaio6snk\4jo6pgv6.txt не найден во втором архиве
2025-04-14 23:37:12,266 - Ошибка в файле path/h151kk3i.txt: Файл recursive_challenge\qxjzaes2\24lkeyh6\87pgggz7\sqic6n8z\bueat201\13pgf331.txt не найден во втором архиве
2025-04-14 23:37:12,356 - Ошибка в файле path/kct29m7z.txt: Файл recursive_challenge\qxjzaes2\plr4e33g\hjsrdtoz\meggcmay\g5qb5r57\leay6qey\14hdyh2j.txt не найден во втором архиве
2025-04-14 23:37:12,751 - Ошибка в файле path/ihyovgqi.txt: Файл recursive_challenge\qxjzaes2\plr4e33g\jdxi8nzo\z0jzger0.txt не найден во втором архиве
2025-04-14 23:37:13,185 - Ошибка в файле path/l62hjqar.txt: Файл recursive_challenge\qxjzaes2\24lkeyh6\gwzv6zt9\l9oo8gy9\o3uwpb77\ac9yhrd2\rai3f244.txt не найден во втором архиве
2025-04-14 23:37:13,303 - Ошибка в файле path/msxd0yzc.txt: Файл recursive_challenge\qxjzaes2\plr4e33g\hjsrdtoz\meggcmay\5u5561c0\9u4wix3n\jj8ohszh.txt не найден во втором архиве
2025-04-14 23:37:13,337 - Ошибка в файле path/ii73k84i.txt: Файл recursive_challenge\qxjzaes2\24lkeyh6\gwzv6zt9\dom3olfi\60kknxn7\dbzs4c7w.txt не найден во втором архиве
2025-04-14 23:37:13,340 - Ошибка в файле path/jjfhxzmw.txt: Файл recursive_challenge\qxjzaes2\plr4e33g\jdxi8nzo\m06ur6e4\x68byxlt\c1fotiqd.txt не найден во втором архиве
2025-04-14 23:37:13,353 - Ошибка в файле path/pche99dw.txt: Файл recursive_challenge\qxjzaes2\plr4e33g\hjsrdtoz\e9td5mfq\3ikfh9zy.txt не найден во втором архиве
2025-04-14 23:37:13,393 - Ошибка в файле path/o4d9xvw8.txt: Файл recursive_challenge\qxjzaes2\plr4e33g\jdxi8nzo\ueghm5hq.txt не найден во втором архиве
2025-04-14 23:37:13,434 - Ошибка в файле path/kd3jgovc.txt: Файл recursive_challenge\qxjzaes2\24lkeyh6\87pgggz7\lvv4zock\zoc6meh4\p3gpwl61.txt не найден во втором архиве
2025-04-14 23:37:13,904 - Ошибка в файле path/qaibfb1m.txt: Файл recursive_challenge\qxjzaes2\24lkeyh6\l8k5q6fs\2ds7mvnr\2jf743w3\iqqqb4gt\g1ch138w.txt не найден во втором архиве
2025-04-14 23:37:14,265 - Ошибка в файле path/l685qhyn.txt: Файл recursive_challenge\qxjzaes2\24lkeyh6\l8k5q6fs\vjyr8709\99575oup\ylane65k\8p76h8qe.txt не найден во втором архиве
2025-04-14 23:37:14,386 - Ошибка в файле path/mun067ix.txt: Файл recursive_challenge\qxjzaes2\24lkeyh6\l8k5q6fs\geajve4d\pzpvo72t\h582z6wh\sibk7kbt.txt не найден во втором архиве
2025-04-14 23:37:14,447 - Ошибка в файле path/pezdly94.txt: Файл recursive_challenge\qxjzaes2\24lkeyh6\l8k5q6fs\vjyr8709\pxt1wv6o\18jk1fix\sc56sc34.txt не найден во втором архиве
2025-04-14 23:37:14,451 - Ошибка в файле path/jksgd56y.txt: Файл recursive_challenge\qxjzaes2\24lkeyh6\l8k5q6fs\2ds7mvnr\oq46gosp\hjw10xiz\kzcrbjw1.txt не найден во втором архиве
2025-04-14 23:37:14,459 - Ошибка в файле path/ij0izv9h.txt: Файл recursive_challenge\qxjzaes2\24lkeyh6\87pgggz7\tgml8zq2\qrgj8i32.txt не найден во втором архиве
2025-04-14 23:37:14,496 - Ошибка в файле path/o5cpojcj.txt: Файл recursive_challenge\qxjzaes2\24lkeyh6\l8k5q6fs\vjyr8709\305jkkip\9ps238md\t8k7zdse.txt не найден во втором архиве
2025-04-14 23:37:14,532 - Ошибка в файле path/kdlhd396.txt: Файл recursive_challenge\qxjzaes2\plr4e33g\jdxi8nzo\m06ur6e4\x68byxlt\rlqhme6v.txt не найден во втором архиве
2025-04-14 23:37:15,083 - Ошибка в файле path/qbn5m92d.txt: Файл recursive_challenge\qxjzaes2\24lkeyh6\gwzv6zt9\dom3olfi\60kknxn7\n4h62q0g\wst73jdl.txt не найден во втором архиве
2025-04-14 23:37:15,482 - Ошибка в файле path/l7i5auk7.txt: Файл recursive_challenge\qxjzaes2\24lkeyh6\gwzv6zt9\dom3olfi\qgjo1n61.txt не найден во втором архиве
2025-04-14 23:37:15,627 - Ошибка в файле path/mwo280cc.txt: Файл recursive_challenge\qxjzaes2\24lkeyh6\l8k5q6fs\geajve4d\cjnq7zsv\9q3ubhzr.txt не найден во втором архиве
2025-04-14 23:37:15,641 - Ошибка в файле path/jnbq8zw1.txt: Файл recursive_challenge\qxjzaes2\plr4e33g\jdxi8nzo\m06ur6e4\d60rrvq1\ro7rfz9d\9292ypvz.txt не найден во втором архиве
2025-04-14 23:37:15,725 - Ошибка в файле path/ikqyxttq.txt: Файл recursive_challenge\qxjzaes2\24lkeyh6\87pgggz7\sqic6n8z\bueat201\z5th1eew.txt не найден во втором архиве
2025-04-14 23:37:15,736 - Ошибка в файле path/pfaqspyq.txt: Файл recursive_challenge\qxjzaes2\24lkeyh6\l8k5q6fs\geajve4d\pzpvo72t\wso8d8lv\n7edr38d.txt не найден во втором архиве
2025-04-14 23:37:15,747 - Ошибка в файле path/kdyll9wn.txt: Файл recursive_challenge\qxjzaes2\plr4e33g\hjsrdtoz\e9td5mfq\kd47aye4\tmao6h8f\1rmecsfn.txt не найден во втором архиве
2025-04-14 23:37:15,792 - Ошибка в файле path/o5rbdgyk.txt: Файл recursive_challenge\qxjzaes2\plr4e33g\hjsrdtoz\meggcmay\5u5561c0\ujge7gv4\7jd0aaz2.txt не найден во втором архиве
2025-04-14 23:37:16,279 - Ошибка в файле path/qga4saew.txt: Файл recursive_challenge\qxjzaes2\plr4e33g\hjsrdtoz\meggcmay\o8pqful3\dnvivk8d.txt не найден во втором архиве
2025-04-14 23:37:16,544 - Ошибка в файле path/l99vqhgf.txt: Файл recursive_challenge\qxjzaes2\24lkeyh6\l8k5q6fs\2ds7mvnr\oq46gosp\m0tfca24\warrwnhf.txt не найден во втором архиве
2025-04-14 23:37:16,686 - Ошибка в файле path/mwwysu0k.txt: Файл recursive_challenge\qxjzaes2\24lkeyh6\87pgggz7\tgml8zq2\tmb9as05\ag3gn973\wf73448q.txt не найден во втором архиве
2025-04-14 23:37:16,709 - Ошибка в файле path/jnhke0ai.txt: Файл recursive_challenge\qxjzaes2\plr4e33g\hjsrdtoz\e9td5mfq\kd47aye4\u8c7w556\46j2icpc.txt не найден во втором архиве
2025-04-14 23:37:16,802 - Ошибка в файле path/pgdexq00.txt: Файл recursive_challenge\qxjzaes2\24lkeyh6\87pgggz7\tgml8zq2\tmb9as05\g7s98yv5\2h9z7rlm.txt не найден во втором архиве
2025-04-14 23:37:16,811 - Ошибка в файле path/imeig19p.txt: Файл recursive_challenge\qxjzaes2\24lkeyh6\l8k5q6fs\vjyr8709\11ahet30\t4zy3676\06104da9.txt не найден во втором архиве
2025-04-14 23:37:16,822 - Ошибка в файле path/kfxek6gi.txt: Файл recursive_challenge\qxjzaes2\24lkeyh6\l8k5q6fs\vjyr8709\llc8lc44\247c7f1e\a0cj8xq5.txt не найден во втором архиве
2025-04-14 23:37:16,862 - Ошибка в файле path/o6z57q5b.txt: Файл recursive_challenge\qxjzaes2\24lkeyh6\l8k5q6fs\geajve4d\pzpvo72t\ffllz7t1\upqetdga.txt не найден во втором архиве
2025-04-14 23:37:17,411 - Ошибка в файле path/qi4dn6n3.txt: Файл recursive_challenge\qxjzaes2\plr4e33g\hjsrdtoz\e9td5mfq\kd47aye4\ofz9e66m\0lk1czdp.txt не найден во втором архиве
2025-04-14 23:37:17,606 - Ошибка в файле path/lfezp18r.txt: Файл recursive_challenge\qxjzaes2\24lkeyh6\l8k5q6fs\2ds7mvnr\2jf743w3\iqqqb4gt\ybeqp671.txt не найден во втором архиве
2025-04-14 23:37:17,765 - Ошибка в файле path/mx1b8q5y.txt: Файл recursive_challenge\qxjzaes2\plr4e33g\hjsrdtoz\e9td5mfq\dhpr5fba\pz20vikp\0xndgey7.txt не найден во втором архиве
2025-04-14 23:37:17,777 - Ошибка в файле path/jnmhfsp0.txt: Файл recursive_challenge\qxjzaes2\plr4e33g\hjsrdtoz\meggcmay\5u5561c0\nribkhyy\qwv3ox0g.txt не найден во втором архиве
2025-04-14 23:37:17,904 - Ошибка в файле path/kgbfddz5.txt: Файл recursive_challenge\qxjzaes2\plr4e33g\hjsrdtoz\e9td5mfq\dhpr5fba\nvyckusm\w6tbojyp.txt не найден во втором архиве
2025-04-14 23:37:17,986 - Ошибка в файле path/pi94sr50.txt: Файл recursive_challenge\qxjzaes2\plr4e33g\hjsrdtoz\e9td5mfq\xk9zyis4\mvi74o75\v4xdyifl.txt не найден во втором архиве
2025-04-14 23:37:18,003 - Ошибка в файле path/imwzrae1.txt: Файл recursive_challenge\qxjzaes2\24lkeyh6\l8k5q6fs\vjyr8709\99575oup\pze1yhal.txt не найден во втором архиве
2025-04-14 23:37:18,062 - Ошибка в файле path/o8mju3b7.txt: Файл recursive_challenge\qxjzaes2\24lkeyh6\l8k5q6fs\2ds7mvnr\oq46gosp\1c006h7s\9vpnfz92.txt не найден во втором архиве
2025-04-14 23:37:18,560 - Ошибка в файле path/qi778iir.txt: Файл recursive_challenge\qxjzaes2\24lkeyh6\gwzv6zt9\l9oo8gy9\o3uwpb77\ofnorat1.txt не найден во втором архиве
2025-04-14 23:37:18,698 - Ошибка в файле path/lh1k5750.txt: Файл recursive_challenge\qxjzaes2\24lkeyh6\gwzv6zt9\l9oo8gy9\o3uwpb77\ac9yhrd2\fxzs1pvp.txt не найден во втором архиве
2025-04-14 23:37:18,852 - Ошибка в файле path/mxu7nl9y.txt: Файл recursive_challenge\qxjzaes2\plr4e33g\hjsrdtoz\meggcmay\g5qb5r57\sjd3aodg\lf5hacxj.txt не найден во втором архиве
2025-04-14 23:37:18,901 - Ошибка в файле path/jnzjqw28.txt: Файл recursive_challenge\qxjzaes2\24lkeyh6\l8k5q6fs\2ds7mvnr\2jf743w3\nmmb7fpz.txt не найден во втором архиве
2025-04-14 23:37:19,019 - Ошибка в файле path/kh5oh3rc.txt: Файл recursive_challenge\qxjzaes2\24lkeyh6\87pgggz7\tgml8zq2\tmb9as05\x82k3ao8\rew62788.txt не найден во втором архиве
2025-04-14 23:37:19,136 - Ошибка в файле path/pkgx9cug.txt: Файл recursive_challenge\qxjzaes2\24lkeyh6\l8k5q6fs\vjyr8709\305jkkip\ndcbia75.txt не найден во втором архиве
2025-04-14 23:37:19,139 - Ошибка в файле path/iq47dgqe.txt: Файл recursive_challenge\qxjzaes2\24lkeyh6\l8k5q6fs\023dsflt\mbupl9sp\6yrsabcb.txt не найден во втором архиве
2025-04-14 23:37:19,173 - Ошибка в файле path/o8wbn9ni.txt: Файл recursive_challenge\qxjzaes2\24lkeyh6\l8k5q6fs\2ds7mvnr\2jf743w3\iqqqb4gt\7yvvqud5.txt не найден во втором архиве
2025-04-14 23:37:19,671 - Ошибка в файле path/qlhsec4e.txt: Файл recursive_challenge\qxjzaes2\24lkeyh6\l8k5q6fs\vjyr8709\305jkkip\pep9dfhj\7ywwbikr.txt не найден во втором архиве
2025-04-14 23:37:19,813 - Ошибка в файле path/llbdpbnm.txt: Файл recursive_challenge\qxjzaes2\24lkeyh6\87pgggz7\tgml8zq2\tmb9as05\x82k3ao8\gnfdv2rg.txt не найден во втором архиве
2025-04-14 23:37:19,954 - Ошибка в файле path/mzf4sf4i.txt: Файл recursive_challenge\qxjzaes2\plr4e33g\hjsrdtoz\e9td5mfq\kd47aye4\u8c7w556\8kosbyyc.txt не найден во втором архиве
2025-04-14 23:37:19,961 - Ошибка в файле path/jokp20r5.txt: Файл recursive_challenge\qxjzaes2\plr4e33g\jdxi8nzo\m06ur6e4\98yqrmjh.txt не найден во втором архиве
2025-04-14 23:37:20,080 - Ошибка в файле path/khjty7hj.txt: Файл recursive_challenge\qxjzaes2\plr4e33g\hjsrdtoz\e9td5mfq\tim6qmlx\hcjlkqf6\3rqqiw8x.txt не найден во втором архиве
2025-04-14 23:37:20,207 - Ошибка в файле path/iqstlqap.txt: Файл recursive_challenge\qxjzaes2\plr4e33g\hjsrdtoz\meggcmay\5u5561c0\ujge7gv4\vwnqh9fw.txt не найден во втором архиве
2025-04-14 23:37:20,245 - Ошибка в файле path/plxo49gg.txt: Файл recursive_challenge\qxjzaes2\plr4e33g\hjsrdtoz\meggcmay\07l1qnka\ho44ye1e.txt не найден во втором архиве
2025-04-14 23:37:20,279 - Ошибка в файле path/o8y7orcj.txt: Файл recursive_challenge\qxjzaes2\plr4e33g\hjsrdtoz\wv71uyj1.txt не найден во втором архиве
2025-04-14 23:37:20,811 - Ошибка в файле path/qqbqm137.txt: Файл recursive_challenge\qxjzaes2\24lkeyh6\87pgggz7\sqic6n8z\bueat201\bzzihisj.txt не найден во втором архиве
2025-04-14 23:37:20,885 - Ошибка в файле path/llxhaefh.txt: Файл recursive_challenge\qxjzaes2\24lkeyh6\l8k5q6fs\2ds7mvnr\oq46gosp\m0tfca24\1cork89c.txt не найден во втором архиве
2025-04-14 23:37:21,003 - Ошибка в файле path/n089z9se.txt: Файл recursive_challenge\qxjzaes2\24lkeyh6\l8k5q6fs\2ds7mvnr\oq46gosp\1c006h7s\btuzvout.txt не найден во втором архиве
2025-04-14 23:37:21,038 - Ошибка в файле path/jot3c8vt.txt: Файл recursive_challenge\qxjzaes2\24lkeyh6\l8k5q6fs\vjyr8709\llc8lc44\4rju4dtq.txt не найден во втором архиве
2025-04-14 23:37:21,151 - Ошибка в файле path/ki3w0p0c.txt: Файл recursive_challenge\qxjzaes2\24lkeyh6\l8k5q6fs\geajve4d\pzpvo72t\61yxvjfu\qwewtw26.txt не найден во втором архиве
2025-04-14 23:37:21,309 - Ошибка в файле path/ireh61ut.txt: Файл recursive_challenge\qxjzaes2\24lkeyh6\l8k5q6fs\vjyr8709\llc8lc44\6vxwreno\ticmdet5.txt не найден во втором архиве
2025-04-14 23:37:21,349 - Ошибка в файле path/pm6mzokx.txt: Файл recursive_challenge\qxjzaes2\plr4e33g\hjsrdtoz\meggcmay\g5qb5r57\leay6qey\wpbzwuvu.txt не найден во втором архиве
2025-04-14 23:37:21,359 - Ошибка в файле path/o8y94j7y.txt: Файл recursive_challenge\qxjzaes2\plr4e33g\hjsrdtoz\ll16tmku.txt не найден во втором архиве
2025-04-14 23:37:21,893 - Ошибка в файле path/qs1aivx4.txt: Файл recursive_challenge\qxjzaes2\24lkeyh6\l8k5q6fs\023dsflt\mbupl9sp\2te4v4ya\5zh2kfxm.txt не найден во втором архиве
2025-04-14 23:37:21,969 - Ошибка в файле path/lni7tskz.txt: Файл recursive_challenge\qxjzaes2\24lkeyh6\87pgggz7\tgml8zq2\tmb9as05\zsz2edj9\81kjbrhx.txt не найден во втором архиве
2025-04-14 23:37:22,087 - Ошибка в файле path/n29dhzbe.txt: Файл recursive_challenge\qxjzaes2\24lkeyh6\l8k5q6fs\vjyr8709\pxt1wv6o\dy5ifesn.txt не найден во втором архиве
2025-04-14 23:37:22,136 - Ошибка в файле path/jp5m46z7.txt: Файл recursive_challenge\qxjzaes2\24lkeyh6\l8k5q6fs\vjyr8709\11ahet30\ezmu1flp.txt не найден во втором архиве
2025-04-14 23:37:22,240 - Ошибка в файле path/kjka1vw2.txt: Файл recursive_challenge\qxjzaes2\24lkeyh6\87pgggz7\lvv4zock\300enzqk\lr5rstjd\2xssgmzt.txt не найден во втором архиве
2025-04-14 23:37:22,400 - Ошибка в файле path/is7akth5.txt: Файл recursive_challenge\qxjzaes2\plr4e33g\hjsrdtoz\e9td5mfq\kd47aye4\u8c7w556\02w0r1hc.txt не найден во втором архиве
2025-04-14 23:37:22,437 - Ошибка в файле path/pmspca89.txt: Файл recursive_challenge\qxjzaes2\24lkeyh6\l8k5q6fs\geajve4d\pzpvo72t\61yxvjfu\kxrh6inm.txt не найден во втором архиве
2025-04-14 23:37:22,451 - Ошибка в файле path/oanpa5mb.txt: Файл recursive_challenge\qxjzaes2\plr4e33g\hjsrdtoz\meggcmay\hgjfyvnm\v8ierp5g\rpu36xna.txt не найден во втором архиве
2025-04-14 23:37:22,968 - Ошибка в файле path/qsu30t5h.txt: Файл recursive_challenge\qxjzaes2\plr4e33g\hjsrdtoz\e9td5mfq\tim6qmlx\8epksrjg.txt не найден во втором архиве
2025-04-14 23:37:23,064 - Ошибка в файле path/lq8vvcdz.txt: Файл recursive_challenge\qxjzaes2\24lkeyh6\l8k5q6fs\023dsflt\mbupl9sp\3uoc8vrp\qheleujf.txt не найден во втором архиве
2025-04-14 23:37:23,195 - Ошибка в файле path/n3gbsh9f.txt: Файл recursive_challenge\qxjzaes2\24lkeyh6\87pgggz7\tgml8zq2\tmb9as05\x82k3ao8\nhao8wms.txt не найден во втором архиве
2025-04-14 23:37:23,237 - Ошибка в файле path/jpd9ymsu.txt: Файл recursive_challenge\qxjzaes2\24lkeyh6\l8k5q6fs\2ds7mvnr\oq46gosp\ao48tf52\u1n6hkt0.txt не найден во втором архиве
2025-04-14 23:37:23,339 - Ошибка в файле path/kjn739kg.txt: Файл recursive_challenge\qxjzaes2\24lkeyh6\l8k5q6fs\vjyr8709\11ahet30\t4zy3676\xolwhr60.txt не найден во втором архиве
2025-04-14 23:37:23,507 - Ошибка в файле path/it40ur10.txt: Файл recursive_challenge\qxjzaes2\24lkeyh6\l8k5q6fs\vjyr8709\pxt1wv6o\18jk1fix\od9i1hig.txt не найден во втором архиве
2025-04-14 23:37:23,583 - Ошибка в файле path/obuwrqgu.txt: Файл recursive_challenge\qxjzaes2\plr4e33g\hjsrdtoz\e9td5mfq\kd47aye4\ofz9e66m\p41uunsy.txt не найден во втором архиве
2025-04-14 23:37:23,598 - Ошибка в файле path/po9t9rvg.txt: Файл recursive_challenge\qxjzaes2\24lkeyh6\l8k5q6fs\vjyr8709\11ahet30\t4zy3676\epx57rcx.txt не найден во втором архиве
2025-04-14 23:37:24,112 - Ошибка в файле path/qubbzd18.txt: Файл recursive_challenge\qxjzaes2\24lkeyh6\87pgggz7\lvv4zock\0ocmmcvu\ztkinjoy.txt не найден во втором архиве
2025-04-14 23:37:24,177 - Ошибка в файле path/lrb1jjc0.txt: Файл recursive_challenge\qxjzaes2\24lkeyh6\gwzv6zt9\dom3olfi\c787qynu\09er02c4\ssx4nddw.txt не найден во втором архиве
2025-04-14 23:37:24,297 - Ошибка в файле path/n4kvcj9g.txt: Файл recursive_challenge\qxjzaes2\24lkeyh6\gwzv6zt9\dom3olfi\c787qynu\20gmdg1s.txt не найден во втором архиве
2025-04-14 23:37:24,331 - Ошибка в файле path/jqblwnp4.txt: Файл recursive_challenge\qxjzaes2\24lkeyh6\gwzv6zt9\dom3olfi\60kknxn7\n4h62q0g\vohyjper.txt не найден во втором архиве
2025-04-14 23:37:24,406 - Ошибка в файле path/kjnaoozi.txt: Файл recursive_challenge\qxjzaes2\24lkeyh6\87pgggz7\tgml8zq2\tmb9as05\x82k3ao8\nw01hzhp.txt не найден во втором архиве
2025-04-14 23:37:24,562 - Ошибка в файле path/itg3di5h.txt: Файл recursive_challenge\qxjzaes2\24lkeyh6\l8k5q6fs\vjyr8709\llc8lc44\6vxwreno\8xuuax1q.txt не найден во втором архиве
2025-04-14 23:37:24,696 - Ошибка в файле path/odco2bv5.txt: Файл recursive_challenge\qxjzaes2\24lkeyh6\l8k5q6fs\vjyr8709\11ahet30\5di82xx5\twcp6zui.txt не найден во втором архиве
2025-04-14 23:37:24,704 - Ошибка в файле path/ppznfg0e.txt: Файл recursive_challenge\qxjzaes2\24lkeyh6\l8k5q6fs\vjyr8709\99575oup\idkc4gqo\hqh7of94.txt не найден во втором архиве
2025-04-14 23:37:25,233 - Ошибка в файле path/qune1bof.txt: Файл recursive_challenge\qxjzaes2\plr4e33g\hjsrdtoz\e9td5mfq\tim6qmlx\o42ub6z7.txt не найден во втором архиве
2025-04-14 23:37:25,259 - Ошибка в файле path/ls9qzkge.txt: Файл recursive_challenge\qxjzaes2\24lkeyh6\87pgggz7\lvv4zock\300enzqk\kiprgj4c.txt не найден во втором архиве
2025-04-14 23:37:25,363 - Ошибка в файле path/n5bwrard.txt: Файл recursive_challenge\qxjzaes2\plr4e33g\jdxi8nzo\m06ur6e4\xks5njcg.txt не найден во втором архиве
2025-04-14 23:37:25,385 - Ошибка в файле path/jqfw8dqu.txt: Файл recursive_challenge\qxjzaes2\24lkeyh6\l8k5q6fs\vjyr8709\99575oup\efopaj3l\mnha0zsp.txt не найден во втором архиве
2025-04-14 23:37:25,496 - Ошибка в файле path/klhjfv3s.txt: Файл recursive_challenge\qxjzaes2\plr4e33g\hjsrdtoz\e9td5mfq\kd47aye4\hp3qg564\fyj6sr46.txt не найден во втором архиве
2025-04-14 23:37:25,647 - Ошибка в файле path/iu2kj6fy.txt: Файл recursive_challenge\qxjzaes2\plr4e33g\jdxi8nzo\7wn31847.txt не найден во втором архиве
2025-04-14 23:37:25,809 - Ошибка в файле path/ogfo889z.txt: Файл recursive_challenge\qxjzaes2\plr4e33g\hjsrdtoz\meggcmay\07l1qnka\vecl12hb\ue2qk1pn.txt не найден во втором архиве
2025-04-14 23:37:25,820 - Ошибка в файле path/pq7nc3xf.txt: Файл recursive_challenge\qxjzaes2\24lkeyh6\87pgggz7\tgml8zq2\tmb9as05\g7s98yv5\d8w4dc2g.txt не найден во втором архиве
2025-04-14 23:37:26,313 - Ошибка в файле path/qux8zc0t.txt: Файл recursive_challenge\qxjzaes2\plr4e33g\hjsrdtoz\e9td5mfq\4q33a5qn\oha7yaln.txt не найден во втором архиве
2025-04-14 23:37:26,353 - Ошибка в файле path/lw0hxoi6.txt: Файл recursive_challenge\qxjzaes2\plr4e33g\hjsrdtoz\meggcmay\g5qb5r57\gz08zbpk\hndngfd3.txt не найден во втором архиве
2025-04-14 23:37:26,455 - Ошибка в файле path/n7u7747l.txt: Файл recursive_challenge\qxjzaes2\24lkeyh6\87pgggz7\tgml8zq2\tmb9as05\ag3gn973\um3k3snh.txt не найден во втором архиве
2025-04-14 23:37:26,475 - Ошибка в файле path/jqookbaz.txt: Файл recursive_challenge\qxjzaes2\24lkeyh6\l8k5q6fs\2ds7mvnr\oq46gosp\1c006h7s\sfafgu32.txt не найден во втором архиве
2025-04-14 23:37:26,614 - Ошибка в файле path/klluapsw.txt: Файл recursive_challenge\qxjzaes2\24lkeyh6\l8k5q6fs\vjyr8709\11ahet30\2801fifi\vs3rglmw.txt не найден во втором архиве
2025-04-14 23:37:26,722 - Ошибка в файле path/ivfgw7u1.txt: Файл recursive_challenge\qxjzaes2\24lkeyh6\87pgggz7\sqic6n8z\i6ifx3bf\5epv9zox.txt не найден во втором архиве
2025-04-14 23:37:26,911 - Ошибка в файле path/ogyovj80.txt: Файл recursive_challenge\qxjzaes2\24lkeyh6\87pgggz7\lvv4zock\zoc6meh4\i1e8pomo\kpkjhxve.txt не найден во втором архиве
2025-04-14 23:37:26,933 - Ошибка в файле path/pqel8bhe.txt: Файл recursive_challenge\qxjzaes2\24lkeyh6\l8k5q6fs\vjyr8709\xut7l6x0\ocsrok97\dovsv6fc.txt не найден во втором архиве
2025-04-14 23:37:27,398 - Ошибка в файле path/qvrd4uur.txt: Файл recursive_challenge\qxjzaes2\plr4e33g\hjsrdtoz\320t7d5s.txt не найден во втором архиве
2025-04-14 23:37:27,441 - Ошибка в файле path/lwfkzak7.txt: Файл recursive_challenge\qxjzaes2\24lkeyh6\l8k5q6fs\023dsflt\mbupl9sp\3uoc8vrp\3ndrpk3o.txt не найден во втором архиве
2025-04-14 23:37:27,520 - Ошибка в файле path/jr7g1f7t.txt: Файл recursive_challenge\qxjzaes2\24lkeyh6\l8k5q6fs\023dsflt\gvyf2kyx\oici8z6p\go2wlyle.txt не найден во втором архиве
2025-04-14 23:37:27,557 - Ошибка в файле path/n8n2so3s.txt: Файл recursive_challenge\qxjzaes2\24lkeyh6\l8k5q6fs\geajve4d\pzpvo72t\wso8d8lv\f9llp1ix.txt не найден во втором архиве
2025-04-14 23:37:27,684 - Ошибка в файле path/kmsgigc3.txt: Файл recursive_challenge\qxjzaes2\24lkeyh6\l8k5q6fs\2ds7mvnr\oq46gosp\1c006h7s\111dm0is.txt не найден во втором архиве
2025-04-14 23:37:27,786 - Ошибка в файле path/ixbb7m61.txt: Файл recursive_challenge\qxjzaes2\24lkeyh6\l8k5q6fs\geajve4d\pzpvo72t\cqumx4y1\w3ajhn8o.txt не найден во втором архиве
2025-04-14 23:37:28,011 - Ошибка в файле path/okd71u7t.txt: Файл recursive_challenge\qxjzaes2\plr4e33g\hjsrdtoz\meggcmay\hgjfyvnm\v8ierp5g\1j1c63vw.txt не найден во втором архиве
2025-04-14 23:37:28,044 - Ошибка в файле path/pqnu06ls.txt: Файл recursive_challenge\qxjzaes2\plr4e33g\hjsrdtoz\e9td5mfq\dhpr5fba\561rlpoz\a53kzicy.txt не найден во втором архиве
2025-04-14 23:37:28,498 - Ошибка в файле path/qw9fwz98.txt: Файл recursive_challenge\qxjzaes2\24lkeyh6\l8k5q6fs\vjyr8709\pxt1wv6o\18jk1fix\m591ut9d.txt не найден во втором архиве
2025-04-14 23:37:28,518 - Ошибка в файле path/m04e5w9d.txt: Файл recursive_challenge\qxjzaes2\plr4e33g\hjsrdtoz\meggcmay\5u5561c0\x4igp738\1yojlxkh.txt не найден во втором архиве
2025-04-14 23:37:28,583 - Ошибка в файле path/jsfpe8bm.txt: Файл recursive_challenge\qxjzaes2\24lkeyh6\87pgggz7\sqic6n8z\i6ifx3bf\qpvbvwdl\4uljl8wp.txt не найден во втором архиве
2025-04-14 23:37:28,664 - Ошибка в файле path/nejlhb3v.txt: Файл recursive_challenge\qxjzaes2\24lkeyh6\l8k5q6fs\geajve4d\pzpvo72t\ffllz7t1\3m45borg.txt не найден во втором архиве
2025-04-14 23:37:28,788 - Ошибка в файле path/koy0c9gu.txt: Файл recursive_challenge\qxjzaes2\plr4e33g\hjsrdtoz\e9td5mfq\tim6qmlx\9zkn7zv2\dgarxqbn.txt не найден во втором архиве
2025-04-14 23:37:28,865 - Ошибка в файле path/iyuhzvpc.txt: Файл recursive_challenge\qxjzaes2\24lkeyh6\l8k5q6fs\geajve4d\pzpvo72t\h582z6wh\s5ou1g1r.txt не найден во втором архиве
2025-04-14 23:37:29,100 - Ошибка в файле path/okujw41p.txt: Файл recursive_challenge\qxjzaes2\24lkeyh6\l8k5q6fs\vjyr8709\305jkkip\bc4z0bxz\5x5qrdmg.txt не найден во втором архиве
2025-04-14 23:37:29,126 - Ошибка в файле path/ps16zasq.txt: Файл recursive_challenge\qxjzaes2\24lkeyh6\87pgggz7\tgml8zq2\tmb9as05\f3apwtnp\9cm1pfat.txt не найден во втором архиве
2025-04-14 23:37:29,570 - Ошибка в файле path/qwmzhsa9.txt: Файл recursive_challenge\qxjzaes2\24lkeyh6\87pgggz7\lvv4zock\300enzqk\lr5rstjd\ahf0q760.txt не найден во втором архиве
2025-04-14 23:37:29,592 - Ошибка в файле path/m14eyn64.txt: Файл recursive_challenge\qxjzaes2\plr4e33g\jdxi8nzo\m06ur6e4\x68byxlt\pq8wjtao.txt не найден во втором архиве
2025-04-14 23:37:29,670 - Ошибка в файле path/jts5ozrk.txt: Файл recursive_challenge\qxjzaes2\24lkeyh6\87pgggz7\sqic6n8z\i6ifx3bf\l8tg9ehk\fx0wjf4i.txt не найден во втором архиве
2025-04-14 23:37:29,737 - Ошибка в файле path/nic408sv.txt: Файл recursive_challenge\qxjzaes2\plr4e33g\hjsrdtoz\meggcmay\hgjfyvnm\v8ierp5g\uo4y5kr7.txt не найден во втором архиве
2025-04-14 23:37:29,916 - Ошибка в файле path/kpb2ocwi.txt: Файл recursive_challenge\qxjzaes2\24lkeyh6\87pgggz7\lvv4zock\bbrngl3w\yjtpmx90.txt не найден во втором архиве
2025-04-14 23:37:29,938 - Ошибка в файле path/iz8oozix.txt: Файл recursive_challenge\qxjzaes2\24lkeyh6\l8k5q6fs\geajve4d\pzpvo72t\9nq8fsye\ke68n0sa.txt не найден во втором архиве
2025-04-14 23:37:30,250 - Ошибка в файле path/onbfiww1.txt: Файл recursive_challenge\qxjzaes2\24lkeyh6\87pgggz7\sqic6n8z\i6ifx3bf\f6wzbfoe\o9orc95p.txt не найден во втором архиве
2025-04-14 23:37:30,255 - Ошибка в файле path/pu11qt3s.txt: Файл recursive_challenge\qxjzaes2\24lkeyh6\gwzv6zt9\l9oo8gy9\o3uwpb77\ac9yhrd2\vezjs3jd.txt не найден во втором архиве
2025-04-14 23:37:30,674 - Ошибка в файле path/m3pq1p47.txt: Файл recursive_challenge\qxjzaes2\plr4e33g\hjsrdtoz\e9td5mfq\kd47aye4\u8c7w556\m6ho3qnl.txt не найден во втором архиве
2025-04-14 23:37:30,710 - Ошибка в файле path/qxemavkq.txt: Файл recursive_challenge\qxjzaes2\plr4e33g\hjsrdtoz\meggcmay\hgjfyvnm\zb6eb6pi\6gjdo28v.txt не найден во втором архиве
2025-04-14 23:37:30,772 - Ошибка в файле path/juco9wcz.txt: Файл recursive_challenge\qxjzaes2\plr4e33g\hjsrdtoz\e9td5mfq\dhpr5fba\8dqz1o4r.txt не найден во втором архиве
2025-04-14 23:37:30,820 - Ошибка в файле path/nikimppc.txt: Файл recursive_challenge\qxjzaes2\24lkeyh6\l8k5q6fs\geajve4d\cjnq7zsv\sapuw6uf.txt не найден во втором архиве
2025-04-14 23:37:31,055 - Ошибка в файле path/j04vme71.txt: Файл recursive_challenge\qxjzaes2\24lkeyh6\gwzv6zt9\l9oo8gy9\o3uwpb77\iwejl6af.txt не найден во втором архиве
2025-04-14 23:37:31,067 - Ошибка в файле path/kpu7kcyi.txt: Файл recursive_challenge\qxjzaes2\24lkeyh6\l8k5q6fs\2ds7mvnr\oq46gosp\geqz0w6h.txt не найден во втором архиве
2025-04-14 23:37:31,349 - Ошибка в файле path/puxlqh1p.txt: Файл recursive_challenge\qxjzaes2\24lkeyh6\l8k5q6fs\vjyr8709\11ahet30\2801fifi\theum6nt.txt не найден во втором архиве
2025-04-14 23:37:31,360 - Ошибка в файле path/opajgf7f.txt: Файл recursive_challenge\qxjzaes2\24lkeyh6\l8k5q6fs\vjyr8709\99575oup\ylane65k\u1v5wgvr.txt не найден во втором архиве
2025-04-14 23:37:31,778 - Ошибка в файле path/m4cb1c5u.txt: Файл recursive_challenge\qxjzaes2\24lkeyh6\l8k5q6fs\vjyr8709\pxt1wv6o\hq5dlr26.txt не найден во втором архиве
2025-04-14 23:37:31,785 - Ошибка в файле path/r1ql5f6u.txt: Файл recursive_challenge\qxjzaes2\24lkeyh6\l8k5q6fs\vjyr8709\pxt1wv6o\l6ux5fy6\uydr8imo.txt не найден во втором архиве
2025-04-14 23:37:31,835 - Ошибка в файле path/judedb67.txt: Файл recursive_challenge\qxjzaes2\plr4e33g\jdxi8nzo\m06ur6e4\x68byxlt\4y9wbhth\9bh8hd1h.txt не найден во втором архиве
2025-04-14 23:37:31,925 - Ошибка в файле path/nj9xipi8.txt: Файл recursive_challenge\qxjzaes2\24lkeyh6\l8k5q6fs\2ds7mvnr\2jf743w3\pyb7rxbb\3k78iiat.txt не найден во втором архиве
2025-04-14 23:37:32,128 - Ошибка в файле path/j1jwbgz2.txt: Файл recursive_challenge\qxjzaes2\24lkeyh6\87pgggz7\be2i1n0m.txt не найден во втором архиве
2025-04-14 23:37:32,148 - Ошибка в файле path/kq0dxnkq.txt: Файл recursive_challenge\qxjzaes2\24lkeyh6\87pgggz7\lvv4zock\0ocmmcvu\5lobeleg\omu3676t.txt не найден во втором архиве
2025-04-14 23:37:32,453 - Ошибка в файле path/pvrxvtcs.txt: Файл recursive_challenge\qxjzaes2\plr4e33g\hjsrdtoz\meggcmay\o8pqful3\9td7hci6.txt не найден во втором архиве
2025-04-14 23:37:32,467 - Ошибка в файле path/or0qkn6u.txt: Файл recursive_challenge\qxjzaes2\24lkeyh6\87pgggz7\sqic6n8z\bueat201\xnt7pdue.txt не найден во втором архиве
2025-04-14 23:37:32,861 - Ошибка в файле path/m515x7xr.txt: Файл recursive_challenge\qxjzaes2\24lkeyh6\l8k5q6fs\vjyr8709\1nrbxwyi\c6b7n22l\kgexrns1.txt не найден во втором архиве
2025-04-14 23:37:32,882 - Ошибка в файле path/r1vygjal.txt: Файл recursive_challenge\qxjzaes2\24lkeyh6\l8k5q6fs\vjyr8709\1nrbxwyi\uo9ajs5h.txt не найден во втором архиве
2025-04-14 23:37:32,909 - Ошибка в файле path/jvia06ou.txt: Файл recursive_challenge\qxjzaes2\24lkeyh6\l8k5q6fs\vjyr8709\pxt1wv6o\18jk1fix\5aldcmez.txt не найден во втором архиве
2025-04-14 23:37:32,984 - Ошибка в файле path/nkg5s76u.txt: Файл recursive_challenge\qxjzaes2\24lkeyh6\l8k5q6fs\geajve4d\pzpvo72t\h582z6wh\52c0vwan.txt не найден во втором архиве
2025-04-14 23:37:33,199 - Ошибка в файле path/j2uyue38.txt: Файл recursive_challenge\qxjzaes2\24lkeyh6\87pgggz7\lvv4zock\300enzqk\lr5rstjd\8xxlpu6s.txt не найден во втором архиве
2025-04-14 23:37:33,236 - Ошибка в файле path/kr64es9d.txt: Файл recursive_challenge\qxjzaes2\24lkeyh6\l8k5q6fs\vjyr8709\11ahet30\2801fifi\t9tpev92.txt не найден во втором архиве
2025-04-14 23:37:33,545 - Ошибка в файле path/px6v1ior.txt: Файл recursive_challenge\qxjzaes2\24lkeyh6\l8k5q6fs\vjyr8709\305jkkip\9ps238md\2jycggk0.txt не найден во втором архиве
2025-04-14 23:37:33,549 - Ошибка в файле path/orpw736k.txt: Файл recursive_challenge\qxjzaes2\24lkeyh6\87pgggz7\sqic6n8z\i6ifx3bf\mte0uqps\3wvml571.txt не найден во втором архиве
2025-04-14 23:37:33,952 - Ошибка в файле path/r2b3oq4d.txt: Файл recursive_challenge\qxjzaes2\24lkeyh6\gwzv6zt9\l9oo8gy9\qopvpu5a.txt не найден во втором архиве
2025-04-14 23:37:33,955 - Ошибка в файле path/m5ta01vy.txt: Файл recursive_challenge\qxjzaes2\24lkeyh6\87pgggz7\sqic6n8z\bueat201\vzbhe72j\nnuxe7ky.txt не найден во втором архиве
2025-04-14 23:37:33,993 - Ошибка в файле path/jxrccbxo.txt: Файл recursive_challenge\qxjzaes2\24lkeyh6\l8k5q6fs\vjyr8709\1nrbxwyi\8uceyril.txt не найден во втором архиве
2025-04-14 23:37:34,067 - Ошибка в файле path/nmj7qo1u.txt: Файл recursive_challenge\qxjzaes2\plr4e33g\hjsrdtoz\meggcmay\07l1qnka\vecl12hb\a2un8u62.txt не найден во втором архиве
2025-04-14 23:37:34,296 - Ошибка в файле path/j3iy8r0l.txt: Файл recursive_challenge\qxjzaes2\24lkeyh6\87pgggz7\tgml8zq2\tmb9as05\zsz2edj9\dut3qhvb.txt не найден во втором архиве
2025-04-14 23:37:34,329 - Ошибка в файле path/krb83l8r.txt: Файл recursive_challenge\qxjzaes2\plr4e33g\hjsrdtoz\e9td5mfq\kd47aye4\tmao6h8f\wzp9os3g.txt не найден во втором архиве
2025-04-14 23:37:34,652 - Ошибка в файле path/pxf8neg3.txt: Файл recursive_challenge\qxjzaes2\plr4e33g\hjsrdtoz\e9td5mfq\xk9zyis4\mvi74o75\fn20bd65.txt не найден во втором архиве
2025-04-14 23:37:34,656 - Ошибка в файле path/osq5flpx.txt: Файл recursive_challenge\qxjzaes2\plr4e33g\hjsrdtoz\meggcmay\0sl0lsp9\tac9i2so\hg15y31r.txt не найден во втором архиве
2025-04-14 23:37:35,054 - Ошибка в файле path/r3ee4nqi.txt: Файл recursive_challenge\qxjzaes2\24lkeyh6\87pgggz7\lvv4zock\zoc6meh4\i1e8pomo\4eietrik.txt не найден во втором архиве
2025-04-14 23:37:35,077 - Ошибка в файле path/m7rgwhd3.txt: Файл recursive_challenge\qxjzaes2\24lkeyh6\87pgggz7\lvv4zock\zoc6meh4\w5eg9l5h\vosvizo1.txt не найден во втором архиве
2025-04-14 23:37:35,081 - Ошибка в файле path/jzkjncra.txt: Файл recursive_challenge\qxjzaes2\24lkeyh6\l8k5q6fs\2ds7mvnr\2jf743w3\are2fqiv\3aqm17hl.txt не найден во втором архиве
2025-04-14 23:37:35,161 - Ошибка в файле path/nn1i3jod.txt: Файл recursive_challenge\qxjzaes2\plr4e33g\jdxi8nzo\m06ur6e4\165ajynh.txt не найден во втором архиве
2025-04-14 23:37:35,398 - Ошибка в файле path/j416j0pq.txt: Файл recursive_challenge\qxjzaes2\24lkeyh6\gwzv6zt9\quhw00su.txt не найден во втором архиве
2025-04-14 23:37:35,440 - Ошибка в файле path/kruzzjow.txt: Файл recursive_challenge\qxjzaes2\24lkeyh6\87pgggz7\sqic6n8z\i6ifx3bf\mte0uqps\36rj81ty.txt не найден во втором архиве
2025-04-14 23:37:35,765 - Ошибка в файле path/py0cqma5.txt: Файл recursive_challenge\qxjzaes2\24lkeyh6\l8k5q6fs\geajve4d\cjnq7zsv\tfss6kvt.txt не найден во втором архиве
2025-04-14 23:37:35,785 - Ошибка в файле path/ot7eryds.txt: Файл recursive_challenge\qxjzaes2\24lkeyh6\87pgggz7\lvv4zock\zoc6meh4\i1e8pomo\rw1612fv.txt не найден во втором архиве
2025-04-14 23:37:36,141 - Ошибка в файле path/k10pwcx7.txt: Файл recursive_challenge\qxjzaes2\24lkeyh6\l8k5q6fs\vjyr8709\305jkkip\9ps238md\asxl5li6.txt не найден во втором архиве
2025-04-14 23:37:36,164 - Ошибка в файле path/r3ofvdyp.txt: Файл recursive_challenge\qxjzaes2\24lkeyh6\gwzv6zt9\dom3olfi\60kknxn7\n4h62q0g\bac6569x.txt не найден во втором архиве
2025-04-14 23:37:36,205 - Ошибка в файле path/m94120xc.txt: Файл recursive_challenge\qxjzaes2\24lkeyh6\l8k5q6fs\geajve4d\cjnq7zsv\boemyllk\8tugp1zl.txt не найден во втором архиве
2025-04-14 23:37:36,258 - Ошибка в файле path/nnfl1q4o.txt: Файл recursive_challenge\qxjzaes2\24lkeyh6\l8k5q6fs\geajve4d\pzpvo72t\b3ckca8e.txt не найден во втором архиве
2025-04-14 23:37:36,454 - Ошибка в файле path/j4334xb6.txt: Файл recursive_challenge\qxjzaes2\plr4e33g\hjsrdtoz\meggcmay\co5irl3w.txt не найден во втором архиве
2025-04-14 23:37:36,527 - Ошибка в файле path/kv59dj57.txt: Файл recursive_challenge\qxjzaes2\plr4e33g\jdxi8nzo\m06ur6e4\x68byxlt\4s6mtasp\c5zlkvm3.txt не найден во втором архиве
2025-04-14 23:37:36,888 - Ошибка в файле path/py45ofbq.txt: Файл recursive_challenge\qxjzaes2\plr4e33g\hjsrdtoz\e9td5mfq\xk9zyis4\mvi74o75\jjk18o6f.txt не найден во втором архиве
2025-04-14 23:37:36,921 - Ошибка в файле path/ow5o9t9x.txt: Файл recursive_challenge\qxjzaes2\plr4e33g\hjsrdtoz\e9td5mfq\dhpr5fba\2p4n7cs1\9czb0d6u.txt не найден во втором архиве
2025-04-14 23:37:37,230 - Ошибка в файле path/k2xyg326.txt: Файл recursive_challenge\qxjzaes2\24lkeyh6\87pgggz7\lvv4zock\jjidtgn6\2jxg2jx4.txt не найден во втором архиве
2025-04-14 23:37:37,279 - Ошибка в файле path/r8bqkxs5.txt: Файл recursive_challenge\qxjzaes2\24lkeyh6\87pgggz7\lvv4zock\bbrngl3w\cascrfrc.txt не найден во втором архиве
2025-04-14 23:37:37,305 - Ошибка в файле path/m98fi3t9.txt: Файл recursive_challenge\qxjzaes2\plr4e33g\hjsrdtoz\meggcmay\5u5561c0\x4igp738\1mm945ad.txt не найден во втором архиве
2025-04-14 23:37:37,322 - Ошибка в файле path/npn7ukx5.txt: Файл recursive_challenge\qxjzaes2\24lkeyh6\l8k5q6fs\geajve4d\pzpvo72t\h582z6wh\w8843poi.txt не найден во втором архиве
2025-04-14 23:37:37,525 - Ошибка в файле path/j4u4gorb.txt: Файл recursive_challenge\qxjzaes2\24lkeyh6\l8k5q6fs\vjyr8709\305jkkip\9ps238md\ydz39ic6.txt не найден во втором архиве
2025-04-14 23:37:37,597 - Ошибка в файле path/kv5en24a.txt: Файл recursive_challenge\qxjzaes2\plr4e33g\hjsrdtoz\meggcmay\g5qb5r57\nd1m1tj1.txt не найден во втором архиве
2025-04-14 23:37:37,960 - Ошибка в файле path/q0znmsbf.txt: Файл recursive_challenge\qxjzaes2\24lkeyh6\87pgggz7\sqic6n8z\i6ifx3bf\gi9zzfk6.txt не найден во втором архиве
2025-04-14 23:37:38,004 - Ошибка в файле path/owss0to6.txt: Файл recursive_challenge\qxjzaes2\plr4e33g\hjsrdtoz\e9td5mfq\s4hvomyj.txt не найден во втором архиве
2025-04-14 23:37:38,322 - Ошибка в файле path/k5ox0vz6.txt: Файл recursive_challenge\qxjzaes2\plr4e33g\hjsrdtoz\e9td5mfq\tim6qmlx\ej2g4b6c\ptb2ca00.txt не найден во втором архиве
2025-04-14 23:37:38,351 - Ошибка в файле path/r922rrku.txt: Файл recursive_challenge\qxjzaes2\24lkeyh6\l8k5q6fs\vjyr8709\305jkkip\bc4z0bxz\69bc1460.txt не найден во втором архиве
2025-04-14 23:37:38,404 - Ошибка в файле path/nqgegdq3.txt: Файл recursive_challenge\qxjzaes2\24lkeyh6\87pgggz7\lvv4zock\300enzqk\gbnr9np9\gppemjha.txt не найден во втором архиве
2025-04-14 23:37:38,412 - Ошибка в файле path/malur91u.txt: Файл recursive_challenge\qxjzaes2\24lkeyh6\87pgggz7\lvv4zock\zoc6meh4\w5eg9l5h\9hdjl7ib.txt не найден во втором архиве
2025-04-14 23:37:38,600 - Ошибка в файле path/j9bjvz45.txt: Файл recursive_challenge\qxjzaes2\plr4e33g\hjsrdtoz\e9td5mfq\tim6qmlx\ej2g4b6c\derflc0w.txt не найден во втором архиве
2025-04-14 23:37:38,713 - Ошибка в файле path/kwf1a899.txt: Файл recursive_challenge\qxjzaes2\24lkeyh6\87pgggz7\lvv4zock\300enzqk\typdmx35\98dq5cem.txt не найден во втором архиве
2025-04-14 23:37:39,087 - Ошибка в файле path/q18aipnm.txt: Файл recursive_challenge\qxjzaes2\24lkeyh6\87pgggz7\lvv4zock\0ocmmcvu\6iilpr01.txt не найден во втором архиве
2025-04-14 23:37:39,115 - Ошибка в файле path/oxrb7pqm.txt: Файл recursive_challenge\qxjzaes2\24lkeyh6\l8k5q6fs\vjyr8709\99575oup\idkc4gqo\4iv573n0.txt не найден во втором архиве
2025-04-14 23:37:39,381 - Ошибка в файле path/k9a78q9l.txt: Файл recursive_challenge\qxjzaes2\24lkeyh6\l8k5q6fs\023dsflt\gvyf2kyx\a113n4wq\hbd4o7i3.txt не найден во втором архиве
2025-04-14 23:37:39,481 - Ошибка в файле path/r965my00.txt: Файл recursive_challenge\qxjzaes2\plr4e33g\hjsrdtoz\e9td5mfq\tim6qmlx\ej2g4b6c\nlu72a37.txt не найден во втором архиве
2025-04-14 23:37:39,518 - Ошибка в файле path/nt2lxrot.txt: Файл recursive_challenge\qxjzaes2\plr4e33g\hjsrdtoz\e9td5mfq\tim6qmlx\803eyne7.txt не найден во втором архиве
2025-04-14 23:37:39,549 - Ошибка в файле path/me4z1que.txt: Файл recursive_challenge\qxjzaes2\24lkeyh6\l8k5q6fs\vjyr8709\1nrbxwyi\m717p9u5.txt не найден во втором архиве
2025-04-14 23:37:39,663 - Ошибка в файле path/jcnp5n3r.txt: Файл recursive_challenge\qxjzaes2\24lkeyh6\87pgggz7\lvv4zock\300enzqk\373a8asn\78z74lnu.txt не найден во втором архиве
2025-04-14 23:37:39,769 - Ошибка в файле path/kxxdp040.txt: Файл recursive_challenge\qxjzaes2\24lkeyh6\l8k5q6fs\2ds7mvnr\oq46gosp\1c006h7s\frxjfk9z.txt не найден во втором архиве
2025-04-14 23:37:40,196 - Ошибка в файле path/q2hh6ylc.txt: Файл recursive_challenge\qxjzaes2\24lkeyh6\l8k5q6fs\vjyr8709\11ahet30\ti8cj09z\bsr0bsi9.txt не найден во втором архиве
2025-04-14 23:37:40,238 - Ошибка в файле path/oyq4hfo9.txt: Файл recursive_challenge\qxjzaes2\24lkeyh6\l8k5q6fs\2ds7mvnr\2jf743w3\70esqrh4.txt не найден во втором архиве
2025-04-14 23:37:40,460 - Ошибка в файле path/k9nx5ib7.txt: Файл recursive_challenge\qxjzaes2\plr4e33g\jdxi8nzo\m06ur6e4\x68byxlt\uqk973c9\m2zym30t.txt не найден во втором архиве
2025-04-14 23:37:40,577 - Ошибка в файле path/ntuyd5rb.txt: Файл recursive_challenge\qxjzaes2\24lkeyh6\l8k5q6fs\vjyr8709\llc8lc44\5lza7rcl\9ful3830.txt не найден во втором архиве
2025-04-14 23:37:40,583 - Ошибка в файле path/rapgk7ux.txt: Файл recursive_challenge\qxjzaes2\24lkeyh6\l8k5q6fs\vjyr8709\11ahet30\ti8cj09z\81m8gxqr.txt не найден во втором архиве
2025-04-14 23:37:40,636 - Ошибка в файле path/mfdbfown.txt: Файл recursive_challenge\qxjzaes2\24lkeyh6\87pgggz7\tgml8zq2\tmb9as05\g7s98yv5\jbwprrab.txt не найден во втором архиве
2025-04-14 23:37:40,726 - Ошибка в файле path/jdc8i3q6.txt: Файл recursive_challenge\qxjzaes2\24lkeyh6\87pgggz7\lvv4zock\3d6sd0o3\t3sqfd6v\sj2ussue.txt не найден во втором архиве
2025-04-14 23:37:40,860 - Ошибка в файле path/kzaw9ura.txt: Файл recursive_challenge\qxjzaes2\24lkeyh6\87pgggz7\lvv4zock\300enzqk\7olevhi2.txt не найден во втором архиве
2025-04-14 23:37:41,265 - Ошибка в файле path/q2hojmmu.txt: Файл recursive_challenge\qxjzaes2\plr4e33g\hjsrdtoz\e9td5mfq\kd47aye4\hp3qg564\q7fywrz1.txt не найден во втором архиве
2025-04-14 23:37:41,317 - Ошибка в файле path/oyy5w8i8.txt: Файл recursive_challenge\qxjzaes2\24lkeyh6\87pgggz7\lvv4zock\bbrngl3w\ewoypxud.txt не найден во втором архиве
2025-04-14 23:37:41,551 - Ошибка в файле path/k9q60iy1.txt: Файл recursive_challenge\qxjzaes2\plr4e33g\hjsrdtoz\e9td5mfq\xk9zyis4\6k01c0f1.txt не найден во втором архиве
2025-04-14 23:37:41,658 - Ошибка в файле path/nupenhqy.txt: Файл recursive_challenge\qxjzaes2\24lkeyh6\l8k5q6fs\vjyr8709\99575oup\art081zm.txt не найден во втором архиве
2025-04-14 23:37:41,669 - Ошибка в файле path/rayz6ijk.txt: Файл recursive_challenge\qxjzaes2\plr4e33g\hjsrdtoz\meggcmay\07l1qnka\dh8rc70g.txt не найден во втором архиве
2025-04-14 23:37:41,726 - Ошибка в файле path/mk0yp221.txt: Файл recursive_challenge\qxjzaes2\24lkeyh6\87pgggz7\lvv4zock\jsumrpwo.txt не найден во втором архиве
2025-04-14 23:37:41,803 - Ошибка в файле path/jefbglgu.txt: Файл recursive_challenge\qxjzaes2\24lkeyh6\l8k5q6fs\vjyr8709\305jkkip\uds8qihw\3zpbozcd.txt не найден во втором архиве
2025-04-14 23:37:41,942 - Ошибка в файле path/l26qgibc.txt: Файл recursive_challenge\qxjzaes2\plr4e33g\hjsrdtoz\e9td5mfq\kd47aye4\phcv5msd\6ofyzxp4.txt не найден во втором архиве
2025-04-14 23:37:42,349 - Ошибка в файле path/q2yrhijc.txt: Файл recursive_challenge\qxjzaes2\plr4e33g\hjsrdtoz\meggcmay\0sl0lsp9\qvpkbw7l.txt не найден во втором архиве
2025-04-14 23:37:42,408 - Ошибка в файле path/oztteoxk.txt: Файл recursive_challenge\qxjzaes2\24lkeyh6\l8k5q6fs\vjyr8709\xut7l6x0\ocsrok97\i6cncwwm.txt не найден во втором архиве
2025-04-14 23:37:42,647 - Ошибка в файле path/kbenwkqf.txt: Файл recursive_challenge\qxjzaes2\24lkeyh6\l8k5q6fs\2ds7mvnr\2jf743w3\zblknic0.txt не найден во втором архиве
2025-04-14 23:37:42,736 - Ошибка в файле path/nuqol6di.txt: Файл recursive_challenge\qxjzaes2\plr4e33g\hjsrdtoz\e9td5mfq\kd47aye4\ofz9e66m\8c2nonwp.txt не найден во втором архиве
2025-04-14 23:37:42,769 - Ошибка в файле path/rbi0ol35.txt: Файл recursive_challenge\qxjzaes2\plr4e33g\hjsrdtoz\meggcmay\5u5561c0\ujge7gv4\1dnv9f5r.txt не найден во втором архиве
2025-04-14 23:37:42,825 - Ошибка в файле path/mlg0uwt1.txt: Файл recursive_challenge\qxjzaes2\plr4e33g\hjsrdtoz\meggcmay\hgjfyvnm\11per8fa\xpe27v5k.txt не найден во втором архиве
2025-04-14 23:37:42,910 - Ошибка в файле path/jel27cdm.txt: Файл recursive_challenge\qxjzaes2\24lkeyh6\l8k5q6fs\vjyr8709\xut7l6x0\ocsrok97\x5ma2gg6.txt не найден во втором архиве
2025-04-14 23:37:43,045 - Ошибка в файле path/l5550q82.txt: Файл recursive_challenge\qxjzaes2\plr4e33g\hjsrdtoz\meggcmay\07l1qnka\84ft2can.txt не найден во втором архиве
2025-04-14 23:37:43,450 - Ошибка в файле path/q38puxh4.txt: Файл recursive_challenge\qxjzaes2\plr4e33g\hjsrdtoz\meggcmay\5u5561c0\9u4wix3n\vvcs3198.txt не найден во втором архиве
2025-04-14 23:37:43,512 - Ошибка в файле path/p5v6pmf7.txt: Файл recursive_challenge\qxjzaes2\plr4e33g\hjsrdtoz\meggcmay\0sl0lsp9\tac9i2so\tbmlc5y5.txt не найден во втором архиве
2025-04-14 23:37:43,693 - Ошибка в файле path/kc9a6xrh.txt: Файл recursive_challenge\qxjzaes2\plr4e33g\hjsrdtoz\meggcmay\g5qb5r57\qynawcxt.txt не найден во втором архиве
2025-04-14 23:37:43,841 - Ошибка в файле path/nwk2pogw.txt: Файл recursive_challenge\qxjzaes2\24lkeyh6\gwzv6zt9\dom3olfi\c787qynu\l1digxpc.txt не найден во втором архиве
2025-04-14 23:37:43,873 - Ошибка в файле path/rbp2tyut.txt: Файл recursive_challenge\qxjzaes2\24lkeyh6\l8k5q6fs\geajve4d\pzpvo72t\cqumx4y1\9gkrmfwc.txt не найден во втором архиве
2025-04-14 23:37:43,951 - Ошибка в файле path/mmvcwsnn.txt: Файл recursive_challenge\qxjzaes2\24lkeyh6\87pgggz7\tgml8zq2\tmb9as05\g7s98yv5\5rurhvvw.txt не найден во втором архиве
2025-04-14 23:37:43,973 - Ошибка в файле path/jga6cc1p.txt: Файл recursive_challenge\qxjzaes2\24lkeyh6\87pgggz7\tgml8zq2\tmb9as05\73shruuo\gdnhk02z.txt не найден во втором архиве
2025-04-14 23:37:44,122 - Ошибка в файле path/l5hol3sw.txt: Файл recursive_challenge\qxjzaes2\24lkeyh6\87pgggz7\sqic6n8z\i6ifx3bf\f6wzbfoe\hky13hff.txt не найден во втором архиве
2025-04-14 23:37:44,594 - Ошибка в файле path/q4h09psk.txt: Файл recursive_challenge\qxjzaes2\24lkeyh6\87pgggz7\lvv4zock\300enzqk\4qhqztuy.txt не найден во втором архиве
2025-04-14 23:37:44,673 - Ошибка в файле path/p6ct0bht.txt: Файл recursive_challenge\qxjzaes2\plr4e33g\hjsrdtoz\meggcmay\5u5561c0\ujge7gv4\8vprlnut.txt не найден во втором архиве
2025-04-14 23:37:44,765 - Ошибка в файле path/kchp8hl5.txt: Файл recursive_challenge\qxjzaes2\24lkeyh6\l8k5q6fs\2ds7mvnr\oq46gosp\1c006h7s\ag10q8ct.txt не найден во втором архиве
2025-04-14 23:37:44,915 - Ошибка в файле path/nyrfpdpw.txt: Файл recursive_challenge\qxjzaes2\24lkeyh6\l8k5q6fs\023dsflt\gvyf2kyx\ed9ozowe.txt не найден во втором архиве
2025-04-14 23:37:45,000 - Ошибка в файле path/rbt0e3jc.txt: Файл recursive_challenge\qxjzaes2\24lkeyh6\gwzv6zt9\dom3olfi\i6u3ms4m.txt не найден во втором архиве
2025-04-14 23:37:45,018 - Ошибка в файле path/mpbs5w3l.txt: Файл recursive_challenge\qxjzaes2\24lkeyh6\gwzv6zt9\dom3olfi\c787qynu\0gzf3hlh.txt не найден во втором архиве
2025-04-14 23:37:45,052 - Ошибка в файле path/jhov898k.txt: Файл recursive_challenge\qxjzaes2\plr4e33g\hjsrdtoz\xg0bmwnx.txt не найден во втором архиве
2025-04-14 23:37:45,202 - Ошибка в файле path/l5uaw3g3.txt: Файл recursive_challenge\qxjzaes2\plr4e33g\jdxi8nzo\m06ur6e4\x68byxlt\bbt4lbbd.txt не найден во втором архиве
2025-04-14 23:37:45,671 - Ошибка в файле path/q4uqb3zq.txt: Файл recursive_challenge\qxjzaes2\24lkeyh6\87pgggz7\sqic6n8z\i6ifx3bf\l8tg9ehk\8kow0gdr.txt не найден во втором архиве
2025-04-14 23:37:45,739 - Ошибка в файле path/p73xcdet.txt: Файл recursive_challenge\qxjzaes2\plr4e33g\hjsrdtoz\e9td5mfq\tim6qmlx\9zkn7zv2\flwcu5ms.txt не найден во втором архиве
2025-04-14 23:37:45,852 - Ошибка в файле path/kcm52vao.txt: Файл recursive_challenge\qxjzaes2\plr4e33g\jdxi8nzo\m06ur6e4\d60rrvq1\d6nizh6g.txt не найден во втором архиве
2025-04-14 23:37:45,988 - Ошибка в файле path/nzotyoic.txt: Файл recursive_challenge\qxjzaes2\24lkeyh6\l8k5q6fs\023dsflt\gvyf2kyx\a113n4wq\bop4x8t0.txt не найден во втором архиве
2025-04-14 23:37:46,078 - Ошибка в файле path/rfdptpt0.txt: Файл recursive_challenge\qxjzaes2\plr4e33g\hjsrdtoz\meggcmay\0sl0lsp9\tac9i2so\pkw46w0d.txt не найден во втором архиве
2025-04-14 23:37:46,128 - Ошибка в файле path/mpupl36b.txt: Файл recursive_challenge\qxjzaes2\24lkeyh6\l8k5q6fs\2ds7mvnr\oq46gosp\m0tfca24\5pkzcgwz.txt не найден во втором архиве
2025-04-14 23:37:46,151 - Ошибка в файле path/jidr9r9u.txt: Файл recursive_challenge\qxjzaes2\plr4e33g\hjsrdtoz\e9td5mfq\15gfik7x.txt не найден во втором архиве
2025-04-14 23:37:46,301 - Ошибка в файле path/l5uc8uyb.txt: Файл recursive_challenge\qxjzaes2\24lkeyh6\87pgggz7\lvv4zock\zoc6meh4\w5eg9l5h\st65rstu.txt не найден во втором архиве
2025-04-14 23:37:46,863 - Ошибка в файле path/q6ofgpti.txt: Файл recursive_challenge\qxjzaes2\24lkeyh6\l8k5q6fs\vjyr8709\llc8lc44\2uar3p6a.txt не найден во втором архиве
2025-04-14 23:37:46,930 - Ошибка в файле path/pb1o9ri8.txt: Файл recursive_challenge\qxjzaes2\plr4e33g\hjsrdtoz\e9td5mfq\dhpr5fba\561rlpoz\d6ek28nv.txt не найден во втором архиве
2025-04-14 23:37:46,955 - Ошибка в файле path/rja30r53.txt: Файл recursive_challenge\qxjzaes2\24lkeyh6\l8k5q6fs\vjyr8709\99575oup\ylane65k\urjhf8s3.txt не найден во втором архиве
2025-04-14 23:37:47,071 - Ошибка в файле path/nzpyw3ag.txt: Файл recursive_challenge\qxjzaes2\24lkeyh6\l8k5q6fs\geajve4d\pzpvo72t\cqumx4y1\ep2sr5fy.txt не найден во втором архиве
2025-04-14 23:37:47,249 - Ошибка в файле path/svy8j65u.txt: Файл recursive_challenge\qxjzaes2\24lkeyh6\87pgggz7\lvv4zock\3d6sd0o3\8wa7e9tb.txt не найден во втором архиве
2025-04-14 23:37:47,274 - Ошибка в файле path/rh65qpel.txt: Файл recursive_challenge\qxjzaes2\24lkeyh6\87pgggz7\sqic6n8z\i6ifx3bf\8fprch6v.txt не найден во втором архиве
2025-04-14 23:37:47,344 - Ошибка в файле path/ms8d7u1g.txt: Файл recursive_challenge\qxjzaes2\24lkeyh6\87pgggz7\tgml8zq2\tmb9as05\x82k3ao8\4j1kqgwu.txt не найден во втором архиве
2025-04-14 23:37:47,414 - Ошибка в файле path/tszzwd3b.txt: Файл recursive_challenge\qxjzaes2\24lkeyh6\l8k5q6fs\vjyr8709\llc8lc44\6vxwreno\j8a7fmce.txt не найден во втором архиве
2025-04-14 23:37:47,967 - Ошибка в файле path/q83wpx38.txt: Файл recursive_challenge\qxjzaes2\plr4e33g\hjsrdtoz\e9td5mfq\dhpr5fba\2p4n7cs1\elt64zki.txt не найден во втором архиве
2025-04-14 23:37:48,009 - Ошибка в файле path/rjnmqmhz.txt: Файл recursive_challenge\qxjzaes2\24lkeyh6\87pgggz7\sqic6n8z\bueat201\uwbhniee.txt не найден во втором архиве
2025-04-14 23:37:48,043 - Ошибка в файле path/pbaaa9lw.txt: Файл recursive_challenge\qxjzaes2\24lkeyh6\l8k5q6fs\vjyr8709\cw1rzfg9.txt не найден во втором архиве
2025-04-14 23:37:48,190 - Ошибка в файле path/v5zhf4ao.txt: Файл recursive_challenge\qxjzaes2\24lkeyh6\l8k5q6fs\023dsflt\gvyf2kyx\a113n4wq\s3p1610t.txt не найден во втором архиве
2025-04-14 23:37:48,303 - Ошибка в файле path/sxvbh9dq.txt: Файл recursive_challenge\qxjzaes2\plr4e33g\hjsrdtoz\k1n6kn05.txt не найден во втором архиве
2025-04-14 23:37:48,375 - Ошибка в файле path/rj3ic220.txt: Файл recursive_challenge\qxjzaes2\plr4e33g\hjsrdtoz\e9td5mfq\tim6qmlx\azlju0w2\zefoc2pp.txt не найден во втором архиве
2025-04-14 23:37:48,470 - Ошибка в файле path/wos75o5k.txt: Файл recursive_challenge\qxjzaes2\plr4e33g\hjsrdtoz\meggcmay\5u5561c0\nribkhyy\yipypdwa.txt не найден во втором архиве
2025-04-14 23:37:48,480 - Ошибка в файле path/ttb106mn.txt: Файл recursive_challenge\qxjzaes2\24lkeyh6\l8k5q6fs\023dsflt\gvyf2kyx\a113n4wq\3kcdvm7s.txt не найден во втором архиве
2025-04-14 23:37:49,086 - Ошибка в файле path/y0w6go50.txt: Файл recursive_challenge\qxjzaes2\24lkeyh6\gwzv6zt9\dom3olfi\60kknxn7\9hwvtqw4\2jl160hp.txt не найден во втором архиве
2025-04-14 23:37:49,100 - Ошибка в файле path/rjurjmgl.txt: Файл recursive_challenge\qxjzaes2\plr4e33g\hjsrdtoz\e9td5mfq\lscuevkn.txt не найден во втором архиве
2025-04-14 23:37:49,173 - Ошибка в файле path/yth2eozo.txt: Файл recursive_challenge\qxjzaes2\24lkeyh6\87pgggz7\lvv4zock\300enzqk\gda97i63\2gx4nbza.txt не найден во втором архиве
2025-04-14 23:37:49,257 - Ошибка в файле path/v7lm3277.txt: Файл recursive_challenge\qxjzaes2\24lkeyh6\l8k5q6fs\vjyr8709\99575oup\ylane65k\5lrl68rt.txt не найден во втором архиве
2025-04-14 23:37:49,382 - Ошибка в файле path/syx6ue7m.txt: Файл recursive_challenge\qxjzaes2\24lkeyh6\l8k5q6fs\023dsflt\gvyf2kyx\oici8z6p\9ygjhdz9.txt не найден во втором архиве
2025-04-14 23:37:49,493 - Ошибка в файле path/zutam0xy.txt: Файл recursive_challenge\qxjzaes2\plr4e33g\hjsrdtoz\e9td5mfq\kd47aye4\1roi36s4\xnujoihc.txt не найден во втором архиве
2025-04-14 23:37:49,544 - Ошибка в файле path/tubpno74.txt: Файл recursive_challenge\qxjzaes2\plr4e33g\jdxi8nzo\m06ur6e4\x68byxlt\qaio6snk\6q7nk1tt.txt не найден во втором архиве
2025-04-14 23:37:49,546 - Ошибка в файле path/wql36kqp.txt: Файл recursive_challenge\qxjzaes2\24lkeyh6\87pgggz7\lvv4zock\300enzqk\373a8asn\ljyewt5p.txt не найден во втором архиве
2025-04-14 23:37:50,180 - Ошибка в файле path/y136to04.txt: Файл recursive_challenge\qxjzaes2\24lkeyh6\l8k5q6fs\geajve4d\cjnq7zsv\8l0qk90j.txt не найден во втором архиве
2025-04-14 23:37:50,202 - Ошибка в файле path/rkiy2dxw.txt: Файл recursive_challenge\qxjzaes2\24lkeyh6\87pgggz7\lvv4zock\300enzqk\dsby5ldv.txt не найден во втором архиве
2025-04-14 23:37:50,241 - Ошибка в файле path/yuzhmp51.txt: Файл recursive_challenge\qxjzaes2\plr4e33g\hjsrdtoz\e9td5mfq\tim6qmlx\vverel64\1kxglg8c.txt не найден во втором архиве
2025-04-14 23:37:50,349 - Ошибка в файле path/v8ftq2as.txt: Файл recursive_challenge\qxjzaes2\plr4e33g\hjsrdtoz\e9td5mfq\kd47aye4\phcv5msd\exty83p7.txt не найден во втором архиве
2025-04-14 23:37:50,469 - Ошибка в файле path/szfen4cw.txt: Файл recursive_challenge\qxjzaes2\24lkeyh6\l8k5q6fs\vjyr8709\llc8lc44\6vxwreno\h0kgftj8.txt не найден во втором архиве
2025-04-14 23:37:50,566 - Ошибка в файле path/zv4bziuq.txt: Файл recursive_challenge\qxjzaes2\plr4e33g\hjsrdtoz\e9td5mfq\kd47aye4\phcv5msd\9mg8lzrg.txt не найден во втором архиве
2025-04-14 23:37:50,638 - Ошибка в файле path/tv5f80ny.txt: Файл recursive_challenge\qxjzaes2\24lkeyh6\87pgggz7\sqic6n8z\i6ifx3bf\lbc8lcwm\7ouo5tz2.txt не найден во втором архиве
2025-04-14 23:37:50,645 - Ошибка в файле path/wrzxp1g0.txt: Файл recursive_challenge\qxjzaes2\24lkeyh6\l8k5q6fs\vjyr8709\xut7l6x0\8nh15a9z\p8sop4eu.txt не найден во втором архиве
2025-04-14 23:37:51,257 - Ошибка в файле path/rl5lq68c.txt: Файл recursive_challenge\qxjzaes2\24lkeyh6\l8k5q6fs\vjyr8709\11ahet30\5di82xx5\0jsjgmfo.txt не найден во втором архиве
2025-04-14 23:37:51,280 - Ошибка в файле path/y4eiczo5.txt: Файл recursive_challenge\qxjzaes2\24lkeyh6\l8k5q6fs\2ds7mvnr\oq46gosp\ao48tf52\ljiwm4wz.txt не найден во втором архиве
2025-04-14 23:37:51,336 - Ошибка в файле path/yw7g15h7.txt: Файл recursive_challenge\qxjzaes2\24lkeyh6\l8k5q6fs\geajve4d\pzpvo72t\cqumx4y1\k41hwhah.txt не найден во втором архиве
2025-04-14 23:37:51,454 - Ошибка в файле path/v9qtu9a7.txt: Файл recursive_challenge\qxjzaes2\24lkeyh6\87pgggz7\sqic6n8z\i6ifx3bf\7ep1ftxj.txt не найден во втором архиве
2025-04-14 23:37:51,515 - Ошибка в файле path/t0i1dy4i.txt: Файл recursive_challenge\qxjzaes2\24lkeyh6\l8k5q6fs\vjyr8709\11ahet30\ti8cj09z\nr8g4u0k.txt не найден во втором архиве
2025-04-14 23:37:51,649 - Ошибка в файле path/zx320aoc.txt: Файл recursive_challenge\qxjzaes2\24lkeyh6\l8k5q6fs\2ds7mvnr\2jf743w3\pyb7rxbb\n1lg73w2.txt не найден во втором архиве
2025-04-14 23:37:51,700 - Ошибка в файле path/twz42vc1.txt: Файл recursive_challenge\qxjzaes2\24lkeyh6\87pgggz7\sqic6n8z\bueat201\zfz33ucp\26qp0ovt.txt не найден во втором архиве
2025-04-14 23:37:51,752 - Ошибка в файле path/ws8rejc1.txt: Файл recursive_challenge\qxjzaes2\24lkeyh6\l8k5q6fs\geajve4d\pzpvo72t\wso8d8lv\g96dd6ll.txt не найден во втором архиве
2025-04-14 23:37:52,328 - Ошибка в файле path/rpn8t0o8.txt: Файл recursive_challenge\qxjzaes2\24lkeyh6\gwzv6zt9\dom3olfi\60kknxn7\n4h62q0g\0fskjqft.txt не найден во втором архиве
2025-04-14 23:37:52,390 - Ошибка в файле path/y4m33rq6.txt: Файл recursive_challenge\qxjzaes2\24lkeyh6\87pgggz7\lvv4zock\jjidtgn6\1m5hlxpv\x3ultxe0.txt не найден во втором архиве
2025-04-14 23:37:52,441 - Ошибка в файле path/ywlng4si.txt: Файл recursive_challenge\qxjzaes2\plr4e33g\hjsrdtoz\meggcmay\o8pqful3\1eif10bv\xlkvqf50.txt не найден во втором архиве
2025-04-14 23:37:52,517 - Ошибка в файле path/vaurbevl.txt: Файл recursive_challenge\qxjzaes2\plr4e33g\hjsrdtoz\meggcmay\5u5561c0\ujge7gv4\oagwur2x.txt не найден во втором архиве
2025-04-14 23:37:52,563 - Ошибка в файле path/t1b9aj1q.txt: Файл recursive_challenge\qxjzaes2\24lkeyh6\l8k5q6fs\2ds7mvnr\2jf743w3\qy817cc7.txt не найден во втором архиве
2025-04-14 23:37:52,767 - Ошибка в файле path/zx5qxlb2.txt: Файл recursive_challenge\qxjzaes2\24lkeyh6\l8k5q6fs\2ds7mvnr\2jf743w3\ph6tmhka\ed3gglba.txt не найден во втором архиве
2025-04-14 23:37:52,783 - Ошибка в файле path/txstode5.txt: Файл recursive_challenge\qxjzaes2\plr4e33g\hjsrdtoz\meggcmay\g5qb5r57\leay6qey\dsm4fhxe.txt не найден во втором архиве
2025-04-14 23:37:52,830 - Ошибка в файле path/wty10t4x.txt: Файл recursive_challenge\qxjzaes2\24lkeyh6\gwzv6zt9\dom3olfi\60kknxn7\shv9gmix.txt не найден во втором архиве
2025-04-14 23:37:53,428 - Ошибка в файле path/rrpqgwar.txt: Файл recursive_challenge\qxjzaes2\plr4e33g\hjsrdtoz\j9jakj18.txt не найден во втором архиве
2025-04-14 23:37:53,465 - Ошибка в файле path/y4s5n2ec.txt: Файл recursive_challenge\qxjzaes2\plr4e33g\jdxi8nzo\m06ur6e4\ew5rtpiw.txt не найден во втором архиве
2025-04-14 23:37:53,515 - Ошибка в файле path/z2sskjob.txt: Файл recursive_challenge\qxjzaes2\24lkeyh6\l8k5q6fs\vjyr8709\11ahet30\yqqfwiet\a1nm5fwp.txt не найден во втором архиве
2025-04-14 23:37:53,593 - Ошибка в файле path/vbzo98nx.txt: Файл recursive_challenge\qxjzaes2\24lkeyh6\l8k5q6fs\023dsflt\mbupl9sp\3uoc8vrp\0tb54oxg.txt не найден во втором архиве
2025-04-14 23:37:53,648 - Ошибка в файле path/t1ith07w.txt: Файл recursive_challenge\qxjzaes2\24lkeyh6\gwzv6zt9\dom3olfi\c787qynu\gr12skcv.txt не найден во втором архиве
2025-04-14 23:37:53,849 - Ошибка в файле path/zxnvd3qa.txt: Файл recursive_challenge\qxjzaes2\24lkeyh6\l8k5q6fs\geajve4d\pzpvo72t\cqumx4y1\2ggxo3zs.txt не найден во втором архиве
2025-04-14 23:37:53,876 - Ошибка в файле path/tzkxyohs.txt: Файл recursive_challenge\qxjzaes2\plr4e33g\jdxi8nzo\m06ur6e4\x68byxlt\qaio6snk\yomjken4.txt не найден во втором архиве
2025-04-14 23:37:53,933 - Ошибка в файле path/wuyvn7yi.txt: Файл recursive_challenge\qxjzaes2\plr4e33g\hjsrdtoz\e9td5mfq\tim6qmlx\ej2g4b6c\as4f5wyz.txt не найден во втором архиве
2025-04-14 23:37:54,527 - Ошибка в файле path/rs1uh95q.txt: Файл recursive_challenge\qxjzaes2\24lkeyh6\l8k5q6fs\2ds7mvnr\2jf743w3\pyb7rxbb\gpge465x.txt не найден во втором архиве
2025-04-14 23:37:54,553 - Ошибка в файле path/y5bcsllc.txt: Файл recursive_challenge\qxjzaes2\24lkeyh6\l8k5q6fs\geajve4d\pzpvo72t\wso8d8lv\qn93geam.txt не найден во втором архиве
2025-04-14 23:37:54,582 - Ошибка в файле path/z34uj4vv.txt: Файл recursive_challenge\qxjzaes2\24lkeyh6\l8k5q6fs\vjyr8709\llc8lc44\247c7f1e\red63n3d.txt не найден во втором архиве
2025-04-14 23:37:54,694 - Ошибка в файле path/vg7heyup.txt: Файл recursive_challenge\qxjzaes2\plr4e33g\hjsrdtoz\e9td5mfq\kd47aye4\tmao6h8f\6sbj7xym.txt не найден во втором архиве
2025-04-14 23:37:54,753 - Ошибка в файле path/t1mhydfz.txt: Файл recursive_challenge\qxjzaes2\24lkeyh6\gwzv6zt9\dom3olfi\60kknxn7\107c9n34.txt не найден во втором архиве
2025-04-14 23:37:54,939 - Ошибка в файле path/zy8ik4h6.txt: Файл recursive_challenge\qxjzaes2\24lkeyh6\l8k5q6fs\vjyr8709\llc8lc44\7zqifsoe.txt не найден во втором архиве
2025-04-14 23:37:54,989 - Ошибка в файле path/u1j66j5x.txt: Файл recursive_challenge\qxjzaes2\plr4e33g\hjsrdtoz\meggcmay\0sl0lsp9\tac9i2so\vfnpnl2s.txt не найден во втором архиве
2025-04-14 23:37:55,027 - Ошибка в файле path/ww4d43z0.txt: Файл recursive_challenge\qxjzaes2\24lkeyh6\l8k5q6fs\vjyr8709\llc8lc44\5lza7rcl\ueoc189o.txt не найден во втором архиве
2025-04-14 23:37:55,587 - Ошибка в файле path/rsq81zsz.txt: Файл recursive_challenge\qxjzaes2\24lkeyh6\l8k5q6fs\023dsflt\mbupl9sp\3uoc8vrp\3rnu1qlt.txt не найден во втором архиве
2025-04-14 23:37:55,670 - Ошибка в файле path/y5jq3s76.txt: Файл recursive_challenge\qxjzaes2\plr4e33g\hjsrdtoz\meggcmay\g5qb5r57\leay6qey\9f2hbe6p.txt не найден во втором архиве
2025-04-14 23:37:55,683 - Ошибка в файле path/z3mrjjk0.txt: Файл recursive_challenge\qxjzaes2\plr4e33g\hjsrdtoz\meggcmay\hgjfyvnm\v8ierp5g\9xt8wxrw.txt не найден во втором архиве
2025-04-14 23:37:55,813 - Ошибка в файле path/vg9nb4rq.txt: Файл recursive_challenge\qxjzaes2\24lkeyh6\gwzv6zt9\l9oo8gy9\o3uwpb77\4b6gvvwe.txt не найден во втором архиве
2025-04-14 23:37:55,822 - Ошибка в файле path/t1tjc8fz.txt: Файл recursive_challenge\qxjzaes2\24lkeyh6\87pgggz7\lvv4zock\9welz67w\mfqbj0gt.txt не найден во втором архиве
2025-04-14 23:37:56,055 - Ошибка в файле path/zzoimgun.txt: Файл recursive_challenge\qxjzaes2\24lkeyh6\87pgggz7\lvv4zock\300enzqk\typdmx35\az1n8jve.txt не найден во втором архиве
2025-04-14 23:37:56,073 - Ошибка в файле path/u4fvcgju.txt: Файл recursive_challenge\qxjzaes2\24lkeyh6\gwzv6zt9\dom3olfi\c787qynu\kfulagg2.txt не найден во втором архиве
2025-04-14 23:37:56,139 - Ошибка в файле path/wxaq2dfl.txt: Файл recursive_challenge\qxjzaes2\plr4e33g\jdxi8nzo\m06ur6e4\x68byxlt\hoesb7n5\d0343694.txt не найден во втором архиве
2025-04-14 23:37:56,664 - Ошибка в файле path/rtibd1ow.txt: Файл recursive_challenge\qxjzaes2\plr4e33g\hjsrdtoz\meggcmay\g5qb5r57\e1x0gw63.txt не найден во втором архиве
2025-04-14 23:37:56,792 - Ошибка в файле path/y5owc3ot.txt: Файл recursive_challenge\qxjzaes2\24lkeyh6\l8k5q6fs\vjyr8709\305jkkip\9ps238md\4mdb7oui.txt не найден во втором архиве
2025-04-14 23:37:56,806 - Ошибка в файле path/z4fiqe7g.txt: Файл recursive_challenge\qxjzaes2\24lkeyh6\87pgggz7\tgml8zq2\tmb9as05\zsz2edj9\x9ashe87.txt не найден во втором архиве
2025-04-14 23:37:56,886 - Ошибка в файле path/vhbexgcb.txt: Файл recursive_challenge\qxjzaes2\24lkeyh6\l8k5q6fs\geajve4d\pzpvo72t\9nq8fsye\basc2ly8.txt не найден во втором архиве
2025-04-14 23:37:56,902 - Ошибка в файле path/t2aeejmz.txt: Файл recursive_challenge\qxjzaes2\plr4e33g\hjsrdtoz\meggcmay\5u5561c0\x4igp738\yqij0cud.txt не найден во втором архиве
2025-04-14 23:37:57,163 - Ошибка в файле path/u5bzdj0j.txt: Файл recursive_challenge\qxjzaes2\24lkeyh6\87pgggz7\lvv4zock\bbrngl3w\4dkgiqmu.txt не найден во втором архиве
2025-04-14 23:37:57,171 - Ошибка в файле path/zzzvx2kw.txt: Файл recursive_challenge\qxjzaes2\24lkeyh6\87pgggz7\tgml8zq2\tmb9as05\73shruuo\0qysl0v0.txt не найден во втором архиве
2025-04-14 23:37:57,236 - Ошибка в файле path/x1kn5gcm.txt: Файл recursive_challenge\qxjzaes2\plr4e33g\hjsrdtoz\e9td5mfq\dhpr5fba\sm728bxj.txt не найден во втором архиве
2025-04-14 23:37:57,739 - Ошибка в файле path/ruhy5m4g.txt: Файл recursive_challenge\qxjzaes2\24lkeyh6\87pgggz7\sqic6n8z\bueat201\yx0ztf6n.txt не найден во втором архиве
2025-04-14 23:37:57,880 - Ошибка в файле path/y5qd4t7k.txt: Файл recursive_challenge\qxjzaes2\plr4e33g\hjsrdtoz\e9td5mfq\kd47aye4\fyojmgwt.txt не найден во втором архиве
2025-04-14 23:37:57,897 - Ошибка в файле path/z5hcaey8.txt: Файл recursive_challenge\qxjzaes2\plr4e33g\jdxi8nzo\m06ur6e4\x68byxlt\uqk973c9\ik29uask.txt не найден во втором архиве
2025-04-14 23:37:57,931 - Ошибка в файле path/vhzatoca.txt: Файл recursive_challenge\qxjzaes2\24lkeyh6\l8k5q6fs\vjyr8709\11ahet30\dt5tc3j5.txt не найден во втором архиве
2025-04-14 23:37:57,960 - Ошибка в файле path/t3hnrepv.txt: Файл recursive_challenge\qxjzaes2\plr4e33g\hjsrdtoz\meggcmay\5u5561c0\ujge7gv4\qs39y89g.txt не найден во втором архиве
2025-04-14 23:37:58,234 - Ошибка в файле path/u6qnrwwr.txt: Файл recursive_challenge\qxjzaes2\plr4e33g\hjsrdtoz\e9td5mfq\xk9zyis4\mvi74o75\pqhnvy7l.txt не найден во втором архиве
2025-04-14 23:37:58,333 - Ошибка в файле path/x4hcdn21.txt: Файл recursive_challenge\qxjzaes2\24lkeyh6\gwzv6zt9\l9oo8gy9\o3uwpb77\ac9yhrd2\q2apiw9q.txt не найден во втором архиве
2025-04-14 23:37:58,806 - Ошибка в файле path/rw47ghfx.txt: Файл recursive_challenge\qxjzaes2\24lkeyh6\l8k5q6fs\2ds7mvnr\2jf743w3\zetkhfe9.txt не найден во втором архиве
2025-04-14 23:37:58,914 - Ошибка в файле path/y5qkb5ro.txt: Файл recursive_challenge\qxjzaes2\plr4e33g\jdxi8nzo\m06ur6e4\x68byxlt\uqk973c9\1el0j1uf.txt не найден во втором архиве
2025-04-14 23:37:58,963 - Ошибка в файле path/z6w9res7.txt: Файл recursive_challenge\qxjzaes2\plr4e33g\jdxi8nzo\m06ur6e4\x68byxlt\x521c38r.txt не найден во втором архиве
2025-04-14 23:37:59,012 - Ошибка в файле path/vio6ox8x.txt: Файл recursive_challenge\qxjzaes2\24lkeyh6\gwzv6zt9\dom3olfi\60kknxn7\l7g8i3pi.txt не найден во втором архиве
2025-04-14 23:37:59,057 - Ошибка в файле path/t4qirphp.txt: Файл recursive_challenge\qxjzaes2\24lkeyh6\l8k5q6fs\vjyr8709\pxt1wv6o\l6ux5fy6\mcubjxw7.txt не найден во втором архиве
2025-04-14 23:37:59,295 - Ошибка в файле path/u7037j2p.txt: Файл recursive_challenge\qxjzaes2\24lkeyh6\87pgggz7\sqic6n8z\bueat201\zfz33ucp\fmtbgw4m.txt не найден во втором архиве
2025-04-14 23:37:59,379 - Ошибка в файле path/x4uttiq3.txt: Файл recursive_challenge\qxjzaes2\24lkeyh6\l8k5q6fs\2ds7mvnr\2jf743w3\ph6tmhka\hr5mx0pi.txt не найден во втором архиве
2025-04-14 23:37:59,806 - Ошибка в файле path/rza8gc0i.txt: Файл recursive_challenge\qxjzaes2\plr4e33g\hjsrdtoz\e9td5mfq\kd47aye4\l6sbrbit.txt не найден во втором архиве
2025-04-14 23:37:59,877 - Ошибка в файле path/y5u4cxu3.txt: Файл recursive_challenge\qxjzaes2\24lkeyh6\l8k5q6fs\geajve4d\pzpvo72t\cqumx4y1\lscvyjj9.txt не найден во втором архиве
2025-04-14 23:37:59,899 - Ошибка в файле path/z7gl8m9z.txt: Файл recursive_challenge\qxjzaes2\24lkeyh6\87pgggz7\sqic6n8z\i6ifx3bf\qpvbvwdl\fc6cv7uq.txt не найден во втором архиве
2025-04-14 23:37:59,985 - Ошибка в файле path/vk51i4sr.txt: Файл recursive_challenge\qxjzaes2\24lkeyh6\l8k5q6fs\023dsflt\gvyf2kyx\k2uxkuqk\d807712z.txt не найден во втором архиве
2025-04-14 23:38:00,053 - Ошибка в файле path/t4z0zq1d.txt: Файл recursive_challenge\qxjzaes2\24lkeyh6\l8k5q6fs\geajve4d\pzpvo72t\65fa604f.txt не найден во втором архиве
2025-04-14 23:38:00,239 - Ошибка в файле path/u8kq9ilh.txt: Файл recursive_challenge\qxjzaes2\24lkeyh6\87pgggz7\sqic6n8z\i6ifx3bf\r5pjbrff\nco06o4o.txt не найден во втором архиве
2025-04-14 23:38:00,326 - Ошибка в файле path/x6nzvnyu.txt: Файл recursive_challenge\qxjzaes2\plr4e33g\hjsrdtoz\e9td5mfq\kd47aye4\phcv5msd\d4e8a79j.txt не найден во втором архиве
2025-04-14 23:38:00,706 - Ошибка в файле path/s29nnp4c.txt: Файл recursive_challenge\qxjzaes2\plr4e33g\hjsrdtoz\e9td5mfq\tim6qmlx\vverel64\usl8hpib.txt не найден во втором архиве
2025-04-14 23:38:00,860 - Ошибка в файле path/y5zdq9wb.txt: Файл recursive_challenge\qxjzaes2\24lkeyh6\l8k5q6fs\geajve4d\pzpvo72t\cqumx4y1\hitkaq5n.txt не найден во втором архиве
2025-04-14 23:38:00,908 - Ошибка в файле path/vkixu5wx.txt: Файл recursive_challenge\qxjzaes2\24lkeyh6\87pgggz7\lvv4zock\300enzqk\373a8asn\12lvre2a.txt не найден во втором архиве
2025-04-14 23:38:00,940 - Ошибка в файле path/t68mtnke.txt: Файл recursive_challenge\qxjzaes2\24lkeyh6\l8k5q6fs\geajve4d\pzpvo72t\61yxvjfu\i5ldb50k.txt не найден во втором архиве
2025-04-14 23:38:00,970 - Ошибка в файле path/z7w2we6h.txt: Файл recursive_challenge\qxjzaes2\24lkeyh6\87pgggz7\lvv4zock\zoc6meh4\w5eg9l5h\bxtxj8x9.txt не найден во втором архиве
2025-04-14 23:38:01,210 - Ошибка в файле path/u8nwhdzs.txt: Файл recursive_challenge\qxjzaes2\plr4e33g\hjsrdtoz\e9td5mfq\kd47aye4\hp3qg564\sgqafigi.txt не найден во втором архиве
2025-04-14 23:38:01,327 - Ошибка в файле path/x7kozlt5.txt: Файл recursive_challenge\qxjzaes2\24lkeyh6\87pgggz7\sqic6n8z\i6ifx3bf\l8tg9ehk\m60ut9aa.txt не найден во втором архиве
2025-04-14 23:38:01,659 - Ошибка в файле path/s4h71bf4.txt: Файл recursive_challenge\qxjzaes2\24lkeyh6\l8k5q6fs\vjyr8709\llc8lc44\6vxwreno\urdkg0t4.txt не найден во втором архиве
2025-04-14 23:38:01,791 - Ошибка в файле path/vnmpyv0j.txt: Файл recursive_challenge\qxjzaes2\plr4e33g\hjsrdtoz\meggcmay\0sl0lsp9\5p4qqwjy.txt не найден во втором архиве
2025-04-14 23:38:01,811 - Ошибка в файле path/t7hifiab.txt: Файл recursive_challenge\qxjzaes2\24lkeyh6\l8k5q6fs\vjyr8709\xut7l6x0\5lkdmrmb\y8ebvq1i.txt не найден во втором архиве
2025-04-14 23:38:01,874 - Ошибка в файле path/y7kspbjv.txt: Файл recursive_challenge\qxjzaes2\24lkeyh6\l8k5q6fs\2ds7mvnr\2jf743w3\f0q3k0rm.txt не найден во втором архиве
2025-04-14 23:38:01,890 - Ошибка в файле path/z82t4fd8.txt: Файл recursive_challenge\qxjzaes2\plr4e33g\hjsrdtoz\e9td5mfq\tim6qmlx\hcjlkqf6\hyujxtpa.txt не найден во втором архиве
2025-04-14 23:38:02,243 - Ошибка в файле path/u8wem0l2.txt: Файл recursive_challenge\qxjzaes2\24lkeyh6\l8k5q6fs\geajve4d\pzpvo72t\wso8d8lv\khg9wm1k.txt не найден во втором архиве
2025-04-14 23:38:02,283 - Ошибка в файле path/x8nrc1mk.txt: Файл recursive_challenge\qxjzaes2\24lkeyh6\87pgggz7\sqic6n8z\i6ifx3bf\qpvbvwdl\wnf58rts.txt не найден во втором архиве
2025-04-14 23:38:02,563 - Ошибка в файле path/s698ouc8.txt: Файл recursive_challenge\qxjzaes2\24lkeyh6\l8k5q6fs\vjyr8709\llc8lc44\6vxwreno\ubf4l7v5.txt не найден во втором архиве
2025-04-14 23:38:02,721 - Ошибка в файле path/vo26bg6t.txt: Файл recursive_challenge\qxjzaes2\24lkeyh6\l8k5q6fs\vjyr8709\305jkkip\pep9dfhj\mas2vcxl.txt не найден во втором архиве
2025-04-14 23:38:02,785 - Ошибка в файле path/t7i7rhsi.txt: Файл recursive_challenge\qxjzaes2\24lkeyh6\l8k5q6fs\023dsflt\gvyf2kyx\k2uxkuqk\5gaazswb.txt не найден во втором архиве
2025-04-14 23:38:02,821 - Ошибка в файле path/z94j2b1a.txt: Файл recursive_challenge\qxjzaes2\plr4e33g\hjsrdtoz\e9td5mfq\dhpr5fba\pz20vikp\5gg6uezg.txt не найден во втором архиве
2025-04-14 23:38:02,821 - Ошибка в файле path/y99xgdgw.txt: Файл recursive_challenge\qxjzaes2\24lkeyh6\l8k5q6fs\vjyr8709\xut7l6x0\5lkdmrmb\u8lrfx17.txt не найден во втором архиве
2025-04-14 23:38:03,227 - Ошибка в файле path/x9t0wa2p.txt: Файл recursive_challenge\qxjzaes2\plr4e33g\hjsrdtoz\meggcmay\hgjfyvnm\11per8fa\3dgoeipj.txt не найден во втором архиве
2025-04-14 23:38:03,305 - Ошибка в файле path/u9xxwbw0.txt: Файл recursive_challenge\qxjzaes2\plr4e33g\hjsrdtoz\e9td5mfq\dhpr5fba\561rlpoz\0ocaa0vw.txt не найден во втором архиве
2025-04-14 23:38:03,510 - Ошибка в файле path/s6jvhnvx.txt: Файл recursive_challenge\qxjzaes2\24lkeyh6\l8k5q6fs\2ds7mvnr\2jf743w3\are2fqiv\535zdyy6.txt не найден во втором архиве
2025-04-14 23:38:03,656 - Ошибка в файле path/t7simfnf.txt: Файл recursive_challenge\qxjzaes2\plr4e33g\hjsrdtoz\e9td5mfq\kd47aye4\croov64q\vjwmzkzb.txt не найден во втором архиве
2025-04-14 23:38:03,731 - Ошибка в файле path/vo7eehqb.txt: Файл recursive_challenge\qxjzaes2\plr4e33g\hjsrdtoz\e9td5mfq\kd47aye4\tmao6h8f\ppd0wyt0.txt не найден во втором архиве
2025-04-14 23:38:03,734 - Ошибка в файле path/z9kse80k.txt: Файл recursive_challenge\qxjzaes2\plr4e33g\hjsrdtoz\meggcmay\g5qb5r57\nnek9yhl.txt не найден во втором архиве
2025-04-14 23:38:03,849 - Ошибка в файле path/ya12e1p0.txt: Файл recursive_challenge\qxjzaes2\24lkeyh6\l8k5q6fs\2ds7mvnr\oq46gosp\hjw10xiz\3btgqvg2.txt не найден во втором архиве
2025-04-14 23:38:04,277 - Ошибка в файле path/xax9a9nd.txt: Файл recursive_challenge\qxjzaes2\24lkeyh6\87pgggz7\tgml8zq2\tmb9as05\f3apwtnp\ypggds8t.txt не найден во втором архиве
2025-04-14 23:38:04,292 - Ошибка в файле path/uda86xqp.txt: Файл recursive_challenge\qxjzaes2\24lkeyh6\87pgggz7\lvv4zock\zoc6meh4\y5bkpso3\fm60rg8o.txt не найден во втором архиве
2025-04-14 23:38:04,416 - Ошибка в файле path/s9i2bkc0.txt: Файл recursive_challenge\qxjzaes2\24lkeyh6\87pgggz7\sqic6n8z\i6ifx3bf\l8tg9ehk\z775fg0u.txt не найден во втором архиве
2025-04-14 23:38:04,629 - Ошибка в файле path/tb6ajmqe.txt: Файл recursive_challenge\qxjzaes2\plr4e33g\hjsrdtoz\e9td5mfq\kd47aye4\phcv5msd\wbe7ozae.txt не найден во втором архиве
2025-04-14 23:38:04,695 - Ошибка в файле path/vrs2xtb6.txt: Файл recursive_challenge\qxjzaes2\24lkeyh6\l8k5q6fs\vjyr8709\pxt1wv6o\l6ux5fy6\swi34twk.txt не найден во втором архиве
2025-04-14 23:38:04,720 - Ошибка в файле path/ya67qmrx.txt: Файл recursive_challenge\qxjzaes2\24lkeyh6\l8k5q6fs\2ds7mvnr\2jf743w3\are2fqiv\7euwt799.txt не найден во втором архиве
2025-04-14 23:38:04,726 - Ошибка в файле path/zak52s2o.txt: Файл recursive_challenge\qxjzaes2\24lkeyh6\l8k5q6fs\vjyr8709\llc8lc44\5lza7rcl\7rzexqjb.txt не найден во втором архиве
2025-04-14 23:38:05,233 - Ошибка в файле path/ueurkcc5.txt: Файл recursive_challenge\qxjzaes2\plr4e33g\hjsrdtoz\meggcmay\5u5561c0\ujge7gv4\2u7nxg6u.txt не найден во втором архиве
2025-04-14 23:38:05,259 - Ошибка в файле path/s9lyn8la.txt: Файл recursive_challenge\qxjzaes2\24lkeyh6\87pgggz7\lvv4zock\0ocmmcvu\0mhngveu.txt не найден во втором архиве
2025-04-14 23:38:05,296 - Ошибка в файле path/xb6mgj0u.txt: Файл recursive_challenge\qxjzaes2\24lkeyh6\l8k5q6fs\023dsflt\mbupl9sp\y17teu6k.txt не найден во втором архиве
2025-04-14 23:38:05,601 - Ошибка в файле path/tcles15h.txt: Файл recursive_challenge\qxjzaes2\24lkeyh6\87pgggz7\lvv4zock\zoc6meh4\i1e8pomo\3d84cezy.txt не найден во втором архиве
2025-04-14 23:38:05,683 - Ошибка в файле path/zb1juot1.txt: Файл recursive_challenge\qxjzaes2\plr4e33g\hjsrdtoz\e9td5mfq\kd47aye4\hp3qg564\of01ifzn.txt не найден во втором архиве
2025-04-14 23:38:05,694 - Ошибка в файле path/ycs9uh2o.txt: Файл recursive_challenge\qxjzaes2\24lkeyh6\87pgggz7\sqic6n8z\i6ifx3bf\mte0uqps\1g6c9rij.txt не найден во втором архиве
2025-04-14 23:38:05,755 - Ошибка в файле path/vv6j1bdu.txt: Файл recursive_challenge\qxjzaes2\plr4e33g\hjsrdtoz\e9td5mfq\kd47aye4\u8c7w556\dnrli6os.txt не найден во втором архиве
2025-04-14 23:38:06,116 - Ошибка в файле path/seqldd14.txt: Файл recursive_challenge\qxjzaes2\24lkeyh6\87pgggz7\tgml8zq2\tmb9as05\x82k3ao8\bss0sylj.txt не найден во втором архиве
2025-04-14 23:38:06,180 - Ошибка в файле path/xbprqs5r.txt: Файл recursive_challenge\qxjzaes2\24lkeyh6\87pgggz7\lvv4zock\zoc6meh4\i1e8pomo\z673krj5.txt не найден во втором архиве
2025-04-14 23:38:06,210 - Ошибка в файле path/ujjqpfck.txt: Файл recursive_challenge\qxjzaes2\24lkeyh6\l8k5q6fs\vjyr8709\11ahet30\jm0vnquw\zxth6tos.txt не найден во втором архиве
2025-04-14 23:38:06,436 - Ошибка в файле path/tg6dnzht.txt: Файл recursive_challenge\qxjzaes2\plr4e33g\jdxi8nzo\m06ur6e4\d60rrvq1\ro7rfz9d\n6moxark.txt не найден во втором архиве
2025-04-14 23:38:06,656 - Ошибка в файле path/zbxcauph.txt: Файл recursive_challenge\qxjzaes2\plr4e33g\l0qkksef.txt не найден во втором архиве
2025-04-14 23:38:06,688 - Ошибка в файле path/vw2rfed5.txt: Файл recursive_challenge\qxjzaes2\24lkeyh6\l8k5q6fs\023dsflt\mbupl9sp\3uoc8vrp\r4qfblx2.txt не найден во втором архиве
2025-04-14 23:38:06,723 - Ошибка в файле path/ye8z6pk4.txt: Файл recursive_challenge\qxjzaes2\plr4e33g\hjsrdtoz\e9td5mfq\kd47aye4\tmao6h8f\wq7vy2hp.txt не найден во втором архиве
2025-04-14 23:38:06,980 - Ошибка в файле path/setfnolt.txt: Файл recursive_challenge\qxjzaes2\plr4e33g\hjsrdtoz\meggcmay\hgjfyvnm\jo8zeqra.txt не найден во втором архиве
2025-04-14 23:38:07,119 - Ошибка в файле path/xdl0ze1g.txt: Файл recursive_challenge\qxjzaes2\plr4e33g\hjsrdtoz\e9td5mfq\kd47aye4\phcv5msd\5w1bcc60.txt не найден во втором архиве
2025-04-14 23:38:07,160 - Ошибка в файле path/uk5i3ymo.txt: Файл recursive_challenge\qxjzaes2\24lkeyh6\l8k5q6fs\vjyr8709\pxt1wv6o\18jk1fix\6wcsvdw5.txt не найден во втором архиве
2025-04-14 23:38:07,444 - Ошибка в файле path/tgnh9w5c.txt: Файл recursive_challenge\qxjzaes2\24lkeyh6\l8k5q6fs\2ds7mvnr\2jf743w3\iqqqb4gt\p8bxl1hq.txt не найден во втором архиве
2025-04-14 23:38:07,654 - Ошибка в файле path/zcidukkq.txt: Файл recursive_challenge\qxjzaes2\plr4e33g\hjsrdtoz\meggcmay\hgjfyvnm\v8ierp5g\b4f8buun.txt не найден во втором архиве
2025-04-14 23:38:07,674 - Ошибка в файле path/vwl1ktck.txt: Файл recursive_challenge\qxjzaes2\24lkeyh6\l8k5q6fs\2ds7mvnr\2jf743w3\pyb7rxbb\43tl5sa0.txt не найден во втором архиве
2025-04-14 23:38:07,726 - Ошибка в файле path/yeuup75i.txt: Файл recursive_challenge\qxjzaes2\24lkeyh6\l8k5q6fs\geajve4d\pzpvo72t\h582z6wh\9dhn8iml.txt не найден во втором архиве
2025-04-14 23:38:07,923 - Ошибка в файле path/skloivx7.txt: Файл recursive_challenge\qxjzaes2\24lkeyh6\l8k5q6fs\vjyr8709\305jkkip\uds8qihw\yel7sj4x.txt не найден во втором архиве
2025-04-14 23:38:08,069 - Ошибка в файле path/unzdk6em.txt: Файл recursive_challenge\qxjzaes2\plr4e33g\jdxi8nzo\m06ur6e4\d60rrvq1\g8sylghy.txt не найден во втором архиве
2025-04-14 23:38:08,105 - Ошибка в файле path/xe99j0ja.txt: Файл recursive_challenge\qxjzaes2\24lkeyh6\l8k5q6fs\vjyr8709\11ahet30\yqqfwiet\bp0qhu72.txt не найден во втором архиве
2025-04-14 23:38:08,481 - Ошибка в файле path/thor5wgf.txt: Файл recursive_challenge\qxjzaes2\plr4e33g\jdxi8nzo\m06ur6e4\d60rrvq1\ajso0kfr\dbdqzgob.txt не найден во втором архиве
2025-04-14 23:38:08,591 - Ошибка в файле path/yhbu92gh.txt: Файл recursive_challenge\qxjzaes2\plr4e33g\hjsrdtoz\e9td5mfq\dhpr5fba\zlm5m57y.txt не найден во втором архиве
2025-04-14 23:38:08,608 - Ошибка в файле path/zcwgqkzy.txt: Файл recursive_challenge\qxjzaes2\24lkeyh6\l8k5q6fs\vjyr8709\11ahet30\t4zy3676\omam8a7r.txt не найден во втором архиве
2025-04-14 23:38:08,657 - Ошибка в файле path/vx9sli93.txt: Файл recursive_challenge\qxjzaes2\24lkeyh6\87pgggz7\lvv4zock\jjidtgn6\h3a65tsq.txt не найден во втором архиве
2025-04-14 23:38:08,864 - Ошибка в файле path/slv0le38.txt: Файл recursive_challenge\qxjzaes2\24lkeyh6\87pgggz7\tgml8zq2\tmb9as05\sutocehr.txt не найден во втором архиве
2025-04-14 23:38:09,023 - Ошибка в файле path/uqk3zd8k.txt: Файл recursive_challenge\qxjzaes2\24lkeyh6\87pgggz7\lvv4zock\bbrngl3w\vfks4br0\4ocz1xa9.txt не найден во втором архиве
2025-04-14 23:38:09,090 - Ошибка в файле path/xf19s3ur.txt: Файл recursive_challenge\qxjzaes2\24lkeyh6\l8k5q6fs\vjyr8709\xut7l6x0\8nh15a9z\kg0wzmfb.txt не найден во втором архиве
2025-04-14 23:38:09,382 - Ошибка в файле path/tifwtlpp.txt: Файл recursive_challenge\qxjzaes2\plr4e33g\hjsrdtoz\e9td5mfq\kd47aye4\u8c7w556\9o5n6yuq.txt не найден во втором архиве
2025-04-14 23:38:09,497 - Ошибка в файле path/yhnn1sbg.txt: Файл recursive_challenge\qxjzaes2\24lkeyh6\gwzv6zt9\dom3olfi\c787qynu\1rg6s5vy.txt не найден во втором архиве
2025-04-14 23:38:09,547 - Ошибка в файле path/vx9wft9i.txt: Файл recursive_challenge\qxjzaes2\plr4e33g\hjsrdtoz\e9td5mfq\tim6qmlx\zm619kmn\3xsc2oo1.txt не найден во втором архиве
2025-04-14 23:38:09,657 - Ошибка в файле path/zdam7md4.txt: Файл recursive_challenge\qxjzaes2\24lkeyh6\87pgggz7\lvv4zock\3d6sd0o3\t3sqfd6v\kpda2df0.txt не найден во втором архиве
2025-04-14 23:38:09,775 - Ошибка в файле path/smkviezd.txt: Файл recursive_challenge\qxjzaes2\24lkeyh6\l8k5q6fs\geajve4d\pzpvo72t\h582z6wh\lfawtw3l.txt не найден во втором архиве
2025-04-14 23:38:09,920 - Ошибка в файле path/uu3o5yjc.txt: Файл recursive_challenge\qxjzaes2\24lkeyh6\l8k5q6fs\vjyr8709\11ahet30\ti8cj09z\v1kbha5z.txt не найден во втором архиве
2025-04-14 23:38:10,068 - Ошибка в файле path/xf2zm0gb.txt: Файл recursive_challenge\qxjzaes2\24lkeyh6\l8k5q6fs\geajve4d\pzpvo72t\9nq8fsye\yoocdam3.txt не найден во втором архиве
2025-04-14 23:38:10,379 - Ошибка в файле path/tij3l6uq.txt: Файл recursive_challenge\qxjzaes2\24lkeyh6\l8k5q6fs\vjyr8709\llc8lc44\76ffr7bh\abntubic.txt не найден во втором архиве
2025-04-14 23:38:10,460 - Ошибка в файле path/vyurlta9.txt: Файл recursive_challenge\qxjzaes2\24lkeyh6\l8k5q6fs\vjyr8709\1nrbxwyi\1jxw02go.txt не найден во втором архиве
2025-04-14 23:38:10,489 - Ошибка в файле path/yir81mpi.txt: Файл recursive_challenge\qxjzaes2\plr4e33g\jdxi8nzo\m06ur6e4\d60rrvq1\ajso0kfr\2qp5kvjm.txt не найден во втором архиве
2025-04-14 23:38:10,642 - Ошибка в файле path/ze4pwqf7.txt: Файл recursive_challenge\qxjzaes2\24lkeyh6\87pgggz7\lvv4zock\300enzqk\373a8asn\4glf8h01.txt не найден во втором архиве
2025-04-14 23:38:10,708 - Ошибка в файле path/smm27i5j.txt: Файл recursive_challenge\qxjzaes2\24lkeyh6\gwzv6zt9\dom3olfi\c787qynu\nkex7ht3.txt не найден во втором архиве
2025-04-14 23:38:10,913 - Ошибка в файле path/uudhgvcv.txt: Файл recursive_challenge\qxjzaes2\24lkeyh6\l8k5q6fs\vjyr8709\99575oup\g84z589d.txt не найден во втором архиве
2025-04-14 23:38:10,964 - Ошибка в файле path/xl34drha.txt: Файл recursive_challenge\qxjzaes2\24lkeyh6\87pgggz7\sqic6n8z\i6ifx3bf\lbc8lcwm\p45uhtn4.txt не найден во втором архиве
2025-04-14 23:38:11,408 - Ошибка в файле path/ykbsl8v6.txt: Файл recursive_challenge\qxjzaes2\plr4e33g\hjsrdtoz\e9td5mfq\tim6qmlx\hcjlkqf6\10igp43x.txt не найден во втором архиве
2025-04-14 23:38:11,416 - Ошибка в файле path/tl7fg1al.txt: Файл recursive_challenge\qxjzaes2\24lkeyh6\87pgggz7\lvv4zock\0ocmmcvu\kenhgsdc\om5mf54t.txt не найден во втором архиве
2025-04-14 23:38:11,465 - Ошибка в файле path/w377vsfy.txt: Файл recursive_challenge\qxjzaes2\plr4e33g\jdxi8nzo\m06ur6e4\hiqki54j.txt не найден во втором архиве
2025-04-14 23:38:11,581 - Ошибка в файле path/zellsxj5.txt: Файл recursive_challenge\qxjzaes2\24lkeyh6\l8k5q6fs\2ds7mvnr\oq46gosp\hjw10xiz\kbca5c0i.txt не найден во втором архиве
2025-04-14 23:38:11,660 - Ошибка в файле path/smpdfxaw.txt: Файл recursive_challenge\qxjzaes2\24lkeyh6\l8k5q6fs\vjyr8709\305jkkip\pep9dfhj\y49a22gz.txt не найден во втором архиве
2025-04-14 23:38:11,810 - Ошибка в файле path/uxq2ewzf.txt: Файл recursive_challenge\qxjzaes2\24lkeyh6\87pgggz7\sqic6n8z\i6ifx3bf\qpvbvwdl\u2lr2lq3.txt не найден во втором архиве
2025-04-14 23:38:11,964 - Ошибка в файле path/xmg28mka.txt: Файл recursive_challenge\qxjzaes2\24lkeyh6\87pgggz7\sqic6n8z\i6ifx3bf\qpvbvwdl\vr1a8edd.txt не найден во втором архиве
2025-04-14 23:38:12,398 - Ошибка в файле path/tliyq19v.txt: Файл recursive_challenge\qxjzaes2\24lkeyh6\87pgggz7\tgml8zq2\tmb9as05\zsz2edj9\lakh40ju.txt не найден во втором архиве
2025-04-14 23:38:12,408 - Ошибка в файле path/w4dakkbp.txt: Файл recursive_challenge\qxjzaes2\24lkeyh6\l8k5q6fs\vjyr8709\1nrbxwyi\3krkf78z\9q6l0g2d.txt не найден во втором архиве
2025-04-14 23:38:12,413 - Ошибка в файле path/zfj9mfvn.txt: Файл recursive_challenge\qxjzaes2\24lkeyh6\l8k5q6fs\vjyr8709\pxt1wv6o\18jk1fix\83t525rg.txt не найден во втором архиве
2025-04-14 23:38:12,416 - Ошибка в файле path/yln0dtin.txt: Файл recursive_challenge\qxjzaes2\24lkeyh6\l8k5q6fs\vjyr8709\pxt1wv6o\kk9zuck7.txt не найден во втором архиве
2025-04-14 23:38:12,582 - Ошибка в файле path/smpdxfbg.txt: Файл recursive_challenge\qxjzaes2\24lkeyh6\l8k5q6fs\vjyr8709\llc8lc44\76ffr7bh\yb0xcz1r.txt не найден во втором архиве
2025-04-14 23:38:12,715 - Ошибка в файле path/uyhn70yf.txt: Файл recursive_challenge\qxjzaes2\24lkeyh6\87pgggz7\lvv4zock\9welz67w\r0opnw2f\84j1ppo0.txt не найден во втором архиве
2025-04-14 23:38:12,964 - Ошибка в файле path/xn1hjaez.txt: Файл recursive_challenge\qxjzaes2\plr4e33g\hjsrdtoz\e9td5mfq\dhpr5fba\561rlpoz\8ar7llbk.txt не найден во втором архиве
2025-04-14 23:38:13,353 - Ошибка в файле path/yn5wr40y.txt: Файл recursive_challenge\qxjzaes2\plr4e33g\hjsrdtoz\meggcmay\hgjfyvnm\11per8fa\0urjh3gm.txt не найден во втором архиве
2025-04-14 23:38:13,423 - Ошибка в файле path/w6an0qx8.txt: Файл recursive_challenge\qxjzaes2\24lkeyh6\gwzv6zt9\dom3olfi\60kknxn7\n4h62q0g\odbck4tn.txt не найден во втором архиве
2025-04-14 23:38:13,432 - Ошибка в файле path/tmgjuadj.txt: Файл recursive_challenge\qxjzaes2\24lkeyh6\l8k5q6fs\vjyr8709\xut7l6x0\8nh15a9z\dwtfjaz3.txt не найден во втором архиве
2025-04-14 23:38:13,432 - Ошибка в файле path/zhm4aop6.txt: Файл recursive_challenge\qxjzaes2\24lkeyh6\87pgggz7\sqic6n8z\i6ifx3bf\c6av6lw8.txt не найден во втором архиве
2025-04-14 23:38:13,510 - Ошибка в файле path/sn56ys3k.txt: Файл recursive_challenge\qxjzaes2\24lkeyh6\87pgggz7\lvv4zock\bbrngl3w\vfks4br0\ayecjhae.txt не найден во втором архиве
2025-04-14 23:38:13,713 - Ошибка в файле path/uzxqm852.txt: Файл recursive_challenge\qxjzaes2\24lkeyh6\l8k5q6fs\geajve4d\pzpvo72t\cqumx4y1\y2ox5c3o.txt не найден во втором архиве
2025-04-14 23:38:14,015 - Ошибка в файле path/xodb1qsh.txt: Файл recursive_challenge\qxjzaes2\plr4e33g\hjsrdtoz\e9td5mfq\dhpr5fba\4yv4h9n6\bpz50gm5.txt не найден во втором архиве
2025-04-14 23:38:14,208 - Ошибка в файле path/ynt8qt94.txt: Файл recursive_challenge\qxjzaes2\24lkeyh6\87pgggz7\sqic6n8z\bueat201\zfz33ucp\gfkpbvx3.txt не найден во втором архиве
2025-04-14 23:38:14,341 - Ошибка в файле path/w7u397lh.txt: Файл recursive_challenge\qxjzaes2\24lkeyh6\87pgggz7\lvv4zock\300enzqk\gbnr9np9\92ot7oti.txt не найден во втором архиве
2025-04-14 23:38:14,359 - Ошибка в файле path/tnhtrxcn.txt: Файл recursive_challenge\qxjzaes2\24lkeyh6\l8k5q6fs\vjyr8709\1nrbxwyi\166k7wqd.txt не найден во втором архиве
2025-04-14 23:38:14,400 - Ошибка в файле path/zj87b8ci.txt: Файл recursive_challenge\qxjzaes2\plr4e33g\jdxi8nzo\m06ur6e4\x68byxlt\uqk973c9\92modbbt.txt не найден во втором архиве
2025-04-14 23:38:14,453 - Ошибка в файле path/sn5npoy0.txt: Файл recursive_challenge\qxjzaes2\plr4e33g\jdxi8nzo\m06ur6e4\x68byxlt\qaio6snk\cl6rxizp.txt не найден во втором архиве
2025-04-14 23:38:14,668 - Ошибка в файле path/v0zebya9.txt: Файл recursive_challenge\qxjzaes2\24lkeyh6\87pgggz7\lvv4zock\m8mdtaxu.txt не найден во втором архиве
2025-04-14 23:38:15,059 - Ошибка в файле path/xq7lbz25.txt: Файл recursive_challenge\qxjzaes2\24lkeyh6\87pgggz7\lvv4zock\zoc6meh4\w5eg9l5h\530whpb4.txt не найден во втором архиве
2025-04-14 23:38:15,107 - Ошибка в файле path/yp0l8xr5.txt: Файл recursive_challenge\qxjzaes2\24lkeyh6\l8k5q6fs\vjyr8709\xut7l6x0\5lkdmrmb\r8mbfamm.txt не найден во втором архиве
2025-04-14 23:38:15,256 - Ошибка в файле path/w9wuwywp.txt: Файл recursive_challenge\qxjzaes2\24lkeyh6\87pgggz7\tgml8zq2\tmb9as05\1hyw0g4j.txt не найден во втором архиве
2025-04-14 23:38:15,343 - Ошибка в файле path/tno6wioc.txt: Файл recursive_challenge\qxjzaes2\plr4e33g\hjsrdtoz\e9td5mfq\xk9zyis4\mvi74o75\spuk9yxr.txt не найден во втором архиве
2025-04-14 23:38:15,353 - Ошибка в файле path/zmj95r9y.txt: Файл recursive_challenge\qxjzaes2\plr4e33g\hjsrdtoz\e9td5mfq\dhpr5fba\561rlpoz\a2a0stkd.txt не найден во втором архиве
2025-04-14 23:38:15,375 - Ошибка в файле path/sph1pjyc.txt: Файл recursive_challenge\qxjzaes2\plr4e33g\hjsrdtoz\e9td5mfq\4q33a5qn\lzn4nxyx\a1iylb81.txt не найден во втором архиве
2025-04-14 23:38:15,578 - Ошибка в файле path/v1clgcmd.txt: Файл recursive_challenge\qxjzaes2\plr4e33g\hjsrdtoz\meggcmay\5u5561c0\pqi1uiir.txt не найден во втором архиве
2025-04-14 23:38:15,986 - Ошибка в файле path/yq7hn319.txt: Файл recursive_challenge\qxjzaes2\24lkeyh6\l8k5q6fs\023dsflt\gvyf2kyx\k2uxkuqk\dj4npljp.txt не найден во втором архиве
2025-04-14 23:38:16,110 - Ошибка в файле path/xqlso6fr.txt: Файл recursive_challenge\qxjzaes2\24lkeyh6\87pgggz7\tgml8zq2\tmb9as05\73shruuo\xh8eo5jj.txt не найден во втором архиве
2025-04-14 23:38:16,176 - Ошибка в файле path/sq02ybbh.txt: Файл recursive_challenge\qxjzaes2\plr4e33g\hjsrdtoz\e9td5mfq\kd47aye4\u8c7w556\of0gcfmm.txt не найден во втором архиве
2025-04-14 23:38:16,299 - Ошибка в файле path/weboaj5v.txt: Файл recursive_challenge\qxjzaes2\24lkeyh6\87pgggz7\sqic6n8z\bueat201\rxlmu91b.txt не найден во втором архиве
2025-04-14 23:38:16,304 - Ошибка в файле path/zquj1q5y.txt: Файл recursive_challenge\qxjzaes2\24lkeyh6\87pgggz7\lvv4zock\300enzqk\373a8asn\4cwweqwz.txt не найден во втором архиве
2025-04-14 23:38:16,328 - Ошибка в файле path/tp8mtpea.txt: Файл recursive_challenge\qxjzaes2\24lkeyh6\l8k5q6fs\2ds7mvnr\2jf743w3\ph6tmhka\cknus0j4.txt не найден во втором архиве
2025-04-14 23:38:16,533 - Ошибка в файле path/v1ssjkyt.txt: Файл recursive_challenge\qxjzaes2\plr4e33g\hjsrdtoz\e9td5mfq\xk9zyis4\mvi74o75\c4ntkki4.txt не найден во втором архиве
2025-04-14 23:38:16,891 - Ошибка в файле path/yr6vzvs8.txt: Файл recursive_challenge\qxjzaes2\plr4e33g\hjsrdtoz\meggcmay\5u5561c0\x4igp738\2tfcrcsw.txt не найден во втором архиве
2025-04-14 23:38:17,028 - Ошибка в файле path/sse339cu.txt: Файл recursive_challenge\qxjzaes2\24lkeyh6\87pgggz7\lvv4zock\300enzqk\lr5rstjd\bqw8lzuw.txt не найден во втором архиве
2025-04-14 23:38:17,100 - Ошибка в файле path/xuduuqwv.txt: Файл recursive_challenge\qxjzaes2\plr4e33g\hjsrdtoz\meggcmay\hgjfyvnm\11per8fa\9r9qdo51.txt не найден во втором архиве
2025-04-14 23:38:17,185 - Ошибка в файле path/tpdi776t.txt: Файл recursive_challenge\qxjzaes2\24lkeyh6\l8k5q6fs\vjyr8709\305jkkip\9ps238md\f7nrfeuk.txt не найден во втором архиве
2025-04-14 23:38:17,216 - Ошибка в файле path/wfcekqyx.txt: Файл recursive_challenge\qxjzaes2\24lkeyh6\l8k5q6fs\vjyr8709\99575oup\ylane65k\aj84ylc3.txt не найден во втором архиве
2025-04-14 23:38:17,343 - Ошибка в файле path/zr38tmkx.txt: Файл recursive_challenge\qxjzaes2\24lkeyh6\87pgggz7\lvv4zock\zoc6meh4\w5eg9l5h\eqjuldpg.txt не найден во втором архиве
2025-04-14 23:38:17,465 - Ошибка в файле path/v2qadmwz.txt: Файл recursive_challenge\qxjzaes2\24lkeyh6\87pgggz7\lvv4zock\300enzqk\csdm89xr.txt не найден во втором архиве
2025-04-14 23:38:17,865 - Ошибка в файле path/ys7u2u46.txt: Файл recursive_challenge\qxjzaes2\24lkeyh6\87pgggz7\tgml8zq2\tmb9as05\ag3gn973\2c20mfnw.txt не найден во втором архиве
2025-04-14 23:38:17,986 - Ошибка в файле path/tpr4tqnj.txt: Файл recursive_challenge\qxjzaes2\plr4e33g\hjsrdtoz\meggcmay\hgjfyvnm\v8ierp5g\jg48kb9g.txt не найден во втором архиве
2025-04-14 23:38:17,992 - Ошибка в файле path/xv9dg51p.txt: Файл recursive_challenge\qxjzaes2\24lkeyh6\87pgggz7\tgml8zq2\tmb9as05\zsz2edj9\12zv0lvb.txt не найден во втором архиве
2025-04-14 23:38:18,120 - Ошибка в файле path/whwe574n.txt: Файл recursive_challenge\qxjzaes2\24lkeyh6\l8k5q6fs\2ds7mvnr\2jf743w3\9sj8xseg\6ussjb00.txt не найден во втором архиве
2025-04-14 23:38:18,189 - Ошибка в файле path/v3l9excq.txt: Файл recursive_challenge\qxjzaes2\plr4e33g\hjsrdtoz\e9td5mfq\kd47aye4\1roi36s4\orxx7pis.txt не найден во втором архиве
2025-04-14 23:38:18,276 - Ошибка в файле path/zr6aeclv.txt: Файл recursive_challenge\qxjzaes2\24lkeyh6\87pgggz7\sqic6n8z\bueat201\zfz33ucp\bqpqigs6.txt не найден во втором архиве
2025-04-14 23:38:18,532 - Ошибка в файле path/ysh6euau.txt: Файл recursive_challenge\qxjzaes2\24lkeyh6\l8k5q6fs\geajve4d\pzpvo72t\wso8d8lv\17lgl12b.txt не найден во втором архиве
2025-04-14 23:38:18,609 - Ошибка в файле path/xvvnmh7z.txt: Файл recursive_challenge\qxjzaes2\24lkeyh6\l8k5q6fs\vjyr8709\11ahet30\toj5egcr.txt не найден во втором архиве
2025-04-14 23:38:18,737 - Ошибка в файле path/wj0brziz.txt: Файл recursive_challenge\qxjzaes2\24lkeyh6\l8k5q6fs\geajve4d\pzpvo72t\h582z6wh\jn84xpws.txt не найден во втором архиве
2025-04-14 23:38:18,865 - Ошибка в файле path/zrplz27u.txt: Файл recursive_challenge\qxjzaes2\24lkeyh6\l8k5q6fs\2ds7mvnr\2jf743w3\ph6tmhka\78zuhkrb.txt не найден во втором архиве
2025-04-14 23:38:19,074 - Ошибка в файле path/ysurv69u.txt: Файл recursive_challenge\qxjzaes2\plr4e33g\hjsrdtoz\meggcmay\0sl0lsp9\tac9i2so\ugjyztwi.txt не найден во втором архиве
2025-04-14 23:38:19,128 - Ошибка в файле path/xwii07oo.txt: Файл recursive_challenge\qxjzaes2\24lkeyh6\87pgggz7\lvv4zock\jjidtgn6\1m5hlxpv\2rqb4oa8.txt не найден во втором архиве
2025-04-14 23:38:19,336 - Ошибка в файле path/ztzxalbs.txt: Файл recursive_challenge\qxjzaes2\plr4e33g\hjsrdtoz\e9td5mfq\dhpr5fba\pz20vikp\jxauucf1.txt не найден во втором архиве
2025-04-14 23:43:58,824 - Ошибка в файле path/02aqznh1.txt: Файл 'recursive_challengeqxjzaes224lkeyh6l8k5q6fsvjyr8709llc8lc4437xeq1ayb6yjfb3g.txt' не найден во втором архиве
2025-04-14 23:43:58,840 - Ошибка в файле path/10ahdjxk.txt: Файл 'recursive_challengeqxjzaes224lkeyh6gwzv6zt9dom3olfic787qynu09er02c4s7dbiwzy.txt' не найден во втором архиве
2025-04-14 23:43:58,872 - Ошибка в файле path/7ilr3mpz.txt: Файл 'recursive_challengeqxjzaes2plr4e33ghjsrdtozmeggcmayo8pqful3tcm1m37djoyvstqk.txt' не найден во втором архиве
2025-04-14 23:43:58,873 - Ошибка в файле path/5txrzyz3.txt: Файл 'recursive_challengeqxjzaes2plr4e33ghjsrdtozmeggcmay5u5561c0nribkhyy8srgylpd.txt' не найден во втором архиве
2025-04-14 23:43:58,886 - Ошибка в файле path/2fqz906m.txt: Файл 'recursive_challengeqxjzaes224lkeyh6l8k5q6fs023dsfltgvyf2kyxa113n4wqthfumrh3.txt' не найден во втором архиве
2025-04-14 23:43:58,886 - Ошибка в файле path/4syd0k1c.txt: Файл 'recursive_challengeqxjzaes224lkeyh687pgggz7lvv4zock0ocmmcvu5lobelegr0yaafjb.txt' не найден во втором архиве
2025-04-14 23:43:58,895 - Ошибка в файле path/8ji2cxew.txt: Файл 'recursive_challengeqxjzaes224lkeyh687pgggz7lvv4zockzoc6meh4w5eg9l5hn9d2t3bo.txt' не найден во втором архиве
2025-04-14 23:43:58,894 - Ошибка в файле path/3s8s0cjl.txt: Файл 'recursive_challengeqxjzaes224lkeyh687pgggz7lvv4zock3d6sd0o318ut741d.txt' не найден во втором архиве
2025-04-14 23:44:00,063 - Ошибка в файле path/02axvomf.txt: Файл 'recursive_challengeqxjzaes2plr4e33ghjsrdtoze9td5mfqtim6qmlxej2g4b6cwud5lhnr.txt' не найден во втором архиве
2025-04-14 23:44:00,068 - Ошибка в файле path/10j0h5eb.txt: Файл 'recursive_challengeqxjzaes224lkeyh687pgggz7tgml8zq2qinxzrcm.txt' не найден во втором архиве
2025-04-14 23:44:00,111 - Ошибка в файле path/5u396itc.txt: Файл 'recursive_challengeqxjzaes224lkeyh687pgggz7lvv4zock0ocmmcvu92wsjwmt.txt' не найден во втором архиве
2025-04-14 23:44:00,129 - Ошибка в файле path/3txk0vjc.txt: Файл 'recursive_challengeqxjzaes2plr4e33ghjsrdtoze9td5mfqtim6qmlx9zkn7zv2f5ha72jw.txt' не найден во втором архиве
2025-04-14 23:44:00,130 - Ошибка в файле path/8jo4dqe4.txt: Файл 'recursive_challengeqxjzaes224lkeyh687pgggz7tgml8zq2tmb9as05g7s98yv5ourr8qs4.txt' не найден во втором архиве
2025-04-14 23:44:00,144 - Ошибка в файле path/4tdw2mq1.txt: Файл 'recursive_challengeqxjzaes224lkeyh6l8k5q6fsgeajve4dcjnq7zsvboemyllkcyfnil9a.txt' не найден во втором архиве
2025-04-14 23:44:00,157 - Ошибка в файле path/2fszf2dv.txt: Файл 'recursive_challengeqxjzaes2plr4e33ghjsrdtozmeggcmay07l1qnkazfcu3a3ioocxnfoc.txt' не найден во втором архиве
2025-04-14 23:44:00,158 - Ошибка в файле path/7jnlnvax.txt: Файл 'recursive_challengeqxjzaes224lkeyh6l8k5q6fs2ds7mvnroq46gosphjw10xiz1rhdijda.txt' не найден во втором архиве
2025-04-14 23:44:01,272 - Ошибка в файле path/10kz1vut.txt: Файл 'recursive_challengeqxjzaes224lkeyh687pgggz7tgml8zq2tmb9as05ag3gn973ogznu36w.txt' не найден во втором архиве
2025-04-14 23:44:01,272 - Ошибка в файле path/02v2hra5.txt: Файл 'recursive_challengeqxjzaes2plr4e33ghjsrdtozmeggcmayg5qb5r57leay6qeyg1ovwcnf.txt' не найден во втором архиве
2025-04-14 23:44:01,306 - Ошибка в файле path/5v9zxp4s.txt: Файл 'recursive_challengeqxjzaes2plr4e33ghjsrdtoze9td5mfqkd47aye4tmao6h8f5gd0ol68.txt' не найден во втором архиве
2025-04-14 23:44:01,329 - Ошибка в файле path/3ugxf1ly.txt: Файл 'recursive_challengeqxjzaes224lkeyh687pgggz7lvv4zockjjidtgn6oli4wj2f.txt' не найден во втором архиве
2025-04-14 23:44:01,342 - Ошибка в файле path/8l22zini.txt: Файл 'recursive_challengeqxjzaes2plr4e33gjdxi8nzomgcrjamj.txt' не найден во втором архиве
2025-04-14 23:44:01,356 - Ошибка в файле path/4vhct0ig.txt: Файл 'recursive_challengeqxjzaes2plr4e33gjdxi8nzo4s0p161u.txt' не найден во втором архиве
2025-04-14 23:44:01,386 - Ошибка в файле path/7jx7hjk7.txt: Файл 'recursive_challengeqxjzaes2plr4e33ghjsrdtozmeggcmayhgjfyvnm11per8fav9ifetwl.txt' не найден во втором архиве
2025-04-14 23:44:02,193 - Ошибка в файле path/03tmdpm5.txt: Файл 'recursive_challengeqxjzaes2plr4e33ghjsrdtoze9td5mfqkd47aye4u8c7w556q8lp2o8o.txt' не найден во втором архиве
2025-04-14 23:44:02,216 - Ошибка в файле path/12l50tza.txt: Файл 'recursive_challengeqxjzaes2plr4e33ghjsrdtoze9td5mfqkd47aye4ofz9e66mk0hlv9gn.txt' не найден во втором архиве
2025-04-14 23:44:02,251 - Ошибка в файле path/3v4ojb8k.txt: Файл 'recursive_challengeqxjzaes224lkeyh687pgggz7lvv4zock300enzqkvb2iv90h.txt' не найден во втором архиве
2025-04-14 23:44:02,268 - Ошибка в файле path/4vq02s10.txt: Файл 'recursive_challengeqxjzaes224lkeyh6l8k5q6fsgeajve4dpzpvo72tffllz7t1sjo9ndp9.txt' не найден во втором архиве
2025-04-14 23:44:02,270 - Ошибка в файле path/8lxig7jl.txt: Файл 'recursive_challengeqxjzaes224lkeyh6gwzv6zt9dom3olfic787qynu09er02c44xd37tzv.txt' не найден во втором архиве
2025-04-14 23:44:02,284 - Ошибка в файле path/5xbto3km.txt: Файл 'recursive_challengeqxjzaes224lkeyh6l8k5q6fsvjyr870911ahet305di82xx592i1lpbs.txt' не найден во втором архиве
2025-04-14 23:44:02,342 - Ошибка в файле path/2ic5ffzs.txt: Файл 'recursive_challengeqxjzaes224lkeyh6gwzv6zt9l9oo8gy9o3uwpb77ac9yhrd240647i7v.txt' не найден во втором архиве
2025-04-14 23:44:02,350 - Ошибка в файле path/7jy0yus5.txt: Файл 'recursive_challengeqxjzaes224lkeyh6gwzv6zt9dom3olfic787qynu09er02c47kf1a9kq.txt' не найден во втором архиве
2025-04-14 23:44:03,095 - Ошибка в файле path/041mcr6s.txt: Файл 'recursive_challengeqxjzaes224lkeyh6l8k5q6fsgeajve4dpzpvo72tba6th1pq.txt' не найден во втором архиве
2025-04-14 23:44:03,140 - Ошибка в файле path/17s7y5yy.txt: Файл 'recursive_challengeqxjzaes224lkeyh6gwzv6zt9l9oo8gy9o3uwpb77h7013gh5.txt' не найден во втором архиве
2025-04-14 23:44:03,159 - Ошибка в файле path/3w1axpbi.txt: Файл 'recursive_challengeqxjzaes224lkeyh6l8k5q6fsvjyr870999575oupidkc4gqogb90t7w1.txt' не найден во втором архиве
2025-04-14 23:44:03,184 - Ошибка в файле path/4x0hgrac.txt: Файл 'recursive_challengeqxjzaes224lkeyh6l8k5q6fs2ds7mvnroq46gosp26vrt9b5v1nehdtd.txt' не найден во втором архиве
2025-04-14 23:44:03,199 - Ошибка в файле path/8p1c32pp.txt: Файл 'recursive_challengeqxjzaes2plr4e33ghjsrdtozmeggcmayo8pqful3atcuutas.txt' не найден во втором архиве
2025-04-14 23:44:03,219 - Ошибка в файле path/5xzh3gtu.txt: Файл 'recursive_challengeqxjzaes2plr4e33ghjsrdtozmeggcmay5u5561c0x4igp738f473aggw.txt' не найден во втором архиве
2025-04-14 23:44:03,266 - Ошибка в файле path/7l8liz7k.txt: Файл 'recursive_challengeqxjzaes224lkeyh687pgggz7sqic6n8zi6ifx3bflbc8lcwmwdw8ybzf.txt' не найден во втором архиве
2025-04-14 23:44:04,024 - Ошибка в файле path/04tzc325.txt: Файл 'recursive_challengeqxjzaes2plr4e33ghjsrdtoze9td5mfqdhpr5fba561rlpozgvsr6q1c.txt' не найден во втором архиве
2025-04-14 23:44:04,068 - Ошибка в файле path/186sef9k.txt: Файл 'recursive_challengeqxjzaes2plr4e33ghjsrdtoze9td5mfqdhpr5fba4yv4h9n65ansq1dk.txt' не найден во втором архиве
2025-04-14 23:44:04,092 - Ошибка в файле path/3y2jxqcs.txt: Файл 'recursive_challengeqxjzaes224lkeyh6l8k5q6fsvjyr8709xut7l6x05lkdmrmbysfa6olf.txt' не найден во втором архиве
2025-04-14 23:44:04,144 - Ошибка в файле path/4xhevomj.txt: Файл 'recursive_challengeqxjzaes224lkeyh6gwzv6zt97ejvvmaw.txt' не найден во втором архиве
2025-04-14 23:44:04,152 - Ошибка в файле path/8s3by82y.txt: Файл 'recursive_challengeqxjzaes2plr4e33ghjsrdtozmeggcmay0sl0lsp9r2rsgguu.txt' не найден во втором архиве
2025-04-14 23:44:04,185 - Ошибка в файле path/6294lwq4.txt: Файл 'recursive_challengeqxjzaes224lkeyh6l8k5q6fsvjyr8709305jkkipuds8qihwsxlhmh1m.txt' не найден во втором архиве
2025-04-14 23:44:04,215 - Ошибка в файле path/2ktnzitp.txt: Файл 'recursive_challengeqxjzaes224lkeyh687pgggz7lvv4zock300enzqk5rlegj1r.txt' не найден во втором архиве
2025-04-14 23:44:04,229 - Ошибка в файле path/7m7txsi9.txt: Файл 'recursive_challengeqxjzaes224lkeyh6gwzv6zt9l9oo8gy9o3uwpb77zh13b46k.txt' не найден во втором архиве
2025-04-14 23:44:04,972 - Ошибка в файле path/04ywsrdc.txt: Файл 'recursive_challengeqxjzaes2plr4e33ghjsrdtozmeggcmay5u5561c0wkf59xlg.txt' не найден во втором архиве
2025-04-14 23:44:05,024 - Ошибка в файле path/1aqht87f.txt: Файл 'recursive_challengeqxjzaes224lkeyh687pgggz7sqic6n8zi6ifx3bfmte0uqpsdjxyfme0.txt' не найден во втором архиве
2025-04-14 23:44:05,058 - Ошибка в файле path/3yzjjp5o.txt: Файл 'recursive_challengeqxjzaes224lkeyh687pgggz7sqic6n8zi6ifx3bfr5pjbrff64vkmo3d.txt' не найден во втором архиве
2025-04-14 23:44:05,105 - Ошибка в файле path/4y0xqhpa.txt: Файл 'recursive_challengeqxjzaes2plr4e33ghjsrdtoze9td5mfq4q33a5qnebpp9p7c.txt' не найден во втором архиве
2025-04-14 23:44:05,115 - Ошибка в файле path/8swx3qh2.txt: Файл 'recursive_challengeqxjzaes224lkeyh687pgggz7tgml8zq2198b4wrh.txt' не найден во втором архиве
2025-04-14 23:44:05,151 - Ошибка в файле path/66q1mfw2.txt: Файл 'recursive_challengeqxjzaes224lkeyh687pgggz7tgml8zq2tmb9as0573shruuo7zhjknn5.txt' не найден во втором архиве
2025-04-14 23:44:05,184 - Ошибка в файле path/2lofetpr.txt: Файл 'recursive_challengeqxjzaes224lkeyh687pgggz7tgml8zq2tmb9as0573shruuov4vy74z5.txt' не найден во втором архиве
2025-04-14 23:44:05,203 - Ошибка в файле path/7m7y9lmf.txt: Файл 'recursive_challengeqxjzaes224lkeyh6gwzv6zt9dom3olfin3d27s3iw9iwd0l1.txt' не найден во втором архиве
2025-04-14 23:44:05,961 - Ошибка в файле path/064pxp08.txt: Файл 'recursive_challengeqxjzaes2plr4e33ghjsrdtoze9td5mfqkd47aye4ofz9e66mzcihobjm.txt' не найден во втором архиве
2025-04-14 23:44:06,007 - Ошибка в файле path/1d850flx.txt: Файл 'recursive_challengeqxjzaes224lkeyh6l8k5q6fs2ds7mvnr2jf743w3pyb7rxbbujla692w.txt' не найден во втором архиве
2025-04-14 23:44:06,037 - Ошибка в файле path/4013mpz6.txt: Файл 'recursive_challengeqxjzaes224lkeyh6l8k5q6fsvjyr8709llc8lc4476ffr7bhlztokqik.txt' не найден во втором архиве
2025-04-14 23:44:06,087 - Ошибка в файле path/4ys4m6cp.txt: Файл 'recursive_challengeqxjzaes224lkeyh6gwzv6zt9dom3olfic787qynu09er02c4tuzsv38d.txt' не найден во втором архиве
2025-04-14 23:44:06,114 - Ошибка в файле path/8vcrryur.txt: Файл 'recursive_challengeqxjzaes224lkeyh6l8k5q6fsgeajve4dpzpvo72t1se4ivlv.txt' не найден во втором архиве
2025-04-14 23:44:06,147 - Ошибка в файле path/67h4xzvg.txt: Файл 'recursive_challengeqxjzaes224lkeyh6l8k5q6fsvjyr8709llc8lc44uk2dpoe8.txt' не найден во втором архиве
2025-04-14 23:44:06,178 - Ошибка в файле path/2lvlxyq4.txt: Файл 'recursive_challengeqxjzaes2plr4e33gjdxi8nzom06ur6e4y5zvcy1n.txt' не найден во втором архиве
2025-04-14 23:44:06,203 - Ошибка в файле path/7mfghvtg.txt: Файл 'recursive_challengeqxjzaes224lkeyh6l8k5q6fsgeajve4dpzpvo72twso8d8lv9kuierhg.txt' не найден во втором архиве
2025-04-14 23:44:06,928 - Ошибка в файле path/08px9wee.txt: Файл 'recursive_challengeqxjzaes224lkeyh6gwzv6zt9l9oo8gy9iqbacf9p.txt' не найден во втором архиве
2025-04-14 23:44:06,976 - Ошибка в файле path/1deqvq40.txt: Файл 'recursive_challengeqxjzaes224lkeyh687pgggz7sqic6n8zbueat201tvk0ce30uxpxkoin.txt' не найден во втором архиве
2025-04-14 23:44:07,005 - Ошибка в файле path/43hkr0um.txt: Файл 'recursive_challengeqxjzaes224lkeyh6l8k5q6fs2ds7mvnr2jf743w32gyyzaul.txt' не найден во втором архиве
2025-04-14 23:44:07,052 - Ошибка в файле path/4z18krh7.txt: Файл 'recursive_challengeqxjzaes2plr4e33ghjsrdtozmeggcmay07l1qnkax9nfed9q.txt' не найден во втором архиве
2025-04-14 23:44:07,108 - Ошибка в файле path/8vo44cue.txt: Файл 'recursive_challengeqxjzaes224lkeyh687pgggz7tgml8zq2tmb9as05zsz2edj9wwc9pr9e.txt' не найден во втором архиве
2025-04-14 23:44:07,130 - Ошибка в файле path/67txeeo5.txt: Файл 'recursive_challengeqxjzaes224lkeyh6l8k5q6fsvjyr8709pxt1wv6ol6ux5fy6z8klqhbg.txt' не найден во втором архиве
2025-04-14 23:44:07,154 - Ошибка в файле path/2nhb914l.txt: Файл 'recursive_challengeqxjzaes224lkeyh687pgggz7sqic6n8zbueat201zfz33ucpbsz74ea1.txt' не найден во втором архиве
2025-04-14 23:44:07,190 - Ошибка в файле path/7o16f7kb.txt: Файл 'recursive_challengeqxjzaes224lkeyh687pgggz7sqic6n8zi6ifx3bff6wzbfoegp5womsw.txt' не найден во втором архиве
2025-04-14 23:44:07,958 - Ошибка в файле path/0a6kcbll.txt: Файл 'recursive_challengeqxjzaes224lkeyh687pgggz7tgml8zq2tmb9as05ag3gn973bceda7jl.txt' не найден во втором архиве
2025-04-14 23:44:07,997 - Ошибка в файле path/1dfhclsc.txt: Файл 'recursive_challengeqxjzaes2plr4e33ghjsrdtozmeggcmayhgjfyvnmzb6eb6pi0ufee0ar.txt' не найден во втором архиве
2025-04-14 23:44:08,055 - Ошибка в файле path/43ygb71n.txt: Файл 'recursive_challengeqxjzaes224lkeyh6l8k5q6fsvjyr8709305jkkip9ps238mdx9brmxpm.txt' не найден во втором архиве
2025-04-14 23:44:08,088 - Ошибка в файле path/4zb0uwq2.txt: Файл 'recursive_challengeqxjzaes2plr4e33ghjsrdtozmeggcmayhgjfyvnmkgyw9a22.txt' не найден во втором архиве
2025-04-14 23:44:08,369 - Ошибка в файле path/8wd1pqby.txt: Файл 'recursive_challengeqxjzaes2plr4e33ghjsrdtozmeggcmayhgjfyvnm11per8faw0uhyev0.txt' не найден во втором архиве
2025-04-14 23:44:08,416 - Ошибка в файле path/68f9m07b.txt: Файл 'recursive_challengeqxjzaes224lkeyh687pgggz7lvv4zock0ocmmcvu1cqfpksa.txt' не найден во втором архиве
2025-04-14 23:44:08,447 - Ошибка в файле path/2pgrn4o2.txt: Файл 'recursive_challengeqxjzaes224lkeyh687pgggz7sqic6n8zi6ifx3bfmte0uqpsccb1iqae.txt' не найден во втором архиве
2025-04-14 23:44:08,475 - Ошибка в файле path/7o97lydn.txt: Файл 'recursive_challengeqxjzaes2plr4e33ghjsrdtoz26eyugml.txt' не найден во втором архиве
2025-04-14 23:44:08,970 - Ошибка в файле path/0a7gd172.txt: Файл 'recursive_challengeqxjzaes2plr4e33ghjsrdtozmeggcmay0sl0lsp9tac9i2so04cxobjm.txt' не найден во втором архиве
2025-04-14 23:44:09,016 - Ошибка в файле path/1dk4yh1c.txt: Файл 'recursive_challengeqxjzaes2plr4e33ghjsrdtozmeggcmay5u5561c09u4wix3nk7rw3w2j.txt' не найден во втором архиве
2025-04-14 23:44:09,062 - Ошибка в файле path/440ps3za.txt: Файл 'recursive_challengeqxjzaes224lkeyh687pgggz7lvv4zock9welz67wofpj06r7yjexes6q.txt' не найден во втором архиве
2025-04-14 23:44:09,100 - Ошибка в файле path/5051hmxi.txt: Файл 'recursive_challengeqxjzaes224lkeyh687pgggz7tgml8zq2tmb9as05f3apwtnpolt3v9al.txt' не найден во втором архиве
2025-04-14 23:44:09,380 - Ошибка в файле path/8wkti0ap.txt: Файл 'recursive_challengeqxjzaes224lkeyh6l8k5q6fsvjyr8709305jkkippep9dfhjlod696ii.txt' не найден во втором архиве
2025-04-14 23:44:09,446 - Ошибка в файле path/6bya4d33.txt: Файл 'recursive_challengeqxjzaes224lkeyh6gwzv6zt9dom3olfi60kknxn79hwvtqw46coqqsvc.txt' не найден во втором архиве
2025-04-14 23:44:09,475 - Ошибка в файле path/2r0kpc5s.txt: Файл 'recursive_challengeqxjzaes224lkeyh687pgggz7tgml8zq2tmb9as0573shruuo0rk6tm04.txt' не найден во втором архиве
2025-04-14 23:44:09,521 - Ошибка в файле path/7sm5wwb9.txt: Файл 'recursive_challengeqxjzaes224lkeyh6l8k5q6fsvjyr870999575oupidkc4gqoypzmavy5.txt' не найден во втором архиве
2025-04-14 23:44:10,004 - Ошибка в файле path/0aq3prf7.txt: Файл 'recursive_challengeqxjzaes224lkeyh6l8k5q6fsvjyr870911ahet302801fifin1qx8hfu.txt' не найден во втором архиве
2025-04-14 23:44:10,040 - Ошибка в файле path/1f9u7zob.txt: Файл 'recursive_challengeqxjzaes2plr4e33ghjsrdtoze9td5mfqkd47aye4u8c7w556fymkbehn.txt' не найден во втором архиве
2025-04-14 23:44:10,094 - Ошибка в файле path/46r7vk8l.txt: Файл 'recursive_challengeqxjzaes2plr4e33ghjsrdtoze9td5mfqxk9zyis4mvi74o752c5gz1bs.txt' не найден во втором архиве
2025-04-14 23:44:10,124 - Ошибка в файле path/531x97ty.txt: Файл 'recursive_challengeqxjzaes224lkeyh687pgggz7lvv4zock300enzqk373a8asnxxplwamy.txt' не найден во втором архиве
2025-04-14 23:44:10,419 - Ошибка в файле path/8ysoj0ox.txt: Файл 'recursive_challengeqxjzaes2plr4e33gjdxi8nzom06ur6e4x68byxltqaio6snkg0qb215e.txt' не найден во втором архиве
2025-04-14 23:44:10,495 - Ошибка в файле path/6dg8vk82.txt: Файл 'recursive_challengeqxjzaes224lkeyh6l8k5q6fs2ds7mvnr2jf743w3iqqqb4gtmwsqy9lk.txt' не найден во втором архиве
2025-04-14 23:44:10,525 - Ошибка в файле path/2rkkp8yt.txt: Файл 'recursive_challengeqxjzaes2plr4e33ghjsrdtoze9td5mfqdhpr5fbapswp8g15.txt' не найден во втором архиве
2025-04-14 23:44:10,579 - Ошибка в файле path/7z9yi4uz.txt: Файл 'recursive_challengeqxjzaes224lkeyh6l8k5q6fsgeajve4dpzpvo72th582z6whyfqa3e3u.txt' не найден во втором архиве
2025-04-14 23:44:11,013 - Ошибка в файле path/0c4wadz9.txt: Файл 'recursive_challengeqxjzaes224lkeyh6l8k5q6fsvjyr870999575oupo2beeyua.txt' не найден во втором архиве
2025-04-14 23:44:11,061 - Ошибка в файле path/1l3lan7d.txt: Файл 'recursive_challengeqxjzaes2plr4e33gjdxi8nzorjk9tg98.txt' не найден во втором архиве
2025-04-14 23:44:11,081 - Ошибка в файле path/47509g9y.txt: Файл 'recursive_challengeqxjzaes2plr4e33ghjsrdtozmeggcmay07l1qnkazfcu3a3iey14f1gc.txt' не найден во втором архиве
2025-04-14 23:44:11,118 - Ошибка в файле path/537aqirm.txt: Файл 'recursive_challengeqxjzaes224lkeyh6l8k5q6fs2ds7mvnr2jf743w3iqqqb4gt62kz9sxu.txt' не найден во втором архиве
2025-04-14 23:44:11,432 - Ошибка в файле path/8z908e5i.txt: Файл 'recursive_challengeqxjzaes224lkeyh6l8k5q6fsvjyr8709wvsen4t2.txt' не найден во втором архиве
2025-04-14 23:44:11,525 - Ошибка в файле path/6h9ggvo5.txt: Файл 'recursive_challengeqxjzaes224lkeyh6l8k5q6fs2ds7mvnroq46gosphjw10xizyvkjvnke.txt' не найден во втором архиве
2025-04-14 23:44:11,574 - Ошибка в файле path/2rpo45g4.txt: Файл 'recursive_challengeqxjzaes224lkeyh6l8k5q6fs2ds7mvnroq46gosp39ektq4uvutpaknb.txt' не найден во втором архиве
2025-04-14 23:44:11,597 - Ошибка в файле path/7zk5n8ep.txt: Файл 'recursive_challengeqxjzaes224lkeyh687pgggz7tgml8zq2tmb9as05x82k3ao8ehcrafk2.txt' не найден во втором архиве
2025-04-14 23:44:12,023 - Ошибка в файле path/0cbbgkoh.txt: Файл 'recursive_challengeqxjzaes2plr4e33ghjsrdtozmeggcmayhgjfyvnm11per8fagl36cqjx.txt' не найден во втором архиве
2025-04-14 23:44:12,089 - Ошибка в файле path/4753idvw.txt: Файл 'recursive_challengeqxjzaes224lkeyh6l8k5q6fsvjyr8709llc8lc446vxwrenoiixgcam1.txt' не найден во втором архиве
2025-04-14 23:44:12,110 - Ошибка в файле path/1ltknvva.txt: Файл 'recursive_challengeqxjzaes224lkeyh687pgggz7tgml8zq2tmb9as0573shruuoga55yas6.txt' не найден во втором архиве
2025-04-14 23:44:12,158 - Ошибка в файле path/54bc1af3.txt: Файл 'recursive_challengeqxjzaes224lkeyh6l8k5q6fsvjyr87091nrbxwyic6b7n22lil7m2ja4.txt' не найден во втором архиве
2025-04-14 23:44:12,469 - Ошибка в файле path/90nzfcge.txt: Файл 'recursive_challengeqxjzaes224lkeyh6l8k5q6fs2ds7mvnroq46gospao48tf52yvwsk5si.txt' не найден во втором архиве
2025-04-14 23:44:12,546 - Ошибка в файле path/6hs2rinl.txt: Файл 'recursive_challengeqxjzaes224lkeyh6l8k5q6fs2ds7mvnr2jf743w3ph6tmhkaciejz1vt.txt' не найден во втором архиве
2025-04-14 23:44:12,599 - Ошибка в файле path/2t0qd5e8.txt: Файл 'recursive_challengeqxjzaes224lkeyh6l8k5q6fs2ds7mvnr2jf743w39sj8xsegz22l4qk4.txt' не найден во втором архиве
2025-04-14 23:44:12,620 - Ошибка в файле path/817gq5st.txt: Файл 'recursive_challengeqxjzaes224lkeyh6l8k5q6fs2ds7mvnroq46gosphjw10xizvghrtq0q.txt' не найден во втором архиве
2025-04-14 23:44:13,059 - Ошибка в файле path/0edt16z7.txt: Файл 'recursive_challengeqxjzaes224lkeyh6l8k5q6fsvjyr870911ahet30fh61gt04.txt' не найден во втором архиве
2025-04-14 23:44:13,141 - Ошибка в файле path/4904s6ae.txt: Файл 'recursive_challengeqxjzaes224lkeyh6l8k5q6fsvjyr870999575oupidkc4gqox5gmsdoh.txt' не найден во втором архиве
2025-04-14 23:44:13,173 - Ошибка в файле path/1qrkq7pj.txt: Файл 'recursive_challengeqxjzaes224lkeyh6l8k5q6fsvjyr8709305jkkipbc4z0bxza7ridrcz.txt' не найден во втором архиве
2025-04-14 23:44:13,299 - Ошибка в файле path/54qejewr.txt: Файл 'recursive_challengeqxjzaes224lkeyh6l8k5q6fsvjyr8709305jkkipbc4z0bxz50lql9ro.txt' не найден во втором архиве
2025-04-14 23:44:13,621 - Ошибка в файле path/9113eec2.txt: Файл 'recursive_challengeqxjzaes2plr4e33ghjsrdtozmeggcmay0sl0lsp9z0sbx0t4.txt' не найден во втором архиве
2025-04-14 23:44:13,655 - Ошибка в файле path/2yb5zlim.txt: Файл 'recursive_challengeqxjzaes224lkeyh6l8k5q6fsvjyr8709xut7l6x05lkdmrmb35jng5p2.txt' не найден во втором архиве
2025-04-14 23:44:13,670 - Ошибка в файле path/81wf0ic6.txt: Файл 'recursive_challengeqxjzaes2plr4e33ghjsrdtozmeggcmayhgjfyvnmzb6eb6pis75lfnos.txt' не найден во втором архиве
2025-04-14 23:44:13,715 - Ошибка в файле path/6i2n9b5a.txt: Файл 'recursive_challengeqxjzaes224lkeyh687pgggz7tgml8zq2tmb9as0573shruuom4m9aafj.txt' не найден во втором архиве
2025-04-14 23:44:14,084 - Ошибка в файле path/0few3xfj.txt: Файл 'recursive_challengeqxjzaes224lkeyh687pgggz7tgml8zq2tmb9as05ag3gn973h9g874ts.txt' не найден во втором архиве
2025-04-14 23:44:14,156 - Ошибка в файле path/4ando58q.txt: Файл 'recursive_challengeqxjzaes2plr4e33ghjsrdtozmeggcmayhgjfyvnmv8ierp5gl555lpc5.txt' не найден во втором архиве
2025-04-14 23:44:14,262 - Ошибка в файле path/1tv47aqt.txt: Файл 'recursive_challengeqxjzaes224lkeyh687pgggz7sqic6n8zbueat201908pt7ksfgl6g93z.txt' не найден во втором архиве
2025-04-14 23:44:14,354 - Ошибка в файле path/55hmxs8y.txt: Файл 'recursive_challengeqxjzaes224lkeyh6l8k5q6fsvjyr870911ahet30yqqfwietzk5l6nba.txt' не найден во втором архиве
2025-04-14 23:44:14,644 - Ошибка в файле path/9196jmqg.txt: Файл 'recursive_challengeqxjzaes2plr4e33ghjsrdtoze9td5mfqkd47aye4ofz9e66m1tip99ib.txt' не найден во втором архиве
2025-04-14 23:44:14,691 - Ошибка в файле path/302x3ogg.txt: Файл 'recursive_challengeqxjzaes224lkeyh687pgggz7lvv4zockjjidtgn6x03pkmu2.txt' не найден во втором архиве
2025-04-14 23:44:14,714 - Ошибка в файле path/81woiz0w.txt: Файл 'recursive_challengeqxjzaes2plr4e33ghjsrdtozmeggcmayhgjfyvnmzb6eb6pi9wn0bicb.txt' не найден во втором архиве
2025-04-14 23:44:14,761 - Ошибка в файле path/6kpwh9v3.txt: Файл 'recursive_challengeqxjzaes2plr4e33ghjsrdtozmeggcmay0sl0lsp9tac9i2sokcgycusb.txt' не найден во втором архиве
2025-04-14 23:44:15,124 - Ошибка в файле path/0hgfmat3.txt: Файл 'recursive_challengeqxjzaes2plr4e33ghjsrdtoze9td5mfqkd47aye4hp3qg564x3tjuvac.txt' не найден во втором архиве
2025-04-14 23:44:15,203 - Ошибка в файле path/4c4922fk.txt: Файл 'recursive_challengeqxjzaes2plr4e33ghjsrdtoze9td5mfqdhpr5fba561rlpozsyyxes2m.txt' не найден во втором архиве
2025-04-14 23:44:15,302 - Ошибка в файле path/1wia7ry4.txt: Файл 'recursive_challengeqxjzaes224lkeyh687pgggz7lvv4zocknx29bsl2.txt' не найден во втором архиве
2025-04-14 23:44:15,373 - Ошибка в файле path/55x0dhjw.txt: Файл 'recursive_challengeqxjzaes224lkeyh687pgggz7lvv4zockjjidtgn61m5hlxpvwavcm8rv.txt' не найден во втором архиве
2025-04-14 23:44:15,718 - Ошибка в файле path/32k456ll.txt: Файл 'recursive_challengeqxjzaes224lkeyh6l8k5q6fsgeajve4dpzpvo72tcqumx4y1xxlira6h.txt' не найден во втором архиве
2025-04-14 23:44:15,732 - Ошибка в файле path/94jpb2y8.txt: Файл 'recursive_challengeqxjzaes2plr4e33gjdxi8nzom06ur6e49wkhg95s.txt' не найден во втором архиве
2025-04-14 23:44:15,839 - Ошибка в файле path/82ak7ubs.txt: Файл 'recursive_challengeqxjzaes224lkeyh687pgggz7lvv4zockzoc6meh4w5eg9l5h4ug0aqm2.txt' не найден во втором архиве
2025-04-14 23:44:15,883 - Ошибка в файле path/6no2p2un.txt: Файл 'recursive_challengeqxjzaes224lkeyh6l8k5q6fsvjyr870999575oupidkc4gqoju8i9vh0.txt' не найден во втором архиве
2025-04-14 23:44:16,150 - Ошибка в файле path/0je2jgz6.txt: Файл 'recursive_challengeqxjzaes224lkeyh6l8k5q6fsvjyr8709xut7l6x0zk7k0wxh.txt' не найден во втором архиве
2025-04-14 23:44:16,242 - Ошибка в файле path/4cbjm7ks.txt: Файл 'recursive_challengeqxjzaes224lkeyh6l8k5q6fsvjyr8709305jkkippep9dfhjmr9673jq.txt' не найден во втором архиве
2025-04-14 23:44:16,415 - Ошибка в файле path/58ve81e0.txt: Файл 'recursive_challengeqxjzaes2plr4e33ghjsrdtozmeggcmay5u5561c0nribkhyyousijgrk.txt' не найден во втором архиве
2025-04-14 23:44:16,430 - Ошибка в файле path/1wlc6l4m.txt: Файл 'recursive_challengeqxjzaes2plr4e33ghjsrdtozmeggcmay5u5561c0q4cd16rj.txt' не найден во втором архиве
2025-04-14 23:44:16,768 - Ошибка в файле path/33958e5u.txt: Файл 'recursive_challengeqxjzaes224lkeyh687pgggz7sqic6n8zi6ifx3bfr5pjbrff7snf0lvn.txt' не найден во втором архиве
2025-04-14 23:44:16,821 - Ошибка в файле path/94usegl8.txt: Файл 'recursive_challengeqxjzaes224lkeyh6l8k5q6fsgeajve4dpzpvo72twso8d8lvaoy6261g.txt' не найден во втором архиве
2025-04-14 23:44:16,936 - Ошибка в файле path/82nz23ep.txt: Файл 'recursive_challengeqxjzaes224lkeyh6l8k5q6fs023dsfltmbupl9spyuqnrm1s.txt' не найден во втором архиве
2025-04-14 23:44:16,958 - Ошибка в файле path/6nspkewx.txt: Файл 'recursive_challengeqxjzaes224lkeyh6gwzv6zt9dom3olfic787qynu09er02c4a9rb12zy.txt' не найден во втором архиве
2025-04-14 23:44:17,199 - Ошибка в файле path/0l5hggap.txt: Файл 'recursive_challengeqxjzaes2plr4e33ghjsrdtozmeggcmayg5qb5r57leay6qey5fh30llt.txt' не найден во втором архиве
2025-04-14 23:44:17,320 - Ошибка в файле path/4es8yyy2.txt: Файл 'recursive_challengeqxjzaes2plr4e33ghjsrdtoze9td5mfqxk9zyis4mvi74o75x1kqcaf1.txt' не найден во втором архиве
2025-04-14 23:44:17,492 - Ошибка в файле path/59z01icu.txt: Файл 'recursive_challengeqxjzaes2plr4e33gjdxi8nzom06ur6e4x68byxlt4s6mtaspyhjn2hio.txt' не найден во втором архиве
2025-04-14 23:44:17,502 - Ошибка в файле path/1wsx1fvf.txt: Файл 'recursive_challengeqxjzaes224lkeyh6l8k5q6fs2ds7mvnrg6hrv6k5.txt' не найден во втором архиве
2025-04-14 23:44:17,836 - Ошибка в файле path/34jwsbdu.txt: Файл 'recursive_challengeqxjzaes224lkeyh687pgggz7sqic6n8zi6ifx3bf1k183lsi.txt' не найден во втором архиве
2025-04-14 23:44:17,885 - Ошибка в файле path/951dwsad.txt: Файл 'recursive_challengeqxjzaes224lkeyh6l8k5q6fs2ds7mvnroq46gospao48tf529ruqaq39.txt' не найден во втором архиве
2025-04-14 23:44:18,053 - Ошибка в файле path/83paz4yf.txt: Файл 'recursive_challengeqxjzaes2plr4e33ghjsrdtozmeggcmay07l1qnkafho4ivtr.txt' не найден во втором архиве
2025-04-14 23:44:18,068 - Ошибка в файле path/6s2i3leh.txt: Файл 'recursive_challengeqxjzaes2plr4e33gjdxi8nzom06ur6e4x68byxlt4y9wbhthqwiogm41.txt' не найден во втором архиве
2025-04-14 23:44:18,233 - Ошибка в файле path/0ldwcatc.txt: Файл 'recursive_challengeqxjzaes224lkeyh6l8k5q6fsvjyr8709pxt1wv6ol6ux5fy6m7dicrdf.txt' не найден во втором архиве
2025-04-14 23:44:18,357 - Ошибка в файле path/4getqa8e.txt: Файл 'recursive_challengeqxjzaes224lkeyh687pgggz7lvv4zockjjidtgn68hkjahr7.txt' не найден во втором архиве
2025-04-14 23:44:18,532 - Ошибка в файле path/5ccf1cs6.txt: Файл 'recursive_challengeqxjzaes2plr4e33ghjsrdtozhia1cae3.txt' не найден во втором архиве
2025-04-14 23:44:18,560 - Ошибка в файле path/1x27j2xo.txt: Файл 'recursive_challengeqxjzaes2plr4e33ghjsrdtoze9td5mfqkd47aye41roi36s4b9f8ckqa.txt' не найден во втором архиве
2025-04-14 23:44:18,877 - Ошибка в файле path/36cov71d.txt: Файл 'recursive_challengeqxjzaes2plr4e33ghjsrdtozmeggcmay0sl0lsp988lzkjon.txt' не найден во втором архиве
2025-04-14 23:44:18,948 - Ошибка в файле path/97gfjfcq.txt: Файл 'recursive_challengeqxjzaes224lkeyh6l8k5q6fs2ds7mvnr2jf743w36q90l7wu.txt' не найден во втором архиве
2025-04-14 23:44:19,140 - Ошибка в файле path/6sue0b3q.txt: Файл 'recursive_challengeqxjzaes224lkeyh687pgggz7tgml8zq2tmb9as05g7s98yv5ry8v15b4.txt' не найден во втором архиве
2025-04-14 23:44:19,147 - Ошибка в файле path/844gzbi5.txt: Файл 'recursive_challengeqxjzaes224lkeyh6gwzv6zt9dom3olfic787qynu09er02c4muo9zfca.txt' не найден во втором архиве
2025-04-14 23:44:19,310 - Ошибка в файле path/0mlie4pk.txt: Файл 'recursive_challengeqxjzaes224lkeyh687pgggz7lvv4zocktgbdt70c.txt' не найден во втором архиве
2025-04-14 23:44:19,404 - Ошибка в файле path/4ism2vna.txt: Файл 'recursive_challengeqxjzaes224lkeyh687pgggz7sqic6n8zi6ifx3bfr5pjbrff14tjt6vt.txt' не найден во втором архиве
2025-04-14 23:44:19,581 - Ошибка в файле path/5d5ew48y.txt: Файл 'recursive_challengeqxjzaes2plr4e33ghjsrdtozmeggcmay07l1qnkaf5dk3lgk.txt' не найден во втором архиве
2025-04-14 23:44:19,613 - Ошибка в файле path/1xrbiqw6.txt: Файл 'recursive_challengeqxjzaes2plr4e33ghjsrdtozmeggcmay5u5561c0nribkhyy9y3cyof5.txt' не найден во втором архиве
2025-04-14 23:44:19,917 - Ошибка в файле path/36wltxtt.txt: Файл 'recursive_challengeqxjzaes2plr4e33ghjsrdtozp0wzab6z.txt' не найден во втором архиве
2025-04-14 23:44:20,011 - Ошибка в файле path/9b9oubi5.txt: Файл 'recursive_challengeqxjzaes224lkeyh687pgggz7lvv4zock0ocmmcvu5lobeleghybo98ho.txt' не найден во втором архиве
2025-04-14 23:44:20,218 - Ошибка в файле path/84osqovo.txt: Файл 'recursive_challengeqxjzaes224lkeyh687pgggz7lvv4zockjjidtgn6g59j5f83.txt' не найден во втором архиве
2025-04-14 23:44:20,225 - Ошибка в файле path/6uximoac.txt: Файл 'recursive_challengeqxjzaes224lkeyh687pgggz7lvv4zock0ocmmcvu5lobeleg90sljmwb.txt' не найден во втором архиве
2025-04-14 23:44:20,380 - Ошибка в файле path/0mm8pu7n.txt: Файл 'recursive_challengeqxjzaes2plr4e33gjdxi8nzom06ur6e4x68byxltel49eq5ycxxk7iav.txt' не найден во втором архиве
2025-04-14 23:44:20,462 - Ошибка в файле path/4j11f8gi.txt: Файл 'recursive_challengeqxjzaes224lkeyh687pgggz7sqic6n8zi6ifx3bfmte0uqps7ysqnbsz.txt' не найден во втором архиве
2025-04-14 23:44:20,645 - Ошибка в файле path/5ffykf5k.txt: Файл 'recursive_challengeqxjzaes224lkeyh6l8k5q6fsvjyr8709llc8lc44brzp9nr2.txt' не найден во втором архиве
2025-04-14 23:44:20,682 - Ошибка в файле path/1y0s479l.txt: Файл 'recursive_challengeqxjzaes224lkeyh687pgggz7tgml8zq2tmb9as050ad9q3y4.txt' не найден во втором архиве
2025-04-14 23:44:20,994 - Ошибка в файле path/3a3elixn.txt: Файл 'recursive_challengeqxjzaes224lkeyh6gwzv6zt9x7hhfc5t.txt' не найден во втором архиве
2025-04-14 23:44:21,083 - Ошибка в файле path/9bmu7kh8.txt: Файл 'recursive_challengeqxjzaes2plr4e33gjdxi8nzom06ur6e4d60rrvq12e96zz64c6u9v736.txt' не найден во втором архиве
2025-04-14 23:44:21,305 - Ошибка в файле path/856nbk0r.txt: Файл 'recursive_challengeqxjzaes224lkeyh687pgggz7k6q5znjw.txt' не найден во втором архиве
2025-04-14 23:44:21,325 - Ошибка в файле path/6vo7bqph.txt: Файл 'recursive_challengeqxjzaes224lkeyh6gwzv6zt9dom3olfix67d5ixg.txt' не найден во втором архиве
2025-04-14 23:44:21,459 - Ошибка в файле path/0p0vh5xj.txt: Файл 'recursive_challengeqxjzaes2plr4e33gjdxi8nzom06ur6e4x68byxltjyh0uefv.txt' не найден во втором архиве
2025-04-14 23:44:21,541 - Ошибка в файле path/4jmdy2mo.txt: Файл 'recursive_challengeqxjzaes2plr4e33ghjsrdtozmeggcmay07l1qnkazfcu3a3ihs38xl7y.txt' не найден во втором архиве
2025-04-14 23:44:21,735 - Ошибка в файле path/5gqudebb.txt: Файл 'recursive_challengeqxjzaes224lkeyh6gwzv6zt9dom3olfi60kknxn7n4h62q0gfn0fhr0z.txt' не найден во втором архиве
2025-04-14 23:44:21,765 - Ошибка в файле path/1ytei10i.txt: Файл 'recursive_challengeqxjzaes2plr4e33ghjsrdtozmeggcmayg5qb5r57sjd3aodg01bg5yuv.txt' не найден во втором архиве
2025-04-14 23:44:22,083 - Ошибка в файле path/3abjgb9n.txt: Файл 'recursive_challengeqxjzaes224lkeyh6l8k5q6fsvjyr870999575oupidkc4gqot8grc60s.txt' не найден во втором архиве
2025-04-14 23:44:22,170 - Ошибка в файле path/9cxd3df3.txt: Файл 'recursive_challengeqxjzaes224lkeyh687pgggz7sqic6n8zi6ifx3bfl8tg9ehkrfxj66z2.txt' не найден во втором архиве
2025-04-14 23:44:22,411 - Ошибка в файле path/87182pc3.txt: Файл 'recursive_challengeqxjzaes224lkeyh6l8k5q6fsvjyr870999575oup5cg8n4i42lwkg0mg.txt' не найден во втором архиве
2025-04-14 23:44:22,429 - Ошибка в файле path/6xx4r4vc.txt: Файл 'recursive_challengeqxjzaes224lkeyh6gwzv6zt9dom3olfic787qynur8e8jtxg.txt' не найден во втором архиве
2025-04-14 23:44:22,500 - Ошибка в файле path/0p6wqpf4.txt: Файл 'recursive_challengeqxjzaes224lkeyh687pgggz7sqic6n8zi6ifx3bfl8tg9ehks9plq3ta.txt' не найден во втором архиве
2025-04-14 23:44:22,580 - Ошибка в файле path/4k5ir3vw.txt: Файл 'recursive_challengeqxjzaes224lkeyh687pgggz7lvv4zock3d6sd0o3t3sqfd6v15d5m95i.txt' не найден во втором архиве
2025-04-14 23:44:22,791 - Ошибка в файле path/5imq3iaw.txt: Файл 'recursive_challengeqxjzaes224lkeyh6l8k5q6fs2ds7mvnr2jf743w39sj8xseg4pb4ho27.txt' не найден во втором архиве
2025-04-14 23:44:22,818 - Ошибка в файле path/1zkd2x8w.txt: Файл 'recursive_challengeqxjzaes224lkeyh687pgggz7sqic6n8zbueat201908pt7ksyh1lfq62.txt' не найден во втором архиве
2025-04-14 23:44:23,130 - Ошибка в файле path/3d8kh5xz.txt: Файл 'recursive_challengeqxjzaes2plr4e33gjdxi8nzom06ur6e48w4dtkap.txt' не найден во втором архиве
2025-04-14 23:44:23,195 - Ошибка в файле path/9eb8uwfz.txt: Файл 'recursive_challengeqxjzaes224lkeyh6l8k5q6fsvjyr87091nrbxwyic6b7n22l0sxl6j08.txt' не найден во втором архиве
2025-04-14 23:44:23,486 - Ошибка в файле path/877jqe2q.txt: Файл 'recursive_challengeqxjzaes224lkeyh6l8k5q6fs2ds7mvnr2jf743w39sj8xseg2ixvxvgy.txt' не найден во втором архиве
2025-04-14 23:44:23,502 - Ошибка в файле path/72c5pmbe.txt: Файл 'recursive_challengeqxjzaes224lkeyh6l8k5q6fs023dsfltgvyf2kyxk2uxkuqk0vx1tham.txt' не найден во втором архиве
2025-04-14 23:44:23,575 - Ошибка в файле path/0rbaust6.txt: Файл 'recursive_challengeqxjzaes224lkeyh687pgggz7tgml8zq2tmb9as05zsz2edj9r5m4a8oc.txt' не найден во втором архиве
2025-04-14 23:44:23,629 - Ошибка в файле path/4km4mffs.txt: Файл 'recursive_challengeqxjzaes224lkeyh6l8k5q6fsgeajve4dpzpvo72t9nq8fsyeoysc9qm1.txt' не найден во втором архиве
2025-04-14 23:44:23,864 - Ошибка в файле path/5l6q83u8.txt: Файл 'recursive_challengeqxjzaes224lkeyh6l8k5q6fsvjyr8709llc8lc44aboitt10.txt' не найден во втором архиве
2025-04-14 23:44:23,900 - Ошибка в файле path/22vbdgv2.txt: Файл 'recursive_challengeqxjzaes224lkeyh6l8k5q6fsvjyr8709xut7l6x05lkdmrmbuue03ijy.txt' не найден во втором архиве
2025-04-14 23:44:24,186 - Ошибка в файле path/3drttzin.txt: Файл 'recursive_challengeqxjzaes224lkeyh6l8k5q6fs2ds7mvnr2jf743w3ph6tmhkaig60hi83.txt' не найден во втором архиве
2025-04-14 23:44:24,266 - Ошибка в файле path/9f9pl1qs.txt: Файл 'recursive_challengeqxjzaes224lkeyh687pgggz7tgml8zq2158tahgr.txt' не найден во втором архиве
2025-04-14 23:44:24,585 - Ошибка в файле path/8838d2ip.txt: Файл 'recursive_challengeqxjzaes2plr4e33ghjsrdtoze9td5mfqdhpr5fbayfzpmvsk.txt' не найден во втором архиве
2025-04-14 23:44:24,594 - Ошибка в файле path/74b42cw7.txt: Файл 'recursive_challengeqxjzaes2plr4e33ghjsrdtozmeggcmay0sl0lsp916ffiw5g.txt' не найден во втором архиве
2025-04-14 23:44:24,651 - Ошибка в файле path/0smmov2f.txt: Файл 'recursive_challengeqxjzaes224lkeyh6l8k5q6fsvjyr870999575oupylane65kcv2l9hs2.txt' не найден во втором архиве
2025-04-14 23:44:24,708 - Ошибка в файле path/4m7bkijx.txt: Файл 'recursive_challengeqxjzaes224lkeyh6l8k5q6fs2ds7mvnroq46gosp26vrt9b5ln555ogf.txt' не найден во втором архиве
2025-04-14 23:44:24,941 - Ошибка в файле path/5m7go3i8.txt: Файл 'recursive_challengeqxjzaes224lkeyh6l8k5q6fsvjyr87091nrbxwyic6b7n22lqarpzpch.txt' не найден во втором архиве
2025-04-14 23:44:24,993 - Ошибка в файле path/2389ghb1.txt: Файл 'recursive_challengeqxjzaes2plr4e33ghjsrdtoze9td5mfqdhpr5fbanvyckusmu7oor5hg.txt' не найден во втором архиве
2025-04-14 23:44:25,271 - Ошибка в файле path/3hf71hlz.txt: Файл 'recursive_challengeqxjzaes224lkeyh6gwzv6zt9dom3olfi60kknxn747pvaw9g.txt' не найден во втором архиве
2025-04-14 23:44:25,352 - Ошибка в файле path/9fa967ul.txt: Файл 'recursive_challengeqxjzaes2plr4e33ghjsrdtozmeggcmay5u5561c0hlzzdm140mjtg9w0.txt' не найден во втором архиве
2025-04-14 23:44:25,691 - Ошибка в файле path/754wbyqr.txt: Файл 'recursive_challengeqxjzaes224lkeyh687pgggz7sqic6n8zi6ifx3bfl8tg9ehkwpz0z1lr.txt' не найден во втором архиве
2025-04-14 23:44:25,702 - Ошибка в файле path/88stn44x.txt: Файл 'recursive_challengeqxjzaes224lkeyh6l8k5q6fsvjyr870911ahet30t4zy3676xzj8v820.txt' не найден во втором архиве
2025-04-14 23:44:25,743 - Ошибка в файле path/0syhk7av.txt: Файл 'recursive_challengeqxjzaes224lkeyh6l8k5q6fsvjyr87091nrbxwyic6b7n22liiv9fkke.txt' не найден во втором архиве
2025-04-14 23:44:25,821 - Ошибка в файле path/4me7j3fm.txt: Файл 'recursive_challengeqxjzaes224lkeyh687pgggz7lvv4zock0ocmmcvu5lobeleg96e3gl5i.txt' не найден во втором архиве
2025-04-14 23:44:26,045 - Ошибка в файле path/5md0my85.txt: Файл 'recursive_challengeqxjzaes224lkeyh6l8k5q6fs023dsfltgvyf2kyxoici8z6pdznfomnb.txt' не найден во втором архиве
2025-04-14 23:44:26,106 - Ошибка в файле path/25y2usgl.txt: Файл 'recursive_challengeqxjzaes2plr4e33ghjsrdtoze9td5mfqtim6qmlxzm619kmnuiavk6oq.txt' не найден во втором архиве
2025-04-14 23:44:26,365 - Ошибка в файле path/3it8rwfx.txt: Файл 'recursive_challengeqxjzaes2plr4e33ghjsrdtoze9td5mfqkd47aye4phcv5msda7uo52zt.txt' не найден во втором архиве
2025-04-14 23:44:26,430 - Ошибка в файле path/9hfgy1qs.txt: Файл 'recursive_challengeqxjzaes2plr4e33gjdxi8nzom06ur6e4x68byxltqaio6snkx3noz5bw.txt' не найден во втором архиве
2025-04-14 23:44:26,814 - Ошибка в файле path/0vaqdmhi.txt: Файл 'recursive_challengeqxjzaes224lkeyh6l8k5q6fsvjyr8709305jkkipuds8qihwv53hcs9l.txt' не найден во втором архиве
2025-04-14 23:44:26,819 - Ошибка в файле path/75g2c2cn.txt: Файл 'recursive_challengeqxjzaes2plr4e33ghjsrdtozmeggcmay5u5561c0nribkhyyh2s2w2ui.txt' не найден во втором архиве
2025-04-14 23:44:26,837 - Ошибка в файле path/89fv1miu.txt: Файл 'recursive_challengeqxjzaes224lkeyh6l8k5q6fs2ds7mvnr2jf743w3are2fqivsak1effu.txt' не найден во втором архиве
2025-04-14 23:44:26,890 - Ошибка в файле path/4n7g0m8q.txt: Файл 'recursive_challengeqxjzaes224lkeyh6l8k5q6fsvjyr870999575oupylane65k363opwbt.txt' не найден во втором архиве
2025-04-14 23:44:27,102 - Ошибка в файле path/5q58w4pj.txt: Файл 'recursive_challengeqxjzaes2plr4e33ghjsrdtoze9td5mfqkd47aye41roi36s4sjzv0nok.txt' не найден во втором архиве
2025-04-14 23:44:27,171 - Ошибка в файле path/2a3n8wg2.txt: Файл 'recursive_challengeqxjzaes224lkeyh6l8k5q6fs2ds7mvnr2jf743w3ph6tmhkaeppzzf2x.txt' не найден во втором архиве
2025-04-14 23:44:27,427 - Ошибка в файле path/3j540gk4.txt: Файл 'recursive_challengeqxjzaes224lkeyh6l8k5q6fs2ds7mvnroq46gospm0tfca24jyys4coj.txt' не найден во втором архиве
2025-04-14 23:44:27,485 - Ошибка в файле path/9hrdy3nq.txt: Файл 'recursive_challengeqxjzaes224lkeyh687pgggz7lvv4zock9welz67wr0opnw2f8mvghyvv.txt' не найден во втором архиве
2025-04-14 23:44:27,909 - Ошибка в файле path/7763ihsw.txt: Файл 'recursive_challengeqxjzaes224lkeyh687pgggz7lvv4zock300enzqktypdmx35y3ohmnp5.txt' не найден во втором архиве
2025-04-14 23:44:27,918 - Ошибка в файле path/0w7kcwoa.txt: Файл 'recursive_challengeqxjzaes224lkeyh6l8k5q6fsgeajve4dcjnq7zsv1xzdpwts.txt' не найден во втором архиве
2025-04-14 23:44:27,921 - Ошибка в файле path/8biy9h1j.txt: Файл 'recursive_challengeqxjzaes224lkeyh6l8k5q6fsgeajve4dpzpvo72twso8d8lvau15db9a.txt' не найден во втором архиве
2025-04-14 23:44:27,974 - Ошибка в файле path/4qe9klbs.txt: Файл 'recursive_challengeqxjzaes224lkeyh687pgggz7tgml8zq2tmb9as05x82k3ao8zzdmumdy.txt' не найден во втором архиве
2025-04-14 23:44:28,182 - Ошибка в файле path/5qv0v0cq.txt: Файл 'recursive_challengeqxjzaes2plr4e33ghjsrdtozmeggcmayhgjfyvnmei4s82j3.txt' не найден во втором архиве
2025-04-14 23:44:28,262 - Ошибка в файле path/2ceaqtdw.txt: Файл 'recursive_challengeqxjzaes224lkeyh6l8k5q6fsvjyr870911ahet30lgp6jwmp.txt' не найден во втором архиве
2025-04-14 23:44:28,504 - Ошибка в файле path/3ko8iie4.txt: Файл 'recursive_challengeqxjzaes2plr4e33ghjsrdtoze9td5mfqxk9zyis4mvi74o75qrfxao35.txt' не найден во втором архиве
2025-04-14 23:44:28,547 - Ошибка в файле path/9id5gbii.txt: Файл 'recursive_challengeqxjzaes224lkeyh6l8k5q6fsvjyr8709xut7l6x05lkdmrmbe7fpyfpp.txt' не найден во втором архиве
2025-04-14 23:44:29,017 - Ошибка в файле path/7bhqspkt.txt: Файл 'recursive_challengeqxjzaes2plr4e33ghjsrdtozmeggcmay07l1qnka0lwi186g.txt' не найден во втором архиве
2025-04-14 23:44:29,031 - Ошибка в файле path/0w9fj6a9.txt: Файл 'recursive_challengeqxjzaes2plr4e33ghjsrdtoze9td5mfqxk9zyis4mvi74o75jqvecx42.txt' не найден во втором архиве
2025-04-14 23:44:29,035 - Ошибка в файле path/8f21u35n.txt: Файл 'recursive_challengeqxjzaes224lkeyh6l8k5q6fsvjyr8709pxt1wv6o18jk1fixtrnm6vvr.txt' не найден во втором архиве
2025-04-14 23:44:29,071 - Ошибка в файле path/4rycvgfx.txt: Файл 'recursive_challengeqxjzaes224lkeyh6gwzv6zt9dom3olfi60kknxn7wcyrr380.txt' не найден во втором архиве
2025-04-14 23:44:29,289 - Ошибка в файле path/5rnq0nk1.txt: Файл 'recursive_challengeqxjzaes224lkeyh6l8k5q6fs2ds7mvnroq46gosphjw10xizbegnh0y3.txt' не найден во втором архиве
2025-04-14 23:44:29,369 - Ошибка в файле path/2eem96st.txt: Файл 'recursive_challengeqxjzaes224lkeyh687pgggz7lvv4zock0ocmmcvuxosfod8e6e5sac9h.txt' не найден во втором архиве
2025-04-14 23:44:29,607 - Ошибка в файле path/3ltxuiy6.txt: Файл 'recursive_challengeqxjzaes224lkeyh687pgggz7tgml8zq2iv5bw98z.txt' не найден во втором архиве
2025-04-14 23:44:29,645 - Ошибка в файле path/9je5fhzm.txt: Файл 'recursive_challengeqxjzaes224lkeyh687pgggz7lvv4zock300enzqk373a8asni2hkb43k.txt' не найден во втором архиве
2025-04-14 23:44:30,105 - Ошибка в файле path/0xsulm4e.txt: Файл 'recursive_challengeqxjzaes2plr4e33gjdxi8nzom06ur6e4x68byxltuqk973c9s0nbxjfn.txt' не найден во втором архиве
2025-04-14 23:44:30,130 - Ошибка в файле path/7ceyi3fv.txt: Файл 'recursive_challengeqxjzaes224lkeyh687pgggz7tgml8zq2tmb9as05g7s98yv57vu75p5f.txt' не найден во втором архиве
2025-04-14 23:44:30,138 - Ошибка в файле path/4s91591r.txt: Файл 'recursive_challengeqxjzaes224lkeyh6gwzv6zt9l9oo8gy9o3uwpb77ac9yhrd2lq1pw3l5.txt' не найден во втором архиве
2025-04-14 23:44:30,156 - Ошибка в файле path/8g0ow9kx.txt: Файл 'recursive_challengeqxjzaes2plr4e33ghjsrdtoziu3uo407.txt' не найден во втором архиве
2025-04-14 23:44:30,345 - Ошибка в файле path/5rpqv40e.txt: Файл 'recursive_challengeqxjzaes224lkeyh6l8k5q6fsvjyr8709pxt1wv6ol6ux5fy64pcb59v6.txt' не найден во втором архиве
2025-04-14 23:44:30,439 - Ошибка в файле path/2ewpnd43.txt: Файл 'recursive_challengeqxjzaes224lkeyh687pgggz7lvv4zock300enzqkgbnr9np96pl45kmc.txt' не найден во втором архиве
2025-04-14 23:44:30,672 - Ошибка в файле path/3mrpcrw0.txt: Файл 'recursive_challengeqxjzaes224lkeyh687pgggz7sqic6n8zi6ifx3bfmte0uqpslzeqq3vm.txt' не найден во втором архиве
2025-04-14 23:44:30,702 - Ошибка в файле path/9jfg8hj5.txt: Файл 'recursive_challengeqxjzaes224lkeyh687pgggz7poqsexov.txt' не найден во втором архиве
2025-04-14 23:44:31,206 - Ошибка в файле path/7cr6xzq0.txt: Файл 'recursive_challengeqxjzaes224lkeyh6l8k5q6fsvjyr87091nrbxwyic6b7n22lvfg8y5dn.txt' не найден во втором архиве
2025-04-14 23:44:31,216 - Ошибка в файле path/0yaknizs.txt: Файл 'recursive_challengeqxjzaes224lkeyh6l8k5q6fsvjyr8709xut7l6x08nh15a9zvvh9nux3.txt' не найден во втором архиве
2025-04-14 23:44:31,217 - Ошибка в файле path/4seyatxe.txt: Файл 'recursive_challengeqxjzaes2plr4e33ghjsrdtoze9td5mfqtim6qmlxej2g4b6ciug709jq.txt' не найден во втором архиве
2025-04-14 23:44:31,236 - Ошибка в файле path/8h6g1wjs.txt: Файл 'recursive_challengeqxjzaes224lkeyh6l8k5q6fsgeajve4dpzpvo72t9nq8fsyenc0bmdqq.txt' не найден во втором архиве
2025-04-14 23:44:31,417 - Ошибка в файле path/5s0i5gj5.txt: Файл 'recursive_challengeqxjzaes224lkeyh687pgggz7lvv4zockzoc6meh4pjo6tce3.txt' не найден во втором архиве
2025-04-14 23:44:31,525 - Ошибка в файле path/2f14ume1.txt: Файл 'recursive_challengeqxjzaes2plr4e33ghjsrdtoze9td5mfqkd47aye4hp3qg564gcdie4q2.txt' не найден во втором архиве
2025-04-14 23:44:31,767 - Ошибка в файле path/3qshgr7a.txt: Файл 'recursive_challengeqxjzaes2plr4e33gjdxi8nzom06ur6e4d60rrvq1gigqz244.txt' не найден во втором архиве
2025-04-14 23:44:31,770 - Ошибка в файле path/9k9x0fpi.txt: Файл 'recursive_challengeqxjzaes224lkeyh6l8k5q6fsvjyr870999575oupidkc4gqogetqon50.txt' не найден во втором архиве
2025-04-14 23:44:32,304 - Ошибка в файле path/7igmw2vy.txt: Файл 'recursive_challengeqxjzaes224lkeyh6l8k5q6fsvjyr870999575oupylane65k53jirbgy.txt' не найден во втором архиве
2025-04-14 23:44:32,307 - Ошибка в файле path/9lnmphhs.txt: Файл 'recursive_challengeqxjzaes224lkeyh687pgggz7sqic6n8zi6ifx3bfmte0uqps9fur7o6b.txt' не найден во втором архиве
2025-04-14 23:44:32,328 - Ошибка в файле path/am4nvx1n.txt: Файл 'recursive_challengeqxjzaes224lkeyh687pgggz7sqic6n8zbueat201vagw4345.txt' не найден во втором архиве
2025-04-14 23:44:32,332 - Ошибка в файле path/8j3802p5.txt: Файл 'recursive_challengeqxjzaes224lkeyh6l8k5q6fs2ds7mvnroq46gosp7880vpfvz4tlrwyp.txt' не найден во втором архиве
2025-04-14 23:44:32,502 - Ошибка в файле path/by2iry1v.txt: Файл 'recursive_challengeqxjzaes224lkeyh687pgggz7lvv4zock300enzqktypdmx350ujmnlok.txt' не найден во втором архиве
2025-04-14 23:44:32,625 - Ошибка в файле path/cvbxnrdu.txt: Файл 'recursive_challengeqxjzaes224lkeyh6l8k5q6fsvjyr8709305jkkipbc4z0bxzlvxpwz0r.txt' не найден во втором архиве
2025-04-14 23:44:32,875 - Ошибка в файле path/ewhrsw62.txt: Файл 'recursive_challengeqxjzaes2plr4e33ghjsrdtoze9td5mfqtim6qmlxzm619kmnt4dq3i9y.txt' не найден во втором архиве
2025-04-14 23:44:32,880 - Ошибка в файле path/dxblhibh.txt: Файл 'recursive_challengeqxjzaes2plr4e33ghjsrdtoze9td5mfqtim6qmlxej2g4b6c72mfulxe.txt' не найден во втором архиве
2025-04-14 23:44:33,416 - Ошибка в файле path/fuu8f3zz.txt: Файл 'recursive_challengeqxjzaes224lkeyh6l8k5q6fs2ds7mvnr2jf743w3pyb7rxbb3forvgv9.txt' не найден во втором архиве
2025-04-14 23:44:33,421 - Ошибка в файле path/9mpmhptc.txt: Файл 'recursive_challengeqxjzaes2plr4e33ghjsrdtozmeggcmay5u5561c0x4igp738duyoad5z.txt' не найден во втором архиве
2025-04-14 23:44:33,441 - Ошибка в файле path/h2lyobzw.txt: Файл 'recursive_challengeqxjzaes224lkeyh6l8k5q6fsgeajve4dpzpvo72t9f2b364g.txt' не найден во втором архиве
2025-04-14 23:44:33,454 - Ошибка в файле path/amw8hnnj.txt: Файл 'recursive_challengeqxjzaes224lkeyh687pgggz7sqic6n8zi6ifx3bfmte0uqpsppofybwi.txt' не найден во втором архиве
2025-04-14 23:44:33,617 - Ошибка в файле path/by6a1x3n.txt: Файл 'recursive_challengeqxjzaes2plr4e33ghjsrdtoze9td5mfq4q33a5qne39jnqzf.txt' не найден во втором архиве
2025-04-14 23:44:33,737 - Ошибка в файле path/d1j49z5m.txt: Файл 'recursive_challengeqxjzaes224lkeyh6l8k5q6fsvjyr870999575ouphsyi1xdg.txt' не найден во втором архиве
2025-04-14 23:44:33,990 - Ошибка в файле path/ex89f4nw.txt: Файл 'recursive_challengeqxjzaes2plr4e33ghjsrdtoze9td5mfqkd47aye4ofz9e66m1s5zgn86.txt' не найден во втором архиве
2025-04-14 23:44:34,010 - Ошибка в файле path/dxczp1xv.txt: Файл 'recursive_challengeqxjzaes2plr4e33gjdxi8nzom06ur6e4d60rrvq158xkcu3e.txt' не найден во втором архиве
2025-04-14 23:44:34,483 - Ошибка в файле path/9mtw11jt.txt: Файл 'recursive_challengeqxjzaes2plr4e33ghjsrdtoze9td5mfqkd47aye4hp3qg564pedmvic5.txt' не найден во втором архиве
2025-04-14 23:44:34,533 - Ошибка в файле path/aqs66gbo.txt: Файл 'recursive_challengeqxjzaes2plr4e33ghjsrdtoze9td5mfqdhpr5fbapz20vikp95c23nj1.txt' не найден во втором архиве
2025-04-14 23:44:34,540 - Ошибка в файле path/fvkm2o3t.txt: Файл 'recursive_challengeqxjzaes224lkeyh6l8k5q6fsvjyr8709pxt1wv6ogclw380c.txt' не найден во втором архиве
2025-04-14 23:44:34,573 - Ошибка в файле path/h31gx7qi.txt: Файл 'recursive_challengeqxjzaes2plr4e33gjdxi8nzom06ur6e4x68byxltel49eq5ypgsqxi5k.txt' не найден во втором архиве
2025-04-14 23:44:34,688 - Ошибка в файле path/bzju52bc.txt: Файл 'recursive_challengeqxjzaes2plr4e33gjdxi8nzom06ur6e4x68byxlthoesb7n5j76rrwu0.txt' не найден во втором архиве
2025-04-14 23:44:34,815 - Ошибка в файле path/d1pm7bfs.txt: Файл 'recursive_challengeqxjzaes224lkeyh6gwzv6zt9dom3olfin3d27s3iao3z47j78aqqosbf.txt' не найден во втором архиве
2025-04-14 23:44:35,071 - Ошибка в файле path/ey925m7q.txt: Файл 'recursive_challengeqxjzaes224lkeyh687pgggz7sqic6n8zbueat201zfz33ucpd9pndo64.txt' не найден во втором архиве
2025-04-14 23:44:35,075 - Ошибка в файле path/dzdi5ihm.txt: Файл 'recursive_challengeqxjzaes224lkeyh6gwzv6zt93re0qcjh.txt' не найден во втором архиве
2025-04-14 23:44:35,613 - Ошибка в файле path/9nlwm4zy.txt: Файл 'recursive_challengeqxjzaes2plr4e33gjdxi8nzom06ur6e4d60rrvq1ajso0kfrbxakmgu9.txt' не найден во втором архиве
2025-04-14 23:44:35,639 - Ошибка в файле path/fw19a8hn.txt: Файл 'recursive_challengeqxjzaes224lkeyh687pgggz7pu48x0ib.txt' не найден во втором архиве
2025-04-14 23:44:35,662 - Ошибка в файле path/aqw0u1r0.txt: Файл 'recursive_challengeqxjzaes224lkeyh687pgggz7lvv4zockjjidtgn61m5hlxpv7b71zz90.txt' не найден во втором архиве
2025-04-14 23:44:35,684 - Ошибка в файле path/h42wmhie.txt: Файл 'recursive_challengeqxjzaes224lkeyh6gwzv6zt9dom3olfi60kknxn79hwvtqw4hdc18oym.txt' не найден во втором архиве
2025-04-14 23:44:35,803 - Ошибка в файле path/c15nz5db.txt: Файл 'recursive_challengeqxjzaes224lkeyh6l8k5q6fsvjyr8709llc8lc446vxwrenoj6nibte6.txt' не найден во втором архиве
2025-04-14 23:44:35,919 - Ошибка в файле path/d24lspj3.txt: Файл 'recursive_challengeqxjzaes224lkeyh6l8k5q6fsvjyr8709pxt1wv6ojpojv7ef.txt' не найден во втором архиве
2025-04-14 23:44:36,163 - Ошибка в файле path/e0omx4tl.txt: Файл 'recursive_challengeqxjzaes224lkeyh687pgggz7lvv4zock300enzqk373a8asnpbsudr9x.txt' не найден во втором архиве
2025-04-14 23:44:36,201 - Ошибка в файле path/eya9t5z5.txt: Файл 'recursive_challengeqxjzaes224lkeyh6l8k5q6fsvjyr870911ahet30t4zy3676ao6lw5p4.txt' не найден во втором архиве
2025-04-14 23:44:36,742 - Ошибка в файле path/9q6zcdy1.txt: Файл 'recursive_challengeqxjzaes224lkeyh687pgggz7lvv4zockbbrngl3wahqxovi4.txt' не найден во втором архиве
2025-04-14 23:44:36,771 - Ошибка в файле path/fx651dxx.txt: Файл 'recursive_challengeqxjzaes2plr4e33ghjsrdtozmeggcmayo8pqful3felofju8.txt' не найден во втором архиве
2025-04-14 23:44:36,779 - Ошибка в файле path/arjredvi.txt: Файл 'recursive_challengeqxjzaes2plr4e33ghjsrdtoze9td5mfqdhpr5fba56aw42vb.txt' не найден во втором архиве
2025-04-14 23:44:36,795 - Ошибка в файле path/h6yrwd5u.txt: Файл 'recursive_challengeqxjzaes224lkeyh6l8k5q6fs2ds7mvnr2jf743w39sj8xsegaapmx7y1.txt' не найден во втором архиве
2025-04-14 23:44:36,891 - Ошибка в файле path/c1t374tp.txt: Файл 'recursive_challengeqxjzaes2plr4e33gjdxi8nzom06ur6e4x68byxltqaio6snkrwevltxt.txt' не найден во втором архиве
2025-04-14 23:44:37,054 - Ошибка в файле path/d2knbo5f.txt: Файл 'recursive_challengeqxjzaes224lkeyh6l8k5q6fsvjyr870999575oupylane65kipic4lt2.txt' не найден во втором архиве
2025-04-14 23:44:37,253 - Ошибка в файле path/e0s1qf3w.txt: Файл 'recursive_challengeqxjzaes224lkeyh6gwzv6zt9dom3olfi60kknxn7n4h62q0gocfff1lk.txt' не найден во втором архиве
2025-04-14 23:44:37,306 - Ошибка в файле path/eypwvgwp.txt: Файл 'recursive_challengeqxjzaes224lkeyh687pgggz7lvv4zock0ocmmcvu5lobeleg820olbxc.txt' не найден во втором архиве
2025-04-14 23:44:37,870 - Ошибка в файле path/9qc6tgib.txt: Файл 'recursive_challengeqxjzaes224lkeyh687pgggz7tgml8zq2tmb9as0573shruuokyg8favw.txt' не найден во втором архиве
2025-04-14 23:44:37,903 - Ошибка в файле path/g0b8aqzd.txt: Файл 'recursive_challengeqxjzaes224lkeyh6l8k5q6fsvjyr8709llc8lc4476ffr7bhhwmhm421.txt' не найден во втором архиве
2025-04-14 23:44:37,907 - Ошибка в файле path/atu0jkz6.txt: Файл 'recursive_challengeqxjzaes224lkeyh6gwzv6zt9axmrkvdo.txt' не найден во втором архиве
2025-04-14 23:44:37,919 - Ошибка в файле path/h9u7h18q.txt: Файл 'recursive_challengeqxjzaes224lkeyh6l8k5q6fsgeajve4dcjnq7zsvniyrul45.txt' не найден во втором архиве
2025-04-14 23:44:38,021 - Ошибка в файле path/c2hq2vch.txt: Файл 'recursive_challengeqxjzaes2plr4e33gjdxi8nzom06ur6e4d60rrvq12e96zz64yscp5hwb.txt' не найден во втором архиве
2025-04-14 23:44:38,156 - Ошибка в файле path/d40cenoj.txt: Файл 'recursive_challengeqxjzaes224lkeyh687pgggz7sqic6n8zi6ifx3bf9raf29x2.txt' не найден во втором архиве
2025-04-14 23:44:38,357 - Ошибка в файле path/e0uozaaf.txt: Файл 'recursive_challengeqxjzaes2plr4e33gjdxi8nzom06ur6e4x68byxltel49eq5yv2x7i031.txt' не найден во втором архиве
2025-04-14 23:44:38,420 - Ошибка в файле path/ezps6h6n.txt: Файл 'recursive_challengeqxjzaes224lkeyh6l8k5q6fsvjyr8709llc8lc445lza7rcl7pvjjd8z.txt' не найден во втором архиве
2025-04-14 23:44:39,005 - Ошибка в файле path/9qrzs7kw.txt: Файл 'recursive_challengeqxjzaes224lkeyh687pgggz7lvv4zock0ocmmcvu5lobeleg563vkb7b.txt' не найден во втором архиве
2025-04-14 23:44:39,035 - Ошибка в файле path/atzxr2xk.txt: Файл 'recursive_challengeqxjzaes2plr4e33ghjsrdtozmeggcmay0sl0lsp9t12i18g8.txt' не найден во втором архиве
2025-04-14 23:44:39,081 - Ошибка в файле path/g2of6d36.txt: Файл 'recursive_challengeqxjzaes2plr4e33ghjsrdtoze9td5mfqdhpr5fbaw6cahmb7.txt' не найден во втором архиве
2025-04-14 23:44:39,099 - Ошибка в файле path/h9x4jhe4.txt: Файл 'recursive_challengeqxjzaes2plr4e33gjdxi8nzom06ur6e4x68byxltuqk973c9079plwtk.txt' не найден во втором архиве
2025-04-14 23:44:39,121 - Ошибка в файле path/c2ytygdx.txt: Файл 'recursive_challengeqxjzaes224lkeyh6l8k5q6fsvjyr8709pxt1wv6o18jk1fix2seznw3w.txt' не найден во втором архиве
2025-04-14 23:44:39,248 - Ошибка в файле path/d475hsvc.txt: Файл 'recursive_challengeqxjzaes224lkeyh6l8k5q6fsgeajve4dpzpvo72th582z6whmfsf0sx5.txt' не найден во втором архиве
2025-04-14 23:44:39,422 - Ошибка в файле path/e1vazmv6.txt: Файл 'recursive_challengeqxjzaes224lkeyh6l8k5q6fs023dsfltgvyf2kyxa113n4wqusv9htgi.txt' не найден во втором архиве
2025-04-14 23:44:39,486 - Ошибка в файле path/eztj621g.txt: Файл 'recursive_challengeqxjzaes2plr4e33ghjsrdtoze9td5mfqdhpr5fbapz20vikp91e3hgyd.txt' не найден во втором архиве
2025-04-14 23:44:40,116 - Ошибка в файле path/9r6vxy5i.txt: Файл 'recursive_challengeqxjzaes224lkeyh6l8k5q6fsvjyr8709305jkkip9ps238mdg5wf2hb9.txt' не найден во втором архиве
2025-04-14 23:44:40,137 - Ошибка в файле path/aw3dfugr.txt: Файл 'recursive_challengeqxjzaes224lkeyh6l8k5q6fsgeajve4dpzpvo72tffllz7t1ha3om0mq.txt' не найден во втором архиве
2025-04-14 23:44:40,168 - Ошибка в файле path/g3aicoom.txt: Файл 'recursive_challengeqxjzaes2plr4e33ghjsrdtoze9td5mfqkd47aye4phcv5msd7u3n4qeu.txt' не найден во втором архиве
2025-04-14 23:44:40,197 - Ошибка в файле path/habl1onv.txt: Файл 'recursive_challengeqxjzaes2plr4e33ghjsrdtoze9td5mfqdhpr5fba561rlpozemut6xtc.txt' не найден во втором архиве
2025-04-14 23:44:40,225 - Ошибка в файле path/c2yzq73x.txt: Файл 'recursive_challengeqxjzaes2plr4e33ghjsrdtoze9td5mfqurwpspc0.txt' не найден во втором архиве
2025-04-14 23:44:40,350 - Ошибка в файле path/d4gtlf9t.txt: Файл 'recursive_challengeqxjzaes2plr4e33ghjsrdtozmeggcmayg5qb5r577ombch1i.txt' не найден во втором архиве
2025-04-14 23:44:40,521 - Ошибка в файле path/e2u1t6pi.txt: Файл 'recursive_challengeqxjzaes224lkeyh687pgggz7tgml8zq2tmb9as05l2ntnob4.txt' не найден во втором архиве
2025-04-14 23:44:40,590 - Ошибка в файле path/ezv1xlsk.txt: Файл 'recursive_challengeqxjzaes2plr4e33ghjsrdtoze9td5mfqkd47aye4hp3qg564c15xxkux.txt' не найден во втором архиве
2025-04-14 23:44:41,227 - Ошибка в файле path/9sorhcjk.txt: Файл 'recursive_challengeqxjzaes224lkeyh687pgggz7tgml8zq2tmb9as05x82k3ao8dff1xhbq.txt' не найден во втором архиве
2025-04-14 23:44:41,230 - Ошибка в файле path/awmoblhf.txt: Файл 'recursive_challengeqxjzaes2plr4e33ghjsrdtoze9td5mfqkd47aye4hp3qg5644gpogsfz.txt' не найден во втором архиве
2025-04-14 23:44:41,281 - Ошибка в файле path/g3g91tl0.txt: Файл 'recursive_challengeqxjzaes224lkeyh6l8k5q6fsvjyr87091nrbxwyic6b7n22l0w64klub.txt' не найден во втором архиве
2025-04-14 23:44:41,304 - Ошибка в файле path/he7dsxcw.txt: Файл 'recursive_challengeqxjzaes224lkeyh6l8k5q6fsgeajve4dpzpvo72twso8d8lvo7n8bq80.txt' не найден во втором архиве
2025-04-14 23:44:41,330 - Ошибка в файле path/c3vr8ewn.txt: Файл 'recursive_challengeqxjzaes224lkeyh6l8k5q6fs2ds7mvnroq46gosp1c006h7snd1iwqiz.txt' не найден во втором архиве
2025-04-14 23:44:41,479 - Ошибка в файле path/d4w0q9eo.txt: Файл 'recursive_challengeqxjzaes2plr4e33ghjsrdtoze9td5mfqkd47aye4tmao6h8fzujkao1u.txt' не найден во втором архиве
2025-04-14 23:44:41,621 - Ошибка в файле path/e3j4rnbb.txt: Файл 'recursive_challengeqxjzaes224lkeyh6l8k5q6fsvjyr8709xut7l6x0ocsrok97b0g0203y.txt' не найден во втором архиве
2025-04-14 23:44:41,693 - Ошибка в файле path/f1qyhjnq.txt: Файл 'recursive_challengeqxjzaes224lkeyh6gwzv6zt9l9oo8gy9o3uwpb77ac9yhrd2y9495r10.txt' не найден во втором архиве
2025-04-14 23:44:42,306 - Ошибка в файле path/aww3qhrh.txt: Файл 'recursive_challengeqxjzaes224lkeyh687pgggz7sqic6n8zi6ifx3bff6wzbfoecwr5hgyb.txt' не найден во втором архиве
2025-04-14 23:44:42,329 - Ошибка в файле path/9wm49ri6.txt: Файл 'recursive_challengeqxjzaes2plr4e33ghjsrdtoze9td5mfqkd47aye41roi36s4w9qqfkra.txt' не найден во втором архиве
2025-04-14 23:44:42,410 - Ошибка в файле path/g3z7ems2.txt: Файл 'recursive_challengeqxjzaes224lkeyh687pgggz7lvv4zock0ocmmcvuythgw76o.txt' не найден во втором архиве
2025-04-14 23:44:42,411 - Ошибка в файле path/c4y9hq2j.txt: Файл 'recursive_challengeqxjzaes224lkeyh687pgggz7lvv4zock0ocmmcvunck26x7j.txt' не найден во втором архиве
2025-04-14 23:44:42,448 - Ошибка в файле path/hfrzt9ye.txt: Файл 'recursive_challengeqxjzaes2plr4e33ghjsrdtoze9td5mfqkd47aye4phcv5msd90y508l3.txt' не найден во втором архиве
2025-04-14 23:44:42,554 - Ошибка в файле path/d5cvxk24.txt: Файл 'recursive_challengeqxjzaes224lkeyh6l8k5q6fsvjyr8709xut7l6x05lkdmrmbu7y2jkdv.txt' не найден во втором архиве
2025-04-14 23:44:42,676 - Ошибка в файле path/e3meetl5.txt: Файл 'recursive_challengeqxjzaes224lkeyh687pgggz7lvv4zock300enzqkgbnr9np9z8l72jum.txt' не найден во втором архиве
2025-04-14 23:44:42,769 - Ошибка в файле path/f1wquzsz.txt: Файл 'recursive_challengeqxjzaes224lkeyh6gwzv6zt9l9oo8gy9o3uwpb77ac9yhrd22g39lyvm.txt' не найден во втором архиве
2025-04-14 23:44:43,397 - Ошибка в файле path/awy94h3e.txt: Файл 'recursive_challengeqxjzaes224lkeyh6l8k5q6fs023dsfltgvyf2kyxk2uxkuqk8wpcr018.txt' не найден во втором архиве
2025-04-14 23:44:43,424 - Ошибка в файле path/9x4dju2j.txt: Файл 'recursive_challengeqxjzaes224lkeyh6l8k5q6fsgeajve4dpzpvo72tffllz7t1h5h8kq8c.txt' не найден во втором архиве
2025-04-14 23:44:43,546 - Ошибка в файле path/g49pue18.txt: Файл 'recursive_challengeqxjzaes2plr4e33ghjsrdtozmeggcmayo8pqful3ng293uha.txt' не найден во втором архиве
2025-04-14 23:44:43,572 - Ошибка в файле path/c8755xqm.txt: Файл 'recursive_challengeqxjzaes224lkeyh687pgggz7lvv4zock0ocmmcvum7ic9bt4.txt' не найден во втором архиве
2025-04-14 23:44:43,592 - Ошибка в файле path/hhoehxra.txt: Файл 'recursive_challengeqxjzaes224lkeyh6l8k5q6fsvjyr8709llc8lc44v9thr3ex.txt' не найден во втором архиве
2025-04-14 23:44:43,701 - Ошибка в файле path/d7ps5rv3.txt: Файл 'recursive_challengeqxjzaes2plr4e33ghjsrdtozmeggcmay0sl0lsp9tac9i2so97r4fft7.txt' не найден во втором архиве
2025-04-14 23:44:43,820 - Ошибка в файле path/e4srk8lf.txt: Файл 'recursive_challengeqxjzaes224lkeyh6l8k5q6fs023dsfltgvyf2kyxvy7jnwoi1sqopl8s.txt' не найден во втором архиве
2025-04-14 23:44:43,892 - Ошибка в файле path/f1y8yi2o.txt: Файл 'recursive_challengeqxjzaes224lkeyh6l8k5q6fs023dsfltgvyf2kyxk2uxkuqkzmdtayl4.txt' не найден во втором архиве
2025-04-14 23:44:44,638 - Ошибка в файле path/b13oe8ly.txt: Файл 'recursive_challengeqxjzaes2plr4e33ghjsrdtozmeggcmay07l1qnkazfcu3a3i6c51b47y.txt' не найден во втором архиве
2025-04-14 23:44:44,651 - Ошибка в файле path/9xyqtz58.txt: Файл 'recursive_challengeqxjzaes2plr4e33ghjsrdtoze9td5mfqtim6qmlxzm619kmncv8ea06z.txt' не найден во втором архиве
2025-04-14 23:44:44,728 - Ошибка в файле path/g6gig581.txt: Файл 'recursive_challengeqxjzaes224lkeyh6l8k5q6fsvjyr87091nrbxwyic6b7n22l8imt4yjt.txt' не найден во втором архиве
2025-04-14 23:44:44,760 - Ошибка в файле path/c9i6mrzt.txt: Файл 'recursive_challengeqxjzaes2plr4e33ghjsrdtoze9td5mfqdhpr5fbapz20vikpbd9c3vag.txt' не найден во втором архиве
2025-04-14 23:44:44,769 - Ошибка в файле path/himw744z.txt: Файл 'recursive_challengeqxjzaes224lkeyh687pgggz7sqic6n8zi6ifx3bfmte0uqps50woid71.txt' не найден во втором архиве
2025-04-14 23:44:44,863 - Ошибка в файле path/d7tt8dwp.txt: Файл 'recursive_challengeqxjzaes2plr4e33ghjsrdtozmeggcmay0sl0lsp9juqf4e0e.txt' не найден во втором архиве
2025-04-14 23:44:44,966 - Ошибка в файле path/e7pul73r.txt: Файл 'recursive_challengeqxjzaes224lkeyh6l8k5q6fs2ds7mvnroq46gospao48tf52a6z5rtdo.txt' не найден во втором архиве
2025-04-14 23:44:45,030 - Ошибка в файле path/f2wscov4.txt: Файл 'recursive_challengeqxjzaes2plr4e33ghjsrdtozmeggcmayhgjfyvnmv8ierp5goqnknpd1.txt' не найден во втором архиве
2025-04-14 23:44:45,765 - Ошибка в файле path/b3rcg9yd.txt: Файл 'recursive_challengeqxjzaes2plr4e33ghjsrdtoze9td5mfqtim6qmlxzm619kmngo98xl45.txt' не найден во втором архиве
2025-04-14 23:44:45,780 - Ошибка в файле path/9yabwuvi.txt: Файл 'recursive_challengeqxjzaes224lkeyh687pgggz7lvv4zock300enzqkjmvxzzdc.txt' не найден во втором архиве
2025-04-14 23:44:45,848 - Ошибка в файле path/gcmx4rk2.txt: Файл 'recursive_challengeqxjzaes2plr4e33ghjsrdtozmeggcmay5u5561c0n1atve2k.txt' не найден во втором архиве
2025-04-14 23:44:45,885 - Ошибка в файле path/c9vw97qc.txt: Файл 'recursive_challengeqxjzaes224lkeyh6l8k5q6fsvjyr8709305jkkip9ps238mdg9fsy2mo.txt' не найден во втором архиве
2025-04-14 23:44:45,908 - Ошибка в файле path/hjmp7ymx.txt: Файл 'recursive_challengeqxjzaes224lkeyh687pgggz7tgml8zq2tmb9as05x82k3ao8iyfxcu2l.txt' не найден во втором архиве
2025-04-14 23:44:45,991 - Ошибка в файле path/da50lkw3.txt: Файл 'recursive_challengeqxjzaes224lkeyh6gwzv6zt9dom3olfi60kknxn7lcgu3qdep5synb2y.txt' не найден во втором архиве
2025-04-14 23:44:46,102 - Ошибка в файле path/e9zszpy9.txt: Файл 'recursive_challengeqxjzaes2plr4e33ghjsrdtozmeggcmay07l1qnkasd5syuy5.txt' не найден во втором архиве
2025-04-14 23:44:46,169 - Ошибка в файле path/f5e644v0.txt: Файл 'recursive_challengeqxjzaes224lkeyh687pgggz7sqic6n8zi6ifx3bfqpvbvwdlyqayl2yo.txt' не найден во втором архиве
2025-04-14 23:44:46,860 - Ошибка в файле path/b7g8dqla.txt: Файл 'recursive_challengeqxjzaes224lkeyh687pgggz7sqic6n8zi6ifx3bflbc8lcwm136jycgw.txt' не найден во втором архиве
2025-04-14 23:44:46,867 - Ошибка в файле path/9yes0e9u.txt: Файл 'recursive_challengeqxjzaes224lkeyh6l8k5q6fsgeajve4dpzpvo72tffllz7t1ipiqy3e8.txt' не найден во втором архиве
2025-04-14 23:44:46,976 - Ошибка в файле path/gdvuj6mq.txt: Файл 'recursive_challengeqxjzaes224lkeyh687pgggz7lvv4zock300enzqkgda97i63thkf39yi.txt' не найден во втором архиве
2025-04-14 23:44:46,979 - Ошибка в файле path/cbiir5d5.txt: Файл 'recursive_challengeqxjzaes224lkeyh6l8k5q6fsvjyr87091nrbxwyic6b7n22lais1rtuf.txt' не найден во втором архиве
2025-04-14 23:44:47,046 - Ошибка в файле path/hke0f4t9.txt: Файл 'recursive_challengeqxjzaes2plr4e33ghjsrdtozmeggcmay5u5561c0ujge7gv4feueqmjy.txt' не найден во втором архиве
2025-04-14 23:44:47,061 - Ошибка в файле path/daw9jpa7.txt: Файл 'recursive_challengeqxjzaes224lkeyh687pgggz7lvv4zock300enzqklr5rstjdgt2jh5q5.txt' не найден во втором архиве
2025-04-14 23:44:47,178 - Ошибка в файле path/ebio691p.txt: Файл 'recursive_challengeqxjzaes224lkeyh6l8k5q6fsvjyr8709305jkkippep9dfhjty996mc7.txt' не найден во втором архиве
2025-04-14 23:44:47,247 - Ошибка в файле path/f73j4xnr.txt: Файл 'recursive_challengeqxjzaes224lkeyh687pgggz7tgml8zq2tmb9as05ag3gn973pk455sym.txt' не найден во втором архиве
2025-04-14 23:44:47,959 - Ошибка в файле path/b8fgmx1q.txt: Файл 'recursive_challengeqxjzaes224lkeyh687pgggz7lvv4zockzoc6meh4i1e8pomors42m8fr.txt' не найден во втором архиве
2025-04-14 23:44:47,976 - Ошибка в файле path/9ykstt5z.txt: Файл 'recursive_challengeqxjzaes224lkeyh6gwzv6zt9l9oo8gy9o3uwpb77ac9yhrd29b29h6x3.txt' не найден во втором архиве
2025-04-14 23:44:48,092 - Ошибка в файле path/gfz35ju9.txt: Файл 'recursive_challengeqxjzaes2plr4e33gjdxi8nzom06ur6e4x68byxltuqk973c9npbyhyzn.txt' не найден во втором архиве
2025-04-14 23:44:48,105 - Ошибка в файле path/cboxua7r.txt: Файл 'recursive_challengeqxjzaes2plr4e33gjdxi8nzom06ur6e4d60rrvq1kwadg12e.txt' не найден во втором архиве
2025-04-14 23:44:48,140 - Ошибка в файле path/hn7eag4b.txt: Файл 'recursive_challengeqxjzaes224lkeyh687pgggz7lvv4zock9welz67wofpj06r732ffgep8.txt' не найден во втором архиве
2025-04-14 23:44:48,171 - Ошибка в файле path/dca6tsh1.txt: Файл 'recursive_challengeqxjzaes224lkeyh6l8k5q6fsvjyr8709llc8lc44htj82gu5ex7jtaql.txt' не найден во втором архиве
2025-04-14 23:44:48,272 - Ошибка в файле path/ebzlgr8p.txt: Файл 'recursive_challengeqxjzaes2plr4e33ghjsrdtoze9td5mfqkd47aye4phcv5msd1cnrswyi.txt' не найден во втором архиве
2025-04-14 23:44:48,351 - Ошибка в файле path/f8268gwd.txt: Файл 'recursive_challengeqxjzaes224lkeyh6l8k5q6fs2ds7mvnroq46gospao48tf52nhpz13zf.txt' не найден во втором архиве
2025-04-14 23:44:49,069 - Ошибка в файле path/a0gcx77r.txt: Файл 'recursive_challengeqxjzaes224lkeyh687pgggz7sqic6n8zi6ifx3bfr5pjbrff86pwab2s.txt' не найден во втором архиве
2025-04-14 23:44:49,086 - Ошибка в файле path/bai2ei2w.txt: Файл 'recursive_challengeqxjzaes224lkeyh6l8k5q6fs2ds7mvnroq46gosp7880vpfvh5cnvj62.txt' не найден во втором архиве
2025-04-14 23:44:49,225 - Ошибка в файле path/cc291mdf.txt: Файл 'recursive_challengeqxjzaes2plr4e33ghjsrdtozmeggcmay5u5561c0lf370xre.txt' не найден во втором архиве
2025-04-14 23:44:49,231 - Ошибка в файле path/ghf4lsh7.txt: Файл 'recursive_challengeqxjzaes2plr4e33ghjsrdtoze9td5mfqkd47aye4u8c7w556m2gz6l0w.txt' не найден во втором архиве
2025-04-14 23:44:49,257 - Ошибка в файле path/hogdfnw6.txt: Файл 'recursive_challengeqxjzaes224lkeyh687pgggz7sqic6n8zbueat201zfz33ucp3ak1ebbi.txt' не найден во втором архиве
2025-04-14 23:44:49,299 - Ошибка в файле path/dd64aqlf.txt: Файл 'recursive_challengeqxjzaes2plr4e33ghjsrdtoze9td5mfqkd47aye4tmao6h8fwl183hif.txt' не найден во втором архиве
2025-04-14 23:44:49,380 - Ошибка в файле path/ec1wp8fd.txt: Файл 'recursive_challengeqxjzaes224lkeyh6l8k5q6fsgeajve4dcjnq7zsvcqa8qv2s.txt' не найден во втором архиве
2025-04-14 23:44:49,470 - Ошибка в файле path/f9jstmmb.txt: Файл 'recursive_challengeqxjzaes2plr4e33ghjsrdtoze9td5mfqkd47aye4ofz9e66mw9653ccg.txt' не найден во втором архиве
2025-04-14 23:44:50,227 - Ошибка в файле path/bcv07nvr.txt: Файл 'recursive_challengeqxjzaes2plr4e33gjdxi8nzom06ur6e4x68byxlt31vtmy7z9aecp613.txt' не найден во втором архиве
2025-04-14 23:44:50,227 - Ошибка в файле path/a0xm9zc5.txt: Файл 'recursive_challengeqxjzaes2plr4e33ghjsrdtozmeggcmayhgjfyvnmfoqtcwr5.txt' не найден во втором архиве
2025-04-14 23:44:50,381 - Ошибка в файле path/ccdf0t8m.txt: Файл 'recursive_challengeqxjzaes224lkeyh6l8k5q6fs2ds7mvnroq46gospm0tfca24nsmut24k.txt' не найден во втором архиве
2025-04-14 23:44:50,395 - Ошибка в файле path/hpezzoqi.txt: Файл 'recursive_challengeqxjzaes224lkeyh6l8k5q6fsgeajve4dr6kqsjks.txt' не найден во втором архиве
2025-04-14 23:44:50,408 - Ошибка в файле path/gif6zm20.txt: Файл 'recursive_challengeqxjzaes2plr4e33ghjsrdtoze9td5mfqtim6qmlxazlju0w2dtikuki8.txt' не найден во втором архиве
2025-04-14 23:44:50,432 - Ошибка в файле path/df6o2ip1.txt: Файл 'recursive_challengeqxjzaes224lkeyh687pgggz7lvv4zockzoc6meh4i1e8pomosh71hfgy.txt' не найден во втором архиве
2025-04-14 23:44:50,599 - Ошибка в файле path/ecflabp1.txt: Файл 'recursive_challengeqxjzaes224lkeyh6l8k5q6fs2ds7mvnroq46gosp1c006h7s0jsbc9bl.txt' не найден во втором архиве
2025-04-14 23:44:50,692 - Ошибка в файле path/f9loemy8.txt: Файл 'recursive_challengeqxjzaes2plr4e33ghjsrdtozmeggcmay0sl0lsp9tac9i2so76b734yp.txt' не найден во втором архиве
2025-04-14 23:44:51,376 - Ошибка в файле path/a1t2d6n5.txt: Файл 'recursive_challengeqxjzaes224lkeyh6l8k5q6fsvjyr8709pxt1wv6o18jk1fixv09ku2du.txt' не найден во втором архиве
2025-04-14 23:44:51,430 - Ошибка в файле path/belaewkl.txt: Файл 'recursive_challengeqxjzaes2plr4e33ghjsrdtoze9td5mfqdhpr5fbapz20vikpepa5is7y.txt' не найден во втором архиве
2025-04-14 23:44:51,528 - Ошибка в файле path/cfeeukd5.txt: Файл 'recursive_challengeqxjzaes224lkeyh6l8k5q6fsvjyr8709305jkkippep9dfhjugyk5586.txt' не найден во втором архиве
2025-04-14 23:44:51,621 - Ошибка в файле path/gj54no3v.txt: Файл 'recursive_challengeqxjzaes224lkeyh6l8k5q6fs2ds7mvnroq46gosphjw10xiztcie3ipp.txt' не найден во втором архиве
2025-04-14 23:44:51,624 - Ошибка в файле path/hpnhk12n.txt: Файл 'recursive_challengeqxjzaes224lkeyh6l8k5q6fsvjyr870911ahet30gwbmgga2.txt' не найден во втором архиве
2025-04-14 23:44:51,653 - Ошибка в файле path/dhuxzndz.txt: Файл 'recursive_challengeqxjzaes2plr4e33ghjsrdtozmeggcmayhgjfyvnm11per8faza9l7b7g.txt' не найден во втором архиве
2025-04-14 23:44:51,753 - Ошибка в файле path/ee7aox4p.txt: Файл 'recursive_challengeqxjzaes2plr4e33ghjsrdtoze9td5mfqdhpr5fbapz20vikp9m11ctyl.txt' не найден во втором архиве
2025-04-14 23:44:51,829 - Ошибка в файле path/faxd67fs.txt: Файл 'recursive_challengeqxjzaes224lkeyh6l8k5q6fsvjyr8709pxt1wv6ol6ux5fy69wfg4rvr.txt' не найден во втором архиве
2025-04-14 23:44:52,578 - Ошибка в файле path/a58mf51v.txt: Файл 'recursive_challengeqxjzaes224lkeyh687pgggz7sqic6n8zbueat201554s9k8o.txt' не найден во втором архиве
2025-04-14 23:44:52,592 - Ошибка в файле path/belakrlq.txt: Файл 'recursive_challengeqxjzaes2plr4e33ghjsrdtozmeggcmayg5qb5r57sjd3aodg7umu88id.txt' не найден во втором архиве
2025-04-14 23:44:52,696 - Ошибка в файле path/cg3ahccw.txt: Файл 'recursive_challengeqxjzaes224lkeyh687pgggz7tgml8zq2tmb9as05ag3gn973oijghmiy.txt' не найден во втором архиве
2025-04-14 23:44:52,805 - Ошибка в файле path/ht6mrpdf.txt: Файл 'recursive_challengeqxjzaes2plr4e33ghjsrdtoze9td5mfqkd47aye4croov64qykaj8883.txt' не найден во втором архиве
2025-04-14 23:44:52,869 - Ошибка в файле path/gj8ik1gm.txt: Файл 'recursive_challengeqxjzaes224lkeyh6gwzv6zt9dom3olfin3d27s3iao3z47j7tdjcufhu.txt' не найден во втором архиве
2025-04-14 23:44:52,877 - Ошибка в файле path/di5rwqo9.txt: Файл 'recursive_challengeqxjzaes224lkeyh687pgggz7sqic6n8zbueat201908pt7ksskkt2o70.txt' не найден во втором архиве
2025-04-14 23:44:52,954 - Ошибка в файле path/eghafklo.txt: Файл 'recursive_challengeqxjzaes224lkeyh687pgggz7tgml8zq2gz00xrev.txt' не найден во втором архиве
2025-04-14 23:44:53,052 - Ошибка в файле path/fbwzxj0c.txt: Файл 'recursive_challengeqxjzaes2plr4e33ghjsrdtoze9td5mfqkd47aye41roi36s4um9i4k13.txt' не найден во втором архиве
2025-04-14 23:44:53,867 - Ошибка в файле path/a59p60cv.txt: Файл 'recursive_challengeqxjzaes224lkeyh6l8k5q6fs2ds7mvnr2jf743w377rshnsz.txt' не найден во втором архиве
2025-04-14 23:44:53,975 - Ошибка в файле path/bfd5z3fj.txt: Файл 'recursive_challengeqxjzaes2plr4e33ghjsrdtozmeggcmayhgjfyvnmzb6eb6pi7m4kdbq8.txt' не найден во втором архиве
2025-04-14 23:44:54,054 - Ошибка в файле path/cguprf2o.txt: Файл 'recursive_challengeqxjzaes2plr4e33gjdxi8nzom06ur6e4d60rrvq1ajso0kfrtqlabkmr.txt' не найден во втором архиве
2025-04-14 23:44:54,127 - Ошибка в файле path/hvbnk8da.txt: Файл 'recursive_challengeqxjzaes224lkeyh6l8k5q6fsvjyr8709305jkkip9ps238mdl9xa92c7.txt' не найден во втором архиве
2025-04-14 23:44:54,181 - Ошибка в файле path/ei0rl1zy.txt: Файл 'recursive_challengeqxjzaes224lkeyh6l8k5q6fsvjyr8709pxt1wv6otn6c8j5m.txt' не найден во втором архиве
2025-04-14 23:44:54,211 - Ошибка в файле path/dk8ebdy4.txt: Файл 'recursive_challengeqxjzaes2plr4e33ghjsrdtozmeggcmay5u5561c09u4wix3n5qzpj9ox.txt' не найден во втором архиве
2025-04-14 23:44:54,215 - Ошибка в файле path/gkev4j1d.txt: Файл 'recursive_challengeqxjzaes224lkeyh687pgggz7lvv4zock300enzqkgbnr9np9s3bkp69m.txt' не найден во втором архиве
2025-04-14 23:44:54,272 - Ошибка в файле path/fcjihrfb.txt: Файл 'recursive_challengeqxjzaes224lkeyh687pgggz7sqic6n8zbueat201zfz33ucpsry8xszl.txt' не найден во втором архиве
2025-04-14 23:44:54,993 - Ошибка в файле path/a5benfxv.txt: Файл 'recursive_challengeqxjzaes224lkeyh6l8k5q6fsvjyr870911ahet30nwis7peg.txt' не найден во втором архиве
2025-04-14 23:44:55,113 - Ошибка в файле path/bib6jl73.txt: Файл 'recursive_challengeqxjzaes224lkeyh687pgggz7lvv4zockbbrngl3wqill8hmy.txt' не найден во втором архиве
2025-04-14 23:44:55,174 - Ошибка в файле path/cjb0a9pa.txt: Файл 'recursive_challengeqxjzaes224lkeyh687pgggz7lvv4zock0ocmmcvuxosfod8e3dixev0z.txt' не найден во втором архиве
2025-04-14 23:44:55,298 - Ошибка в файле path/hwioaas8.txt: Файл 'recursive_challengeqxjzaes224lkeyh6l8k5q6fsvjyr8709305jkkipbc4z0bxzjuekwxu2.txt' не найден во втором архиве
2025-04-14 23:44:55,304 - Ошибка в файле path/ei3fac0a.txt: Файл 'recursive_challengeqxjzaes224lkeyh6gwzv6zt9dom3olfic787qynuyur71wwr.txt' не найден во втором архиве
2025-04-14 23:44:55,350 - Ошибка в файле path/dl2sjkhm.txt: Файл 'recursive_challengeqxjzaes224lkeyh6l8k5q6fsvjyr870911ahet30gis2jflo.txt' не найден во втором архиве
2025-04-14 23:44:55,376 - Ошибка в файле path/fdumrz95.txt: Файл 'recursive_challengeqxjzaes224lkeyh6l8k5q6fs2ds7mvnroq46gospm0tfca24iyez694v.txt' не найден во втором архиве
2025-04-14 23:44:55,402 - Ошибка в файле path/gmpq7z8r.txt: Файл 'recursive_challengeqxjzaes224lkeyh6l8k5q6fsvjyr87091nrbxwyi3krkf78zwfwyj25h.txt' не найден во втором архиве
2025-04-14 23:44:56,271 - Ошибка в файле path/a6v345w1.txt: Файл 'recursive_challengeqxjzaes224lkeyh687pgggz7lvv4zock300enzqkgda97i63kcnrojmc.txt' не найден во втором архиве
2025-04-14 23:44:56,301 - Ошибка в файле path/blrj2ni8.txt: Файл 'recursive_challengeqxjzaes224lkeyh6l8k5q6fsvjyr870999575oupidkc4gqob2e2u35k.txt' не найден во втором архиве
2025-04-14 23:44:56,352 - Ошибка в файле path/clbqa71x.txt: Файл 'recursive_challengeqxjzaes224lkeyh687pgggz7lvv4zock300enzqktggz4m2j.txt' не найден во втором архиве
2025-04-14 23:44:56,527 - Ошибка в файле path/fg594pe5.txt: Файл 'recursive_challengeqxjzaes224lkeyh6l8k5q6fsvjyr8709xut7l6x08nh15a9zpejzl7qw.txt' не найден во втором архиве
2025-04-14 23:44:56,530 - Ошибка в файле path/hx5vzpsr.txt: Файл 'recursive_challengeqxjzaes224lkeyh6l8k5q6fs2ds7mvnr2jf743w3pyb7rxbbpuaggw1y.txt' не найден во втором архиве
2025-04-14 23:44:56,625 - Ошибка в файле path/eig7l11i.txt: Файл 'recursive_challengeqxjzaes2plr4e33gjdxi8nzom06ur6e4x68byxltel49eq5yl2dz1ix4.txt' не найден во втором архиве
2025-04-14 23:44:56,636 - Ошибка в файле path/dp4hkj2w.txt: Файл 'recursive_challengeqxjzaes2plr4e33ghjsrdtoze9td5mfqtim6qmlxhcjlkqf6hx3pyiy7.txt' не найден во втором архиве
2025-04-14 23:44:56,716 - Ошибка в файле path/gp0yeze6.txt: Файл 'recursive_challengeqxjzaes224lkeyh6l8k5q6fsvjyr8709pxt1wv6ol6ux5fy6o4rnr0ls.txt' не найден во втором архиве
2025-04-14 23:44:57,431 - Ошибка в файле path/a7tfoigf.txt: Файл 'recursive_challengeqxjzaes224lkeyh687pgggz7lvv4zock300enzqktypdmx35qxvw8h99.txt' не найден во втором архиве
2025-04-14 23:44:57,488 - Ошибка в файле path/bm5gxuzu.txt: Файл 'recursive_challengeqxjzaes2plr4e33ghjsrdtoze9td5mfqkd47aye4ofz9e66mm5debbqt.txt' не найден во втором архиве
2025-04-14 23:44:57,517 - Ошибка в файле path/cnv3z1ko.txt: Файл 'recursive_challengeqxjzaes224lkeyh6l8k5q6fsvjyr8709llc8lc446vxwrenoz4850alh.txt' не найден во втором архиве
2025-04-14 23:44:57,656 - Ошибка в файле path/fgi2bsqf.txt: Файл 'recursive_challengeqxjzaes224lkeyh687pgggz7lvv4zockzoc6meh4y5bkpso3hh65h5jg.txt' не найден во втором архиве
2025-04-14 23:44:57,762 - Ошибка в файле path/i0dwg91o.txt: Файл 'recursive_challengeqxjzaes2plr4e33gjdxi8nzom06ur6e4d60rrvq1py9ow1hw.txt' не найден во втором архиве
2025-04-14 23:44:57,814 - Ошибка в файле path/eivc1l0f.txt: Файл 'recursive_challengeqxjzaes224lkeyh6gwzv6zt9dom3olfic787qynu09er02c4zy9tixsd.txt' не найден во втором архиве
2025-04-14 23:44:57,835 - Ошибка в файле path/dqby9x6j.txt: Файл 'recursive_challengeqxjzaes2plr4e33ghjsrdtozmeggcmay5u5561c0ujge7gv4fhiqqbkt.txt' не найден во втором архиве
2025-04-14 23:44:57,887 - Ошибка в файле path/gq3hp334.txt: Файл 'recursive_challengeqxjzaes2plr4e33gjdxi8nzom06ur6e4x68byxlt4s6mtaspx7xtqh31.txt' не найден во втором архиве
2025-04-14 23:44:58,648 - Ошибка в файле path/a83ya1uv.txt: Файл 'recursive_challengeqxjzaes224lkeyh6l8k5q6fsvjyr8709305jkkipbc4z0bxzgk9a9aat.txt' не найден во втором архиве
2025-04-14 23:44:58,791 - Ошибка в файле path/bmemgxar.txt: Файл 'recursive_challengeqxjzaes224lkeyh687pgggz7lvv4zock300enzqkgbnr9np9u32fz80g.txt' не найден во втором архиве
2025-04-14 23:44:58,803 - Ошибка в файле path/coadlu6j.txt: Файл 'recursive_challengeqxjzaes2plr4e33gjdxi8nzom06ur6e4x68byxltqaio6snkmbms3ikp.txt' не найден во втором архиве
2025-04-14 23:44:58,925 - Ошибка в файле path/fgzmxgvn.txt: Файл 'recursive_challengeqxjzaes224lkeyh687pgggz7lvv4zock300enzqkwizk1575.txt' не найден во втором архиве
2025-04-14 23:44:58,980 - Ошибка в файле path/i0t16fjp.txt: Файл 'recursive_challengeqxjzaes224lkeyh687pgggz7sqic6n8zbueat201zfz33ucpnclnzhyx.txt' не найден во втором архиве
2025-04-14 23:44:59,053 - Ошибка в файле path/dqqp8rjq.txt: Файл 'recursive_challengeqxjzaes2plr4e33ghjsrdtozmeggcmay5u5561c0ujge7gv4n3ceqa5g.txt' не найден во втором архиве
2025-04-14 23:44:59,096 - Ошибка в файле path/ejdlnibe.txt: Файл 'recursive_challengeqxjzaes2plr4e33ghjsrdtoze9td5mfqdhpr5fba561rlpozdn4km0o8.txt' не найден во втором архиве
2025-04-14 23:44:59,108 - Ошибка в файле path/gqr6dort.txt: Файл 'recursive_challengeqxjzaes224lkeyh6l8k5q6fs2ds7mvnroq46gosphjw10xizcaymfgt1.txt' не найден во втором архиве
2025-04-14 23:44:59,789 - Ошибка в файле path/a8jym77u.txt: Файл 'recursive_challengeqxjzaes224lkeyh6l8k5q6fsgeajve4dcjnq7zsvboemyllk546ejay1.txt' не найден во втором архиве
2025-04-14 23:44:59,925 - Ошибка в файле path/bo7s14za.txt: Файл 'recursive_challengeqxjzaes224lkeyh6l8k5q6fsvjyr8709llc8lc44scbcf97hm2yd5vu6.txt' не найден во втором архиве
2025-04-14 23:44:59,942 - Ошибка в файле path/cp2q8mv6.txt: Файл 'recursive_challengeqxjzaes2plr4e33ghjsrdtozmeggcmay5u5561c0nribkhyy8iq2ea7v.txt' не найден во втором архиве
2025-04-14 23:45:00,035 - Ошибка в файле path/fhllztqs.txt: Файл 'recursive_challengeqxjzaes2plr4e33ghjsrdtoze9td5mfqtim6qmlxazlju0w2t2utfvb0.txt' не найден во втором архиве
2025-04-14 23:45:00,181 - Ошибка в файле path/i187vupt.txt: Файл 'recursive_challengeqxjzaes224lkeyh6l8k5q6fs2ds7mvnr2jf743w3ph6tmhkan4cu7k59.txt' не найден во втором архиве
2025-04-14 23:45:00,219 - Ошибка в файле path/ejncgut0.txt: Файл 'recursive_challengeqxjzaes224lkeyh6l8k5q6fs2ds7mvnr2jf743w3ph6tmhkandyo0t4e.txt' не найден во втором архиве
2025-04-14 23:45:00,219 - Ошибка в файле path/ds2o1d6q.txt: Файл 'recursive_challengeqxjzaes2plr4e33ghjsrdtozmeggcmay5u5561c0e4i4vq69.txt' не найден во втором архиве
2025-04-14 23:45:00,312 - Ошибка в файле path/gre0sfah.txt: Файл 'recursive_challengeqxjzaes224lkeyh687pgggz7lvv4zock0ocmmcvuv3jucgcg.txt' не найден во втором архиве
2025-04-14 23:45:06,376 - Ошибка в файле path/3s8s0cjl.txt: Файл 'recursive_challengeqxjzaes224lkeyh687pgggz7lvv4zock3d6sd0o318ut741d.txt' не найден во втором архиве
2025-04-14 23:45:06,385 - Ошибка в файле path/10ahdjxk.txt: Файл 'recursive_challengeqxjzaes224lkeyh6gwzv6zt9dom3olfic787qynu09er02c4s7dbiwzy.txt' не найден во втором архиве
2025-04-14 23:45:06,410 - Ошибка в файле path/8ji2cxew.txt: Файл 'recursive_challengeqxjzaes224lkeyh687pgggz7lvv4zockzoc6meh4w5eg9l5hn9d2t3bo.txt' не найден во втором архиве
2025-04-14 23:45:06,461 - Ошибка в файле path/7ilr3mpz.txt: Файл 'recursive_challengeqxjzaes2plr4e33ghjsrdtozmeggcmayo8pqful3tcm1m37djoyvstqk.txt' не найден во втором архиве
2025-04-14 23:45:06,535 - Ошибка в файле path/2fqz906m.txt: Файл 'recursive_challengeqxjzaes224lkeyh6l8k5q6fs023dsfltgvyf2kyxa113n4wqthfumrh3.txt' не найден во втором архиве
2025-04-14 23:45:06,549 - Ошибка в файле path/4syd0k1c.txt: Файл 'recursive_challengeqxjzaes224lkeyh687pgggz7lvv4zock0ocmmcvu5lobelegr0yaafjb.txt' не найден во втором архиве
2025-04-14 23:45:06,549 - Ошибка в файле path/02aqznh1.txt: Файл 'recursive_challengeqxjzaes224lkeyh6l8k5q6fsvjyr8709llc8lc4437xeq1ayb6yjfb3g.txt' не найден во втором архиве
2025-04-14 23:45:06,560 - Ошибка в файле path/5txrzyz3.txt: Файл 'recursive_challengeqxjzaes2plr4e33ghjsrdtozmeggcmay5u5561c0nribkhyy8srgylpd.txt' не найден во втором архиве
2025-04-14 23:45:07,907 - Ошибка в файле path/10j0h5eb.txt: Файл 'recursive_challengeqxjzaes224lkeyh687pgggz7tgml8zq2qinxzrcm.txt' не найден во втором архиве
2025-04-14 23:45:07,969 - Ошибка в файле path/8jo4dqe4.txt: Файл 'recursive_challengeqxjzaes224lkeyh687pgggz7tgml8zq2tmb9as05g7s98yv5ourr8qs4.txt' не найден во втором архиве
2025-04-14 23:45:08,016 - Ошибка в файле path/7jnlnvax.txt: Файл 'recursive_challengeqxjzaes224lkeyh6l8k5q6fs2ds7mvnroq46gosphjw10xiz1rhdijda.txt' не найден во втором архиве
2025-04-14 23:45:08,018 - Ошибка в файле path/3txk0vjc.txt: Файл 'recursive_challengeqxjzaes2plr4e33ghjsrdtoze9td5mfqtim6qmlx9zkn7zv2f5ha72jw.txt' не найден во втором архиве
2025-04-14 23:45:08,150 - Ошибка в файле path/2fszf2dv.txt: Файл 'recursive_challengeqxjzaes2plr4e33ghjsrdtozmeggcmay07l1qnkazfcu3a3ioocxnfoc.txt' не найден во втором архиве
2025-04-14 23:45:08,283 - Ошибка в файле path/02axvomf.txt: Файл 'recursive_challengeqxjzaes2plr4e33ghjsrdtoze9td5mfqtim6qmlxej2g4b6cwud5lhnr.txt' не найден во втором архиве
2025-04-14 23:45:08,311 - Ошибка в файле path/4tdw2mq1.txt: Файл 'recursive_challengeqxjzaes224lkeyh6l8k5q6fsgeajve4dcjnq7zsvboemyllkcyfnil9a.txt' не найден во втором архиве
2025-04-14 23:45:08,325 - Ошибка в файле path/5u396itc.txt: Файл 'recursive_challengeqxjzaes224lkeyh687pgggz7lvv4zock0ocmmcvu92wsjwmt.txt' не найден во втором архиве
2025-04-14 23:45:09,498 - Ошибка в файле path/10kz1vut.txt: Файл 'recursive_challengeqxjzaes224lkeyh687pgggz7tgml8zq2tmb9as05ag3gn973ogznu36w.txt' не найден во втором архиве
2025-04-14 23:45:09,575 - Ошибка в файле path/8l22zini.txt: Файл 'recursive_challengeqxjzaes2plr4e33gjdxi8nzomgcrjamj.txt' не найден во втором архиве
2025-04-14 23:45:09,707 - Ошибка в файле path/7jx7hjk7.txt: Файл 'recursive_challengeqxjzaes2plr4e33ghjsrdtozmeggcmayhgjfyvnm11per8fav9ifetwl.txt' не найден во втором архиве
2025-04-14 23:45:09,721 - Ошибка в файле path/2fzqzfbn.txt: Файл 'recursive_challengeqxjzaes224lkeyh687pgggz7lvv4zockjjidtgn6qvm20bx3.txt' не найден во втором архиве
2025-04-14 23:45:09,787 - Ошибка в файле path/3ugxf1ly.txt: Файл 'recursive_challengeqxjzaes224lkeyh687pgggz7lvv4zockjjidtgn6oli4wj2f.txt' не найден во втором архиве
2025-04-14 23:45:09,927 - Ошибка в файле path/02v2hra5.txt: Файл 'recursive_challengeqxjzaes2plr4e33ghjsrdtozmeggcmayg5qb5r57leay6qeyg1ovwcnf.txt' не найден во втором архиве
2025-04-14 23:45:10,039 - Ошибка в файле path/4vhct0ig.txt: Файл 'recursive_challengeqxjzaes2plr4e33gjdxi8nzo4s0p161u.txt' не найден во втором архиве
2025-04-14 23:45:10,158 - Ошибка в файле path/5v9zxp4s.txt: Файл 'recursive_challengeqxjzaes2plr4e33ghjsrdtoze9td5mfqkd47aye4tmao6h8f5gd0ol68.txt' не найден во втором архиве
2025-04-14 23:45:10,626 - Ошибка в файле path/12l50tza.txt: Файл 'recursive_challengeqxjzaes2plr4e33ghjsrdtoze9td5mfqkd47aye4ofz9e66mk0hlv9gn.txt' не найден во втором архиве
2025-04-14 23:45:10,715 - Ошибка в файле path/8lxig7jl.txt: Файл 'recursive_challengeqxjzaes224lkeyh6gwzv6zt9dom3olfic787qynu09er02c44xd37tzv.txt' не найден во втором архиве
2025-04-14 23:45:10,867 - Ошибка в файле path/2ic5ffzs.txt: Файл 'recursive_challengeqxjzaes224lkeyh6gwzv6zt9l9oo8gy9o3uwpb77ac9yhrd240647i7v.txt' не найден во втором архиве
2025-04-14 23:45:10,908 - Ошибка в файле path/7jy0yus5.txt: Файл 'recursive_challengeqxjzaes224lkeyh6gwzv6zt9dom3olfic787qynu09er02c47kf1a9kq.txt' не найден во втором архиве
2025-04-14 23:45:10,975 - Ошибка в файле path/3v4ojb8k.txt: Файл 'recursive_challengeqxjzaes224lkeyh687pgggz7lvv4zock300enzqkvb2iv90h.txt' не найден во втором архиве
2025-04-14 23:45:11,068 - Ошибка в файле path/03tmdpm5.txt: Файл 'recursive_challengeqxjzaes2plr4e33ghjsrdtoze9td5mfqkd47aye4u8c7w556q8lp2o8o.txt' не найден во втором архиве
2025-04-14 23:45:11,203 - Ошибка в файле path/4vq02s10.txt: Файл 'recursive_challengeqxjzaes224lkeyh6l8k5q6fsgeajve4dpzpvo72tffllz7t1sjo9ndp9.txt' не найден во втором архиве
2025-04-14 23:45:11,328 - Ошибка в файле path/5xbto3km.txt: Файл 'recursive_challengeqxjzaes224lkeyh6l8k5q6fsvjyr870911ahet305di82xx592i1lpbs.txt' не найден во втором архиве
2025-04-14 23:45:11,707 - Ошибка в файле path/17s7y5yy.txt: Файл 'recursive_challengeqxjzaes224lkeyh6gwzv6zt9l9oo8gy9o3uwpb77h7013gh5.txt' не найден во втором архиве
2025-04-14 23:45:11,812 - Ошибка в файле path/8p1c32pp.txt: Файл 'recursive_challengeqxjzaes2plr4e33ghjsrdtozmeggcmayo8pqful3atcuutas.txt' не найден во втором архиве
2025-04-14 23:45:11,968 - Ошибка в файле path/2j9yuibw.txt: Файл 'recursive_challengeqxjzaes224lkeyh6l8k5q6fs2ds7mvnr2jf743w39sj8xseg6ucd0yqc.txt' не найден во втором архиве
2025-04-14 23:45:12,028 - Ошибка в файле path/7l8liz7k.txt: Файл 'recursive_challengeqxjzaes224lkeyh687pgggz7sqic6n8zi6ifx3bflbc8lcwmwdw8ybzf.txt' не найден во втором архиве
2025-04-14 23:45:12,087 - Ошибка в файле path/3w1axpbi.txt: Файл 'recursive_challengeqxjzaes224lkeyh6l8k5q6fsvjyr870999575oupidkc4gqogb90t7w1.txt' не найден во втором архиве
2025-04-14 23:45:12,165 - Ошибка в файле path/041mcr6s.txt: Файл 'recursive_challengeqxjzaes224lkeyh6l8k5q6fsgeajve4dpzpvo72tba6th1pq.txt' не найден во втором архиве
2025-04-14 23:45:12,302 - Ошибка в файле path/4x0hgrac.txt: Файл 'recursive_challengeqxjzaes224lkeyh6l8k5q6fs2ds7mvnroq46gosp26vrt9b5v1nehdtd.txt' не найден во втором архиве
2025-04-14 23:45:12,462 - Ошибка в файле path/5xzh3gtu.txt: Файл 'recursive_challengeqxjzaes2plr4e33ghjsrdtozmeggcmay5u5561c0x4igp738f473aggw.txt' не найден во втором архиве
2025-04-14 23:45:12,816 - Ошибка в файле path/186sef9k.txt: Файл 'recursive_challengeqxjzaes2plr4e33ghjsrdtoze9td5mfqdhpr5fba4yv4h9n65ansq1dk.txt' не найден во втором архиве
2025-04-14 23:45:12,906 - Ошибка в файле path/8s3by82y.txt: Файл 'recursive_challengeqxjzaes2plr4e33ghjsrdtozmeggcmay0sl0lsp9r2rsgguu.txt' не найден во втором архиве
2025-04-14 23:45:13,084 - Ошибка в файле path/2ktnzitp.txt: Файл 'recursive_challengeqxjzaes224lkeyh687pgggz7lvv4zock300enzqk5rlegj1r.txt' не найден во втором архиве
2025-04-14 23:45:13,231 - Ошибка в файле path/7m7txsi9.txt: Файл 'recursive_challengeqxjzaes224lkeyh6gwzv6zt9l9oo8gy9o3uwpb77zh13b46k.txt' не найден во втором архиве
2025-04-14 23:45:13,283 - Ошибка в файле path/04tzc325.txt: Файл 'recursive_challengeqxjzaes2plr4e33ghjsrdtoze9td5mfqdhpr5fba561rlpozgvsr6q1c.txt' не найден во втором архиве
2025-04-14 23:45:13,349 - Ошибка в файле path/3y2jxqcs.txt: Файл 'recursive_challengeqxjzaes224lkeyh6l8k5q6fsvjyr8709xut7l6x05lkdmrmbysfa6olf.txt' не найден во втором архиве
2025-04-14 23:45:13,562 - Ошибка в файле path/4xhevomj.txt: Файл 'recursive_challengeqxjzaes224lkeyh6gwzv6zt97ejvvmaw.txt' не найден во втором архиве
2025-04-14 23:45:13,735 - Ошибка в файле path/6294lwq4.txt: Файл 'recursive_challengeqxjzaes224lkeyh6l8k5q6fsvjyr8709305jkkipuds8qihwsxlhmh1m.txt' не найден во втором архиве
2025-04-14 23:45:13,947 - Ошибка в файле path/1aqht87f.txt: Файл 'recursive_challengeqxjzaes224lkeyh687pgggz7sqic6n8zi6ifx3bfmte0uqpsdjxyfme0.txt' не найден во втором архиве
2025-04-14 23:45:14,018 - Ошибка в файле path/8swx3qh2.txt: Файл 'recursive_challengeqxjzaes224lkeyh687pgggz7tgml8zq2198b4wrh.txt' не найден во втором архиве
2025-04-14 23:45:14,223 - Ошибка в файле path/2lofetpr.txt: Файл 'recursive_challengeqxjzaes224lkeyh687pgggz7tgml8zq2tmb9as0573shruuov4vy74z5.txt' не найден во втором архиве
2025-04-14 23:45:14,443 - Ошибка в файле path/04ywsrdc.txt: Файл 'recursive_challengeqxjzaes2plr4e33ghjsrdtozmeggcmay5u5561c0wkf59xlg.txt' не найден во втором архиве
2025-04-14 23:45:14,754 - Ошибка в файле path/7m7y9lmf.txt: Файл 'recursive_challengeqxjzaes224lkeyh6gwzv6zt9dom3olfin3d27s3iw9iwd0l1.txt' не найден во втором архиве
2025-04-14 23:45:14,804 - Ошибка в файле path/3yzjjp5o.txt: Файл 'recursive_challengeqxjzaes224lkeyh687pgggz7sqic6n8zi6ifx3bfr5pjbrff64vkmo3d.txt' не найден во втором архиве
2025-04-14 23:45:15,153 - Ошибка в файле path/4y0xqhpa.txt: Файл 'recursive_challengeqxjzaes2plr4e33ghjsrdtoze9td5mfq4q33a5qnebpp9p7c.txt' не найден во втором архиве
2025-04-14 23:45:15,205 - Ошибка в файле path/1d850flx.txt: Файл 'recursive_challengeqxjzaes224lkeyh6l8k5q6fs2ds7mvnr2jf743w3pyb7rxbbujla692w.txt' не найден во втором архиве
2025-04-14 23:45:15,409 - Ошибка в файле path/8vcrryur.txt: Файл 'recursive_challengeqxjzaes224lkeyh6l8k5q6fsgeajve4dpzpvo72t1se4ivlv.txt' не найден во втором архиве
2025-04-14 23:45:15,559 - Ошибка в файле path/66q1mfw2.txt: Файл 'recursive_challengeqxjzaes224lkeyh687pgggz7tgml8zq2tmb9as0573shruuo7zhjknn5.txt' не найден во втором архиве
2025-04-14 23:45:15,596 - Ошибка в файле path/2lvlxyq4.txt: Файл 'recursive_challengeqxjzaes2plr4e33gjdxi8nzom06ur6e4y5zvcy1n.txt' не найден во втором архиве
2025-04-14 23:45:15,849 - Ошибка в файле path/064pxp08.txt: Файл 'recursive_challengeqxjzaes2plr4e33ghjsrdtoze9td5mfqkd47aye4ofz9e66mzcihobjm.txt' не найден во втором архиве
2025-04-14 23:45:16,576 - Ошибка в файле path/1deqvq40.txt: Файл 'recursive_challengeqxjzaes224lkeyh687pgggz7sqic6n8zbueat201tvk0ce30uxpxkoin.txt' не найден во втором архиве
2025-04-14 23:45:16,607 - Ошибка в файле path/4013mpz6.txt: Файл 'recursive_challengeqxjzaes224lkeyh6l8k5q6fsvjyr8709llc8lc4476ffr7bhlztokqik.txt' не найден во втором архиве
2025-04-14 23:45:16,650 - Ошибка в файле path/7mfghvtg.txt: Файл 'recursive_challengeqxjzaes224lkeyh6l8k5q6fsgeajve4dpzpvo72twso8d8lv9kuierhg.txt' не найден во втором архиве
2025-04-14 23:45:16,749 - Ошибка в файле path/8vo44cue.txt: Файл 'recursive_challengeqxjzaes224lkeyh687pgggz7tgml8zq2tmb9as05zsz2edj9wwc9pr9e.txt' не найден во втором архиве
2025-04-14 23:45:16,825 - Ошибка в файле path/4ys4m6cp.txt: Файл 'recursive_challengeqxjzaes224lkeyh6gwzv6zt9dom3olfic787qynu09er02c4tuzsv38d.txt' не найден во втором архиве
2025-04-14 23:45:16,918 - Ошибка в файле path/2nhb914l.txt: Файл 'recursive_challengeqxjzaes224lkeyh687pgggz7sqic6n8zbueat201zfz33ucpbsz74ea1.txt' не найден во втором архиве
2025-04-14 23:45:17,158 - Ошибка в файле path/67h4xzvg.txt: Файл 'recursive_challengeqxjzaes224lkeyh6l8k5q6fsvjyr8709llc8lc44uk2dpoe8.txt' не найден во втором архиве
2025-04-14 23:45:17,173 - Ошибка в файле path/08px9wee.txt: Файл 'recursive_challengeqxjzaes224lkeyh6gwzv6zt9l9oo8gy9iqbacf9p.txt' не найден во втором архиве
2025-04-14 23:45:17,880 - Ошибка в файле path/1dfhclsc.txt: Файл 'recursive_challengeqxjzaes2plr4e33ghjsrdtozmeggcmayhgjfyvnmzb6eb6pi0ufee0ar.txt' не найден во втором архиве
2025-04-14 23:45:18,072 - Ошибка в файле path/8wd1pqby.txt: Файл 'recursive_challengeqxjzaes2plr4e33ghjsrdtozmeggcmayhgjfyvnm11per8faw0uhyev0.txt' не найден во втором архиве
2025-04-14 23:45:18,090 - Ошибка в файле path/43hkr0um.txt: Файл 'recursive_challengeqxjzaes224lkeyh6l8k5q6fs2ds7mvnr2jf743w32gyyzaul.txt' не найден во втором архиве
2025-04-14 23:45:18,168 - Ошибка в файле path/4z18krh7.txt: Файл 'recursive_challengeqxjzaes2plr4e33ghjsrdtozmeggcmay07l1qnkax9nfed9q.txt' не найден во втором архиве
2025-04-14 23:45:18,226 - Ошибка в файле path/7o16f7kb.txt: Файл 'recursive_challengeqxjzaes224lkeyh687pgggz7sqic6n8zi6ifx3bff6wzbfoegp5womsw.txt' не найден во втором архиве
2025-04-14 23:45:18,230 - Ошибка в файле path/2pgrn4o2.txt: Файл 'recursive_challengeqxjzaes224lkeyh687pgggz7sqic6n8zi6ifx3bfmte0uqpsccb1iqae.txt' не найден во втором архиве
2025-04-14 23:45:18,863 - Ошибка в файле path/0a6kcbll.txt: Файл 'recursive_challengeqxjzaes224lkeyh687pgggz7tgml8zq2tmb9as05ag3gn973bceda7jl.txt' не найден во втором архиве
2025-04-14 23:45:18,884 - Ошибка в файле path/67txeeo5.txt: Файл 'recursive_challengeqxjzaes224lkeyh6l8k5q6fsvjyr8709pxt1wv6ol6ux5fy6z8klqhbg.txt' не найден во втором архиве
2025-04-14 23:45:19,202 - Ошибка в файле path/1dk4yh1c.txt: Файл 'recursive_challengeqxjzaes2plr4e33ghjsrdtozmeggcmay5u5561c09u4wix3nk7rw3w2j.txt' не найден во втором архиве
2025-04-14 23:45:19,539 - Ошибка в файле path/4zb0uwq2.txt: Файл 'recursive_challengeqxjzaes2plr4e33ghjsrdtozmeggcmayhgjfyvnmkgyw9a22.txt' не найден во втором архиве
2025-04-14 23:45:19,564 - Ошибка в файле path/2r0kpc5s.txt: Файл 'recursive_challengeqxjzaes224lkeyh687pgggz7tgml8zq2tmb9as0573shruuo0rk6tm04.txt' не найден во втором архиве
2025-04-14 23:45:19,656 - Ошибка в файле path/7o97lydn.txt: Файл 'recursive_challengeqxjzaes2plr4e33ghjsrdtoz26eyugml.txt' не найден во втором архиве
2025-04-14 23:45:19,657 - Ошибка в файле path/8wkti0ap.txt: Файл 'recursive_challengeqxjzaes224lkeyh6l8k5q6fsvjyr8709305jkkippep9dfhjlod696ii.txt' не найден во втором архиве
2025-04-14 23:45:19,899 - Ошибка в файле path/43ygb71n.txt: Файл 'recursive_challengeqxjzaes224lkeyh6l8k5q6fsvjyr8709305jkkip9ps238mdx9brmxpm.txt' не найден во втором архиве
2025-04-14 23:45:20,545 - Ошибка в файле path/0a7gd172.txt: Файл 'recursive_challengeqxjzaes2plr4e33ghjsrdtozmeggcmay0sl0lsp9tac9i2so04cxobjm.txt' не найден во втором архиве
2025-04-14 23:45:20,567 - Ошибка в файле path/1f9u7zob.txt: Файл 'recursive_challengeqxjzaes2plr4e33ghjsrdtoze9td5mfqkd47aye4u8c7w556fymkbehn.txt' не найден во втором архиве
2025-04-14 23:45:20,616 - Ошибка в файле path/68f9m07b.txt: Файл 'recursive_challengeqxjzaes224lkeyh687pgggz7lvv4zock0ocmmcvu1cqfpksa.txt' не найден во втором архиве
2025-04-14 23:45:20,899 - Ошибка в файле path/5051hmxi.txt: Файл 'recursive_challengeqxjzaes224lkeyh687pgggz7tgml8zq2tmb9as05f3apwtnpolt3v9al.txt' не найден во втором архиве
2025-04-14 23:45:20,921 - Ошибка в файле path/2rkkp8yt.txt: Файл 'recursive_challengeqxjzaes2plr4e33ghjsrdtoze9td5mfqdhpr5fbapswp8g15.txt' не найден во втором архиве
2025-04-14 23:45:21,000 - Ошибка в файле path/7sm5wwb9.txt: Файл 'recursive_challengeqxjzaes224lkeyh6l8k5q6fsvjyr870999575oupidkc4gqoypzmavy5.txt' не найден во втором архиве
2025-04-14 23:45:21,198 - Ошибка в файле path/8ysoj0ox.txt: Файл 'recursive_challengeqxjzaes2plr4e33gjdxi8nzom06ur6e4x68byxltqaio6snkg0qb215e.txt' не найден во втором архиве
2025-04-14 23:45:22,579 - Ошибка в файле path/440ps3za.txt: Файл 'recursive_challengeqxjzaes224lkeyh687pgggz7lvv4zock9welz67wofpj06r7yjexes6q.txt' не найден во втором архиве
2025-04-14 23:45:22,713 - Ошибка в файле path/2rpo45g4.txt: Файл 'recursive_challengeqxjzaes224lkeyh6l8k5q6fs2ds7mvnroq46gosp39ektq4uvutpaknb.txt' не найден во втором архиве
2025-04-14 23:45:22,724 - Ошибка в файле path/531x97ty.txt: Файл 'recursive_challengeqxjzaes224lkeyh687pgggz7lvv4zock300enzqk373a8asnxxplwamy.txt' не найден во втором архиве
2025-04-14 23:45:22,950 - Ошибка в файле path/7z9yi4uz.txt: Файл 'recursive_challengeqxjzaes224lkeyh6l8k5q6fsgeajve4dpzpvo72th582z6whyfqa3e3u.txt' не найден во втором архиве
2025-04-14 23:45:23,220 - Ошибка в файле path/0aq3prf7.txt: Файл 'recursive_challengeqxjzaes224lkeyh6l8k5q6fsvjyr870911ahet302801fifin1qx8hfu.txt' не найден во втором архиве
2025-04-14 23:45:23,371 - Ошибка в файле path/1l3lan7d.txt: Файл 'recursive_challengeqxjzaes2plr4e33gjdxi8nzorjk9tg98.txt' не найден во втором архиве
2025-04-14 23:45:23,403 - Ошибка в файле path/8z908e5i.txt: Файл 'recursive_challengeqxjzaes224lkeyh6l8k5q6fsvjyr8709wvsen4t2.txt' не найден во втором архиве
2025-04-14 23:45:24,030 - Ошибка в файле path/6bya4d33.txt: Файл 'recursive_challengeqxjzaes224lkeyh6gwzv6zt9dom3olfi60kknxn79hwvtqw46coqqsvc.txt' не найден во втором архиве
2025-04-14 23:45:24,609 - Ошибка в файле path/2t0qd5e8.txt: Файл 'recursive_challengeqxjzaes224lkeyh6l8k5q6fs2ds7mvnr2jf743w39sj8xsegz22l4qk4.txt' не найден во втором архиве
2025-04-14 23:45:24,663 - Ошибка в файле path/537aqirm.txt: Файл 'recursive_challengeqxjzaes224lkeyh6l8k5q6fs2ds7mvnr2jf743w3iqqqb4gt62kz9sxu.txt' не найден во втором архиве
2025-04-14 23:45:24,673 - Ошибка в файле path/7zk5n8ep.txt: Файл 'recursive_challengeqxjzaes224lkeyh687pgggz7tgml8zq2tmb9as05x82k3ao8ehcrafk2.txt' не найден во втором архиве
2025-04-14 23:45:25,073 - Ошибка в файле path/1ltknvva.txt: Файл 'recursive_challengeqxjzaes224lkeyh687pgggz7tgml8zq2tmb9as0573shruuoga55yas6.txt' не найден во втором архиве
2025-04-14 23:45:25,370 - Ошибка в файле path/46r7vk8l.txt: Файл 'recursive_challengeqxjzaes2plr4e33ghjsrdtoze9td5mfqxk9zyis4mvi74o752c5gz1bs.txt' не найден во втором архиве
2025-04-14 23:45:25,530 - Ошибка в файле path/90nzfcge.txt: Файл 'recursive_challengeqxjzaes224lkeyh6l8k5q6fs2ds7mvnroq46gospao48tf52yvwsk5si.txt' не найден во втором архиве
2025-04-14 23:45:25,558 - Ошибка в файле path/0c4wadz9.txt: Файл 'recursive_challengeqxjzaes224lkeyh6l8k5q6fsvjyr870999575oupo2beeyua.txt' не найден во втором архиве
2025-04-14 23:45:26,073 - Ошибка в файле path/6dg8vk82.txt: Файл 'recursive_challengeqxjzaes224lkeyh6l8k5q6fs2ds7mvnr2jf743w3iqqqb4gtmwsqy9lk.txt' не найден во втором архиве
2025-04-14 23:45:26,199 - Ошибка в файле path/2yb5zlim.txt: Файл 'recursive_challengeqxjzaes224lkeyh6l8k5q6fsvjyr8709xut7l6x05lkdmrmb35jng5p2.txt' не найден во втором архиве
2025-04-14 23:45:26,247 - Ошибка в файле path/817gq5st.txt: Файл 'recursive_challengeqxjzaes224lkeyh6l8k5q6fs2ds7mvnroq46gosphjw10xizvghrtq0q.txt' не найден во втором архиве
2025-04-14 23:45:26,549 - Ошибка в файле path/54bc1af3.txt: Файл 'recursive_challengeqxjzaes224lkeyh6l8k5q6fsvjyr87091nrbxwyic6b7n22lil7m2ja4.txt' не найден во втором архиве
2025-04-14 23:45:26,650 - Ошибка в файле path/1qrkq7pj.txt: Файл 'recursive_challengeqxjzaes224lkeyh6l8k5q6fsvjyr8709305jkkipbc4z0bxza7ridrcz.txt' не найден во втором архиве
2025-04-14 23:45:27,139 - Ошибка в файле path/9113eec2.txt: Файл 'recursive_challengeqxjzaes2plr4e33ghjsrdtozmeggcmay0sl0lsp9z0sbx0t4.txt' не найден во втором архиве
2025-04-14 23:45:27,201 - Ошибка в файле path/47509g9y.txt: Файл 'recursive_challengeqxjzaes2plr4e33ghjsrdtozmeggcmay07l1qnkazfcu3a3iey14f1gc.txt' не найден во втором архиве
2025-04-14 23:45:27,400 - Ошибка в файле path/0cbbgkoh.txt: Файл 'recursive_challengeqxjzaes2plr4e33ghjsrdtozmeggcmayhgjfyvnm11per8fagl36cqjx.txt' не найден во втором архиве
2025-04-14 23:45:27,712 - Ошибка в файле path/302x3ogg.txt: Файл 'recursive_challengeqxjzaes224lkeyh687pgggz7lvv4zockjjidtgn6x03pkmu2.txt' не найден во втором архиве
2025-04-14 23:45:27,846 - Ошибка в файле path/81wf0ic6.txt: Файл 'recursive_challengeqxjzaes2plr4e33ghjsrdtozmeggcmayhgjfyvnmzb6eb6pis75lfnos.txt' не найден во втором архиве
2025-04-14 23:45:27,886 - Ошибка в файле path/6h9ggvo5.txt: Файл 'recursive_challengeqxjzaes224lkeyh6l8k5q6fs2ds7mvnroq46gosphjw10xizyvkjvnke.txt' не найден во втором архиве
2025-04-14 23:45:28,162 - Ошибка в файле path/1tv47aqt.txt: Файл 'recursive_challengeqxjzaes224lkeyh687pgggz7sqic6n8zbueat201908pt7ksfgl6g93z.txt' не найден во втором архиве
2025-04-14 23:45:28,497 - Ошибка в файле path/54qejewr.txt: Файл 'recursive_challengeqxjzaes224lkeyh6l8k5q6fsvjyr8709305jkkipbc4z0bxz50lql9ro.txt' не найден во втором архиве
2025-04-14 23:45:28,636 - Ошибка в файле path/9196jmqg.txt: Файл 'recursive_challengeqxjzaes2plr4e33ghjsrdtoze9td5mfqkd47aye4ofz9e66m1tip99ib.txt' не найден во втором архиве
2025-04-14 23:45:29,222 - Ошибка в файле path/4753idvw.txt: Файл 'recursive_challengeqxjzaes224lkeyh6l8k5q6fsvjyr8709llc8lc446vxwrenoiixgcam1.txt' не найден во втором архиве
2025-04-14 23:45:29,284 - Ошибка в файле path/32k456ll.txt: Файл 'recursive_challengeqxjzaes224lkeyh6l8k5q6fsgeajve4dpzpvo72tcqumx4y1xxlira6h.txt' не найден во втором архиве
2025-04-14 23:45:29,399 - Ошибка в файле path/81woiz0w.txt: Файл 'recursive_challengeqxjzaes2plr4e33ghjsrdtozmeggcmayhgjfyvnmzb6eb6pi9wn0bicb.txt' не найден во втором архиве
2025-04-14 23:45:29,440 - Ошибка в файле path/0edt16z7.txt: Файл 'recursive_challengeqxjzaes224lkeyh6l8k5q6fsvjyr870911ahet30fh61gt04.txt' не найден во втором архиве
2025-04-14 23:45:29,766 - Ошибка в файле path/1wia7ry4.txt: Файл 'recursive_challengeqxjzaes224lkeyh687pgggz7lvv4zocknx29bsl2.txt' не найден во втором архиве
2025-04-14 23:45:29,932 - Ошибка в файле path/6hs2rinl.txt: Файл 'recursive_challengeqxjzaes224lkeyh6l8k5q6fs2ds7mvnr2jf743w3ph6tmhkaciejz1vt.txt' не найден во втором архиве
2025-04-14 23:45:30,230 - Ошибка в файле path/94jpb2y8.txt: Файл 'recursive_challengeqxjzaes2plr4e33gjdxi8nzom06ur6e49wkhg95s.txt' не найден во втором архиве
2025-04-14 23:45:30,549 - Ошибка в файле path/55hmxs8y.txt: Файл 'recursive_challengeqxjzaes224lkeyh6l8k5q6fsvjyr870911ahet30yqqfwietzk5l6nba.txt' не найден во втором архиве
2025-04-14 23:45:30,769 - Ошибка в файле path/33958e5u.txt: Файл 'recursive_challengeqxjzaes224lkeyh687pgggz7sqic6n8zi6ifx3bfr5pjbrff7snf0lvn.txt' не найден во втором архиве
2025-04-14 23:45:30,862 - Ошибка в файле path/82ak7ubs.txt: Файл 'recursive_challengeqxjzaes224lkeyh687pgggz7lvv4zockzoc6meh4w5eg9l5h4ug0aqm2.txt' не найден во втором архиве
2025-04-14 23:45:31,136 - Ошибка в файле path/0few3xfj.txt: Файл 'recursive_challengeqxjzaes224lkeyh687pgggz7tgml8zq2tmb9as05ag3gn973h9g874ts.txt' не найден во втором архиве
2025-04-14 23:45:31,152 - Ошибка в файле path/1wlc6l4m.txt: Файл 'recursive_challengeqxjzaes2plr4e33ghjsrdtozmeggcmay5u5561c0q4cd16rj.txt' не найден во втором архиве
архиве
2025-04-14 23:45:31,567 - Ошибка в файле path/6i2n9b5a.txt: Файл 'recursive_challengeqxjzaes224lkeyh687pgggz7tgml8zq2tmb9as0573shruuom4m9aafj.txt' не найден во втором архиве
2025-04-14 23:45:31,668 - Ошибка в файле path/94usegl8.txt: Файл 'recursive_challengeqxjzaes224lkeyh6l8k5q6fsgeajve4dpzpvo72twso8d8lvaoy6261g.txt' не найден во втором архиве
2025-04-14 23:45:31,968 - Ошибка в файле path/55x0dhjw.txt: Файл 'recursive_challengeqxjzaes224lkeyh687pgggz7lvv4zockjjidtgn61m5hlxpvwavcm8rv.txt' не найден во втором архиве
2025-04-14 23:45:32,161 - Ошибка в файле path/34jwsbdu.txt: Файл 'recursive_challengeqxjzaes224lkeyh687pgggz7sqic6n8zi6ifx3bf1k183lsi.txt' не найден во втором архиве
2025-04-14 23:45:32,223 - Ошибка в файле path/82nz23ep.txt: Файл 'recursive_challengeqxjzaes224lkeyh6l8k5q6fs023dsfltmbupl9spyuqnrm1s.txt' не найден во втором архиве
2025-04-14 23:45:32,533 - Ошибка в файле path/4ando58q.txt: Файл 'recursive_challengeqxjzaes2plr4e33ghjsrdtozmeggcmayhgjfyvnmv8ierp5gl555lpc5.txt' не найден во втором архиве
2025-04-14 23:45:32,585 - Ошибка в файле path/0hgfmat3.txt: Файл 'recursive_challengeqxjzaes2plr4e33ghjsrdtoze9td5mfqkd47aye4hp3qg564x3tjuvac.txt' не найден во втором архиве
2025-04-14 23:45:32,610 - Ошибка в файле path/1wsx1fvf.txt: Файл 'recursive_challengeqxjzaes224lkeyh6l8k5q6fs2ds7mvnrg6hrv6k5.txt' не найден во втором архиве
2025-04-14 23:45:33,039 - Ошибка в файле path/6kpwh9v3.txt: Файл 'recursive_challengeqxjzaes2plr4e33ghjsrdtozmeggcmay0sl0lsp9tac9i2sokcgycusb.txt' не найден во втором архиве
2025-04-14 23:45:33,049 - Ошибка в файле path/951dwsad.txt: Файл 'recursive_challengeqxjzaes224lkeyh6l8k5q6fs2ds7mvnroq46gospao48tf529ruqaq39.txt' не найден во втором архиве
2025-04-14 23:45:33,311 - Ошибка в файле path/58ve81e0.txt: Файл 'recursive_challengeqxjzaes2plr4e33ghjsrdtozmeggcmay5u5561c0nribkhyyousijgrk.txt' не найден во втором архиве
2025-04-14 23:45:33,515 - Ошибка в файле path/36cov71d.txt: Файл 'recursive_challengeqxjzaes2plr4e33ghjsrdtozmeggcmay0sl0lsp988lzkjon.txt' не найден во втором архиве
2025-04-14 23:45:33,849 - Ошибка в файле path/83paz4yf.txt: Файл 'recursive_challengeqxjzaes2plr4e33ghjsrdtozmeggcmay07l1qnkafho4ivtr.txt' не найден во втором архиве
2025-04-14 23:45:33,943 - Ошибка в файле path/0je2jgz6.txt: Файл 'recursive_challengeqxjzaes224lkeyh6l8k5q6fsvjyr8709xut7l6x0zk7k0wxh.txt' не найден во втором архиве
2025-04-14 23:45:34,100 - Ошибка в файле path/1x27j2xo.txt: Файл 'recursive_challengeqxjzaes2plr4e33ghjsrdtoze9td5mfqkd47aye41roi36s4b9f8ckqa.txt' не найден во втором архиве
2025-04-14 23:45:34,151 - Ошибка в файле path/4c4922fk.txt: Файл 'recursive_challengeqxjzaes2plr4e33ghjsrdtoze9td5mfqdhpr5fba561rlpozsyyxes2m.txt' не найден во втором архиве
2025-04-14 23:45:34,359 - Ошибка в файле path/97gfjfcq.txt: Файл 'recursive_challengeqxjzaes224lkeyh6l8k5q6fs2ds7mvnr2jf743w36q90l7wu.txt' не найден во втором архиве
2025-04-14 23:45:34,605 - Ошибка в файле path/59z01icu.txt: Файл 'recursive_challengeqxjzaes2plr4e33gjdxi8nzom06ur6e4x68byxlt4s6mtaspyhjn2hio.txt' не найден во втором архиве
2025-04-14 23:45:34,703 - Ошибка в файле path/6no2p2un.txt: Файл 'recursive_challengeqxjzaes224lkeyh6l8k5q6fsvjyr870999575oupidkc4gqoju8i9vh0.txt' не найден во втором архиве
2025-04-14 23:45:34,788 - Ошибка в файле path/36wltxtt.txt: Файл 'recursive_challengeqxjzaes2plr4e33ghjsrdtozp0wzab6z.txt' не найден во втором архиве
2025-04-14 23:45:35,253 - Ошибка в файле path/0l5hggap.txt: Файл 'recursive_challengeqxjzaes2plr4e33ghjsrdtozmeggcmayg5qb5r57leay6qey5fh30llt.txt' не найден во втором архиве
2025-04-14 23:45:35,431 - Ошибка в файле path/844gzbi5.txt: Файл 'recursive_challengeqxjzaes224lkeyh6gwzv6zt9dom3olfic787qynu09er02c4muo9zfca.txt' не найден во втором архиве
2025-04-14 23:45:35,638 - Ошибка в файле path/9b9oubi5.txt: Файл 'recursive_challengeqxjzaes224lkeyh687pgggz7lvv4zock0ocmmcvu5lobeleghybo98ho.txt' не найден во втором архиве
2025-04-14 23:45:35,695 - Ошибка в файле path/1xrbiqw6.txt: Файл 'recursive_challengeqxjzaes2plr4e33ghjsrdtozmeggcmay5u5561c0nribkhyy9y3cyof5.txt' не найден во втором архиве
2025-04-14 23:45:35,778 - Ошибка в файле path/4cbjm7ks.txt: Файл 'recursive_challengeqxjzaes224lkeyh6l8k5q6fsvjyr8709305jkkippep9dfhjmr9673jq.txt' не найден во втором архиве
2025-04-14 23:45:35,867 - Ошибка в файле path/5ccf1cs6.txt: Файл 'recursive_challengeqxjzaes2plr4e33ghjsrdtozhia1cae3.txt' не найден во втором архиве
2025-04-14 23:45:36,076 - Ошибка в файле path/3a3elixn.txt: Файл 'recursive_challengeqxjzaes224lkeyh6gwzv6zt9x7hhfc5t.txt' не найден во втором архиве
2025-04-14 23:45:36,346 - Ошибка в файле path/6nspkewx.txt: Файл 'recursive_challengeqxjzaes224lkeyh6gwzv6zt9dom3olfic787qynu09er02c4a9rb12zy.txt' не найден во втором архиве
2025-04-14 23:45:36,488 - Ошибка в файле path/0ldwcatc.txt: Файл 'recursive_challengeqxjzaes224lkeyh6l8k5q6fsvjyr8709pxt1wv6ol6ux5fy6m7dicrdf.txt' не найден во втором архиве
2025-04-14 23:45:36,870 - Ошибка в файле path/9bmu7kh8.txt: Файл 'recursive_challengeqxjzaes2plr4e33gjdxi8nzom06ur6e4d60rrvq12e96zz64c6u9v736.txt' не найден во втором архиве
2025-04-14 23:45:37,005 - Ошибка в файле path/84osqovo.txt: Файл 'recursive_challengeqxjzaes224lkeyh687pgggz7lvv4zockjjidtgn6g59j5f83.txt' не найден во втором архиве
2025-04-14 23:45:37,078 - Ошибка в файле path/5d5ew48y.txt: Файл 'recursive_challengeqxjzaes2plr4e33ghjsrdtozmeggcmay07l1qnkaf5dk3lgk.txt' не найден во втором архиве
2025-04-14 23:45:37,276 - Ошибка в файле path/1y0s479l.txt: Файл 'recursive_challengeqxjzaes224lkeyh687pgggz7tgml8zq2tmb9as050ad9q3y4.txt' не найден во втором архиве
2025-04-14 23:45:37,310 - Ошибка в файле path/3abjgb9n.txt: Файл 'recursive_challengeqxjzaes224lkeyh6l8k5q6fsvjyr870999575oupidkc4gqot8grc60s.txt' не найден во втором архиве
2025-04-14 23:45:37,313 - Ошибка в файле path/4es8yyy2.txt: Файл 'recursive_challengeqxjzaes2plr4e33ghjsrdtoze9td5mfqxk9zyis4mvi74o75x1kqcaf1.txt' не найден во втором архиве
2025-04-14 23:45:37,679 - Ошибка в файле path/0mlie4pk.txt: Файл 'recursive_challengeqxjzaes224lkeyh687pgggz7lvv4zocktgbdt70c.txt' не найден во втором архиве
2025-04-14 23:45:37,713 - Ошибка в файле path/6s2i3leh.txt: Файл 'recursive_challengeqxjzaes2plr4e33gjdxi8nzom06ur6e4x68byxlt4y9wbhthqwiogm41.txt' не найден во втором архиве
2025-04-14 23:45:38,099 - Ошибка в файле path/9cxd3df3.txt: Файл 'recursive_challengeqxjzaes224lkeyh687pgggz7sqic6n8zi6ifx3bfl8tg9ehkrfxj66z2.txt' не найден во втором архиве
2025-04-14 23:45:38,282 - Ошибка в файле path/5ffykf5k.txt: Файл 'recursive_challengeqxjzaes224lkeyh6l8k5q6fsvjyr8709llc8lc44brzp9nr2.txt' не найден во втором архиве
2025-04-14 23:45:38,477 - Ошибка в файле path/856nbk0r.txt: Файл 'recursive_challengeqxjzaes224lkeyh687pgggz7k6q5znjw.txt' не найден во втором архиве
2025-04-14 23:45:38,596 - Ошибка в файле path/3d8kh5xz.txt: Файл 'recursive_challengeqxjzaes2plr4e33gjdxi8nzom06ur6e48w4dtkap.txt' не найден во втором архиве
2025-04-14 23:45:38,860 - Ошибка в файле path/1ytei10i.txt: Файл 'recursive_challengeqxjzaes2plr4e33ghjsrdtozmeggcmayg5qb5r57sjd3aodg01bg5yuv.txt' не найден во втором архиве
2025-04-14 23:45:38,956 - Ошибка в файле path/4getqa8e.txt: Файл 'recursive_challengeqxjzaes224lkeyh687pgggz7lvv4zockjjidtgn68hkjahr7.txt' не найден во втором архиве
2025-04-14 23:45:39,047 - Ошибка в файле path/0mm8pu7n.txt: Файл 'recursive_challengeqxjzaes2plr4e33gjdxi8nzom06ur6e4x68byxltel49eq5ycxxk7iav.txt' не найден во втором архиве
2025-04-14 23:45:39,235 - Ошибка в файле path/6sue0b3q.txt: Файл 'recursive_challengeqxjzaes224lkeyh687pgggz7tgml8zq2tmb9as05g7s98yv5ry8v15b4.txt' не найден во втором архиве
2025-04-14 23:45:39,401 - Ошибка в файле path/9eb8uwfz.txt: Файл 'recursive_challengeqxjzaes224lkeyh6l8k5q6fsvjyr87091nrbxwyic6b7n22l0sxl6j08.txt' не найден во втором архиве
2025-04-14 23:45:39,984 - Ошибка в файле path/5gqudebb.txt: Файл 'recursive_challengeqxjzaes224lkeyh6gwzv6zt9dom3olfi60kknxn7n4h62q0gfn0fhr0z.txt' не найден во втором архиве
2025-04-14 23:45:40,085 - Ошибка в файле path/87182pc3.txt: Файл 'recursive_challengeqxjzaes224lkeyh6l8k5q6fsvjyr870999575oup5cg8n4i42lwkg0mg.txt' не найден во втором архиве
2025-04-14 23:45:40,092 - Ошибка в файле path/1zkd2x8w.txt: Файл 'recursive_challengeqxjzaes224lkeyh687pgggz7sqic6n8zbueat201908pt7ksyh1lfq62.txt' не найден во втором архиве
2025-04-14 23:45:40,140 - Ошибка в файле path/3drttzin.txt: Файл 'recursive_challengeqxjzaes224lkeyh6l8k5q6fs2ds7mvnr2jf743w3ph6tmhkaig60hi83.txt' не найден во втором архиве
2025-04-14 23:45:40,315 - Ошибка в файле path/4ism2vna.txt: Файл 'recursive_challengeqxjzaes224lkeyh687pgggz7sqic6n8zi6ifx3bfr5pjbrff14tjt6vt.txt' не найден во втором архиве
2025-04-14 23:45:40,318 - Ошибка в файле path/0p0vh5xj.txt: Файл 'recursive_challengeqxjzaes2plr4e33gjdxi8nzom06ur6e4x68byxltjyh0uefv.txt' не найден во втором архиве
2025-04-14 23:45:40,465 - Ошибка в файле path/6uximoac.txt: Файл 'recursive_challengeqxjzaes224lkeyh687pgggz7lvv4zock0ocmmcvu5lobeleg90sljmwb.txt' не найден во втором архиве
2025-04-14 23:45:40,592 - Ошибка в файле path/9f9pl1qs.txt: Файл 'recursive_challengeqxjzaes224lkeyh687pgggz7tgml8zq2158tahgr.txt' не найден во втором архиве
2025-04-14 23:45:41,153 - Ошибка в файле path/5imq3iaw.txt: Файл 'recursive_challengeqxjzaes224lkeyh6l8k5q6fs2ds7mvnr2jf743w39sj8xseg4pb4ho27.txt' не найден во втором архиве
2025-04-14 23:45:41,235 - Ошибка в файле path/22vbdgv2.txt: Файл 'recursive_challengeqxjzaes224lkeyh6l8k5q6fsvjyr8709xut7l6x05lkdmrmbuue03ijy.txt' не найден во втором архиве
2025-04-14 23:45:41,247 - Ошибка в файле path/877jqe2q.txt: Файл 'recursive_challengeqxjzaes224lkeyh6l8k5q6fs2ds7mvnr2jf743w39sj8xseg2ixvxvgy.txt' не найден во втором архиве
2025-04-14 23:45:41,320 - Ошибка в файле path/3hf71hlz.txt: Файл 'recursive_challengeqxjzaes224lkeyh6gwzv6zt9dom3olfi60kknxn747pvaw9g.txt' не найден во втором архиве
2025-04-14 23:45:41,472 - Ошибка в файле path/0p6wqpf4.txt: Файл 'recursive_challengeqxjzaes224lkeyh687pgggz7sqic6n8zi6ifx3bfl8tg9ehks9plq3ta.txt' не найден во втором архиве
2025-04-14 23:45:41,505 - Ошибка в файле path/4j11f8gi.txt: Файл 'recursive_challengeqxjzaes224lkeyh687pgggz7sqic6n8zi6ifx3bfmte0uqps7ysqnbsz.txt' не найден во втором архиве
2025-04-14 23:45:41,625 - Ошибка в файле path/6vo7bqph.txt: Файл 'recursive_challengeqxjzaes224lkeyh6gwzv6zt9dom3olfix67d5ixg.txt' не найден во втором архиве
2025-04-14 23:45:41,763 - Ошибка в файле path/9fa967ul.txt: Файл 'recursive_challengeqxjzaes2plr4e33ghjsrdtozmeggcmay5u5561c0hlzzdm140mjtg9w0.txt' не найден во втором архиве
2025-04-14 23:45:42,317 - Ошибка в файле path/5l6q83u8.txt: Файл 'recursive_challengeqxjzaes224lkeyh6l8k5q6fsvjyr8709llc8lc44aboitt10.txt' не найден во втором архиве
2025-04-14 23:45:42,389 - Ошибка в файле path/8838d2ip.txt: Файл 'recursive_challengeqxjzaes2plr4e33ghjsrdtoze9td5mfqdhpr5fbayfzpmvsk.txt' не найден во втором архиве
2025-04-14 23:45:42,398 - Ошибка в файле path/2389ghb1.txt: Файл 'recursive_challengeqxjzaes2plr4e33ghjsrdtoze9td5mfqdhpr5fbanvyckusmu7oor5hg.txt' не найден во втором архиве
2025-04-14 23:45:42,530 - Ошибка в файле path/3it8rwfx.txt: Файл 'recursive_challengeqxjzaes2plr4e33ghjsrdtoze9td5mfqkd47aye4phcv5msda7uo52zt.txt' не найден во втором архиве
2025-04-14 23:45:42,618 - Ошибка в файле path/0rbaust6.txt: Файл 'recursive_challengeqxjzaes224lkeyh687pgggz7tgml8zq2tmb9as05zsz2edj9r5m4a8oc.txt' не найден во втором архиве
2025-04-14 23:45:42,697 - Ошибка в файле path/4jmdy2mo.txt: Файл 'recursive_challengeqxjzaes2plr4e33ghjsrdtozmeggcmay07l1qnkazfcu3a3ihs38xl7y.txt' не найден во втором архиве
2025-04-14 23:45:42,783 - Ошибка в файле path/6xx4r4vc.txt: Файл 'recursive_challengeqxjzaes224lkeyh6gwzv6zt9dom3olfic787qynur8e8jtxg.txt' не найден во втором архиве
2025-04-14 23:45:42,950 - Ошибка в файле path/9hfgy1qs.txt: Файл 'recursive_challengeqxjzaes2plr4e33gjdxi8nzom06ur6e4x68byxltqaio6snkx3noz5bw.txt' не найден во втором архиве
2025-04-14 23:45:43,488 - Ошибка в файле path/5m7go3i8.txt: Файл 'recursive_challengeqxjzaes224lkeyh6l8k5q6fsvjyr87091nrbxwyic6b7n22lqarpzpch.txt' не найден во втором архиве
2025-04-14 23:45:43,563 - Ошибка в файле path/88stn44x.txt: Файл 'recursive_challengeqxjzaes224lkeyh6l8k5q6fsvjyr870911ahet30t4zy3676xzj8v820.txt' не найден во втором архиве
2025-04-14 23:45:43,568 - Ошибка в файле path/25y2usgl.txt: Файл 'recursive_challengeqxjzaes2plr4e33ghjsrdtoze9td5mfqtim6qmlxzm619kmnuiavk6oq.txt' не найден во втором архиве
2025-04-14 23:45:43,682 - Ошибка в файле path/3j540gk4.txt: Файл 'recursive_challengeqxjzaes224lkeyh6l8k5q6fs2ds7mvnroq46gospm0tfca24jyys4coj.txt' не найден во втором архиве
2025-04-14 23:45:43,767 - Ошибка в файле path/0smmov2f.txt: Файл 'recursive_challengeqxjzaes224lkeyh6l8k5q6fsvjyr870999575oupylane65kcv2l9hs2.txt' не найден во втором архиве
2025-04-14 23:45:43,837 - Ошибка в файле path/4k5ir3vw.txt: Файл 'recursive_challengeqxjzaes224lkeyh687pgggz7lvv4zock3d6sd0o3t3sqfd6v15d5m95i.txt' не найден во втором архиве
2025-04-14 23:45:43,903 - Ошибка в файле path/72c5pmbe.txt: Файл 'recursive_challengeqxjzaes224lkeyh6l8k5q6fs023dsfltgvyf2kyxk2uxkuqk0vx1tham.txt' не найден во втором архиве
2025-04-14 23:45:44,086 - Ошибка в файле path/9hrdy3nq.txt: Файл 'recursive_challengeqxjzaes224lkeyh687pgggz7lvv4zock9welz67wr0opnw2f8mvghyvv.txt' не найден во втором архиве
2025-04-14 23:45:44,673 - Ошибка в файле path/5md0my85.txt: Файл 'recursive_challengeqxjzaes224lkeyh6l8k5q6fs023dsfltgvyf2kyxoici8z6pdznfomnb.txt' не найден во втором архиве
2025-04-14 23:45:44,681 - Ошибка в файле path/2a3n8wg2.txt: Файл 'recursive_challengeqxjzaes224lkeyh6l8k5q6fs2ds7mvnr2jf743w3ph6tmhkaeppzzf2x.txt' не найден во втором архиве
2025-04-14 23:45:44,758 - Ошибка в файле path/89fv1miu.txt: Файл 'recursive_challengeqxjzaes224lkeyh6l8k5q6fs2ds7mvnr2jf743w3are2fqivsak1effu.txt' не найден во втором архиве
2025-04-14 23:45:44,819 - Ошибка в файле path/3ko8iie4.txt: Файл 'recursive_challengeqxjzaes2plr4e33ghjsrdtoze9td5mfqxk9zyis4mvi74o75qrfxao35.txt' не найден во втором архиве
2025-04-14 23:45:44,951 - Ошибка в файле path/0syhk7av.txt: Файл 'recursive_challengeqxjzaes224lkeyh6l8k5q6fsvjyr87091nrbxwyic6b7n22liiv9fkke.txt' не найден во втором архиве
2025-04-14 23:45:44,996 - Ошибка в файле path/4km4mffs.txt: Файл 'recursive_challengeqxjzaes224lkeyh6l8k5q6fsgeajve4dpzpvo72t9nq8fsyeoysc9qm1.txt' не найден во втором архиве
2025-04-14 23:45:45,065 - Ошибка в файле path/74b42cw7.txt: Файл 'recursive_challengeqxjzaes2plr4e33ghjsrdtozmeggcmay0sl0lsp916ffiw5g.txt' не найден во втором архиве
2025-04-14 23:45:45,220 - Ошибка в файле path/9id5gbii.txt: Файл 'recursive_challengeqxjzaes224lkeyh6l8k5q6fsvjyr8709xut7l6x05lkdmrmbe7fpyfpp.txt' не найден во втором архиве
2025-04-14 23:45:45,817 - Ошибка в файле path/2ceaqtdw.txt: Файл 'recursive_challengeqxjzaes224lkeyh6l8k5q6fsvjyr870911ahet30lgp6jwmp.txt' не найден во втором архиве
2025-04-14 23:45:45,826 - Ошибка в файле path/5q58w4pj.txt: Файл 'recursive_challengeqxjzaes2plr4e33ghjsrdtoze9td5mfqkd47aye41roi36s4sjzv0nok.txt' не найден во втором архиве
2025-04-14 23:45:45,897 - Ошибка в файле path/8biy9h1j.txt: Файл 'recursive_challengeqxjzaes224lkeyh6l8k5q6fsgeajve4dpzpvo72twso8d8lvau15db9a.txt' не найден во втором архиве
2025-04-14 23:45:46,000 - Ошибка в файле path/3ltxuiy6.txt: Файл 'recursive_challengeqxjzaes224lkeyh687pgggz7tgml8zq2iv5bw98z.txt' не найден во втором архиве
2025-04-14 23:45:46,074 - Ошибка в файле path/0vaqdmhi.txt: Файл 'recursive_challengeqxjzaes224lkeyh6l8k5q6fsvjyr8709305jkkipuds8qihwv53hcs9l.txt' не найден во втором архиве
2025-04-14 23:45:46,178 - Ошибка в файле path/4m7bkijx.txt: Файл 'recursive_challengeqxjzaes224lkeyh6l8k5q6fs2ds7mvnroq46gosp26vrt9b5ln555ogf.txt' не найден во втором архиве
2025-04-14 23:45:46,232 - Ошибка в файле path/754wbyqr.txt: Файл 'recursive_challengeqxjzaes224lkeyh687pgggz7sqic6n8zi6ifx3bfl8tg9ehkwpz0z1lr.txt' не найден во втором архиве
2025-04-14 23:45:46,416 - Ошибка в файле path/9je5fhzm.txt: Файл 'recursive_challengeqxjzaes224lkeyh687pgggz7lvv4zock300enzqk373a8asni2hkb43k.txt' не найден во втором архиве
2025-04-14 23:45:46,999 - Ошибка в файле path/2eem96st.txt: Файл 'recursive_challengeqxjzaes224lkeyh687pgggz7lvv4zock0ocmmcvuxosfod8e6e5sac9h.txt' не найден во втором архиве
2025-04-14 23:45:47,015 - Ошибка в файле path/5qv0v0cq.txt: Файл 'recursive_challengeqxjzaes2plr4e33ghjsrdtozmeggcmayhgjfyvnmei4s82j3.txt' не найден во втором архиве
2025-04-14 23:45:47,081 - Ошибка в файле path/8f21u35n.txt: Файл 'recursive_challengeqxjzaes224lkeyh6l8k5q6fsvjyr8709pxt1wv6o18jk1fixtrnm6vvr.txt' не найден во втором архиве
2025-04-14 23:45:47,160 - Ошибка в файле path/3mrpcrw0.txt: Файл 'recursive_challengeqxjzaes224lkeyh687pgggz7sqic6n8zi6ifx3bfmte0uqpslzeqq3vm.txt' не найден во втором архиве
2025-04-14 23:45:47,219 - Ошибка в файле path/0w7kcwoa.txt: Файл 'recursive_challengeqxjzaes224lkeyh6l8k5q6fsgeajve4dcjnq7zsv1xzdpwts.txt' не найден во втором архиве
2025-04-14 23:45:47,389 - Ошибка в файле path/4me7j3fm.txt: Файл 'recursive_challengeqxjzaes224lkeyh687pgggz7lvv4zock0ocmmcvu5lobeleg96e3gl5i.txt' не найден во втором архиве
2025-04-14 23:45:47,420 - Ошибка в файле path/75g2c2cn.txt: Файл 'recursive_challengeqxjzaes2plr4e33ghjsrdtozmeggcmay5u5561c0nribkhyyh2s2w2ui.txt' не найден во втором архиве
2025-04-14 23:45:47,548 - Ошибка в файле path/9jfg8hj5.txt: Файл 'recursive_challengeqxjzaes224lkeyh687pgggz7poqsexov.txt' не найден во втором архиве
2025-04-14 23:45:48,121 - Ошибка в файле path/2ewpnd43.txt: Файл 'recursive_challengeqxjzaes224lkeyh687pgggz7lvv4zock300enzqkgbnr9np96pl45kmc.txt' не найден во втором архиве
2025-04-14 23:45:48,229 - Ошибка в файле path/5rnq0nk1.txt: Файл 'recursive_challengeqxjzaes224lkeyh6l8k5q6fs2ds7mvnroq46gosphjw10xizbegnh0y3.txt' не найден во втором архиве
2025-04-14 23:45:48,305 - Ошибка в файле path/8g0ow9kx.txt: Файл 'recursive_challengeqxjzaes2plr4e33ghjsrdtoziu3uo407.txt' не найден во втором архиве
2025-04-14 23:45:48,344 - Ошибка в файле path/3qshgr7a.txt: Файл 'recursive_challengeqxjzaes2plr4e33gjdxi8nzom06ur6e4d60rrvq1gigqz244.txt' не найден во втором архиве
2025-04-14 23:45:48,389 - Ошибка в файле path/0w9fj6a9.txt: Файл 'recursive_challengeqxjzaes2plr4e33ghjsrdtoze9td5mfqxk9zyis4mvi74o75jqvecx42.txt' не найден во втором архиве
2025-04-14 23:45:48,562 - Ошибка в файле path/7763ihsw.txt: Файл 'recursive_challengeqxjzaes224lkeyh687pgggz7lvv4zock300enzqktypdmx35y3ohmnp5.txt' не найден во втором архиве
2025-04-14 23:45:48,568 - Ошибка в файле path/4n7g0m8q.txt: Файл 'recursive_challengeqxjzaes224lkeyh6l8k5q6fsvjyr870999575oupylane65k363opwbt.txt' не найден во втором архиве
2025-04-14 23:45:48,681 - Ошибка в файле path/9k9x0fpi.txt: Файл 'recursive_challengeqxjzaes224lkeyh6l8k5q6fsvjyr870999575oupidkc4gqogetqon50.txt' не найден во втором архиве
2025-04-14 23:45:49,245 - Ошибка в файле path/2f14ume1.txt: Файл 'recursive_challengeqxjzaes2plr4e33ghjsrdtoze9td5mfqkd47aye4hp3qg564gcdie4q2.txt' не найден во втором архиве
2025-04-14 23:45:49,382 - Ошибка в файле path/5rpqv40e.txt: Файл 'recursive_challengeqxjzaes224lkeyh6l8k5q6fsvjyr8709pxt1wv6ol6ux5fy64pcb59v6.txt' не найден во втором архиве
2025-04-14 23:45:49,449 - Ошибка в файле path/8h6g1wjs.txt: Файл 'recursive_challengeqxjzaes224lkeyh6l8k5q6fsgeajve4dpzpvo72t9nq8fsyenc0bmdqq.txt' не найден во втором архиве
2025-04-14 23:45:49,522 - Ошибка в файле path/0xsulm4e.txt: Файл 'recursive_challengeqxjzaes2plr4e33gjdxi8nzom06ur6e4x68byxltuqk973c9s0nbxjfn.txt' не найден во втором архиве
2025-04-14 23:45:49,535 - Ошибка в файле path/9lnmphhs.txt: Файл 'recursive_challengeqxjzaes224lkeyh687pgggz7sqic6n8zi6ifx3bfmte0uqps9fur7o6b.txt' не найден во втором архиве
2025-04-14 23:45:49,719 - Ошибка в файле path/7bhqspkt.txt: Файл 'recursive_challengeqxjzaes2plr4e33ghjsrdtozmeggcmay07l1qnka0lwi186g.txt' не найден во втором архиве
2025-04-14 23:45:49,741 - Ошибка в файле path/4qe9klbs.txt: Файл 'recursive_challengeqxjzaes224lkeyh687pgggz7tgml8zq2tmb9as05x82k3ao8zzdmumdy.txt' не найден во втором архиве
2025-04-14 23:45:49,844 - Ошибка в файле path/am4nvx1n.txt: Файл 'recursive_challengeqxjzaes224lkeyh687pgggz7sqic6n8zbueat201vagw4345.txt' не найден во втором архиве
2025-04-14 23:45:50,406 - Ошибка в файле path/by2iry1v.txt: Файл 'recursive_challengeqxjzaes224lkeyh687pgggz7lvv4zock300enzqktypdmx350ujmnlok.txt' не найден во втором архиве
2025-04-14 23:45:50,546 - Ошибка в файле path/5s0i5gj5.txt: Файл 'recursive_challengeqxjzaes224lkeyh687pgggz7lvv4zockzoc6meh4pjo6tce3.txt' не найден во втором архиве
2025-04-14 23:45:50,639 - Ошибка в файле path/8j3802p5.txt: Файл 'recursive_challengeqxjzaes224lkeyh6l8k5q6fs2ds7mvnroq46gosp7880vpfvz4tlrwyp.txt' не найден во втором архиве
2025-04-14 23:45:50,650 - Ошибка в файле path/0yaknizs.txt: Файл 'recursive_challengeqxjzaes224lkeyh6l8k5q6fsvjyr8709xut7l6x08nh15a9zvvh9nux3.txt' не найден во втором архиве
2025-04-14 23:45:50,755 - Ошибка в файле path/9mpmhptc.txt: Файл 'recursive_challengeqxjzaes2plr4e33ghjsrdtozmeggcmay5u5561c0x4igp738duyoad5z.txt' не найден во втором архиве
2025-04-14 23:45:50,874 - Ошибка в файле path/7ceyi3fv.txt: Файл 'recursive_challengeqxjzaes224lkeyh687pgggz7tgml8zq2tmb9as05g7s98yv57vu75p5f.txt' не найден во втором архиве
2025-04-14 23:45:50,939 - Ошибка в файле path/4rycvgfx.txt: Файл 'recursive_challengeqxjzaes224lkeyh6gwzv6zt9dom3olfi60kknxn7wcyrr380.txt' не найден во втором архиве
2025-04-14 23:45:51,010 - Ошибка в файле path/amw8hnnj.txt: Файл 'recursive_challengeqxjzaes224lkeyh687pgggz7sqic6n8zi6ifx3bfmte0uqpsppofybwi.txt' не найден во втором архиве
2025-04-14 23:45:51,587 - Ошибка в файле path/by6a1x3n.txt: Файл 'recursive_challengeqxjzaes2plr4e33ghjsrdtoze9td5mfq4q33a5qne39jnqzf.txt' не найден во втором архиве
2025-04-14 23:45:51,882 - Ошибка в файле path/ewhrsw62.txt: Файл 'recursive_challengeqxjzaes2plr4e33ghjsrdtoze9td5mfqtim6qmlxzm619kmnt4dq3i9y.txt' не найден во втором архиве
2025-04-14 23:45:51,898 - Ошибка в файле path/cvbxnrdu.txt: Файл 'recursive_challengeqxjzaes224lkeyh6l8k5q6fsvjyr8709305jkkipbc4z0bxzlvxpwz0r.txt' не найден во втором архиве
2025-04-14 23:45:52,060 - Ошибка в файле path/dxblhibh.txt: Файл 'recursive_challengeqxjzaes2plr4e33ghjsrdtoze9td5mfqtim6qmlxej2g4b6c72mfulxe.txt' не найден во втором архиве
2025-04-14 23:45:52,140 - Ошибка в файле path/7cr6xzq0.txt: Файл 'recursive_challengeqxjzaes224lkeyh6l8k5q6fsvjyr87091nrbxwyic6b7n22lvfg8y5dn.txt' не найден во втором архиве
2025-04-14 23:45:52,235 - Ошибка в файле path/9mtw11jt.txt: Файл 'recursive_challengeqxjzaes2plr4e33ghjsrdtoze9td5mfqkd47aye4hp3qg564pedmvic5.txt' не найден во втором архиве
2025-04-14 23:45:52,362 - Ошибка в файле path/aqs66gbo.txt: Файл 'recursive_challengeqxjzaes2plr4e33ghjsrdtoze9td5mfqdhpr5fbapz20vikp95c23nj1.txt' не найден во втором архиве
2025-04-14 23:45:52,495 - Ошибка в файле path/4s91591r.txt: Файл 'recursive_challengeqxjzaes224lkeyh6gwzv6zt9l9oo8gy9o3uwpb77ac9yhrd2lq1pw3l5.txt' не найден во втором архиве
2025-04-14 23:45:53,312 - Ошибка в файле path/bzju52bc.txt: Файл 'recursive_challengeqxjzaes2plr4e33gjdxi8nzom06ur6e4x68byxlthoesb7n5j76rrwu0.txt' не найден во втором архиве
2025-04-14 23:45:53,711 - Ошибка в файле path/ex89f4nw.txt: Файл 'recursive_challengeqxjzaes2plr4e33ghjsrdtoze9td5mfqkd47aye4ofz9e66m1s5zgn86.txt' не найден во втором архиве
2025-04-14 23:45:54,075 - Ошибка в файле path/aqw0u1r0.txt: Файл 'recursive_challengeqxjzaes224lkeyh687pgggz7lvv4zockjjidtgn61m5hlxpv7b71zz90.txt' не найден во втором архиве
2025-04-14 23:45:54,102 - Ошибка в файле path/d1j49z5m.txt: Файл 'recursive_challengeqxjzaes224lkeyh6l8k5q6fsvjyr870999575ouphsyi1xdg.txt' не найден во втором архиве
2025-04-14 23:45:54,182 - Ошибка в файле path/4seyatxe.txt: Файл 'recursive_challengeqxjzaes2plr4e33ghjsrdtoze9td5mfqtim6qmlxej2g4b6ciug709jq.txt' не найден во втором архиве
2025-04-14 23:45:54,270 - Ошибка в файле path/7igmw2vy.txt: Файл 'recursive_challengeqxjzaes224lkeyh6l8k5q6fsvjyr870999575oupylane65k53jirbgy.txt' не найден во втором архиве
2025-04-14 23:45:54,291 - Ошибка в файле path/dxczp1xv.txt: Файл 'recursive_challengeqxjzaes2plr4e33gjdxi8nzom06ur6e4d60rrvq158xkcu3e.txt' не найден во втором архиве
2025-04-14 23:45:54,366 - Ошибка в файле path/9nlwm4zy.txt: Файл 'recursive_challengeqxjzaes2plr4e33gjdxi8nzom06ur6e4d60rrvq1ajso0kfrbxakmgu9.txt' не найден во втором архиве
2025-04-14 23:45:54,720 - Ошибка в файле path/c15nz5db.txt: Файл 'recursive_challengeqxjzaes224lkeyh6l8k5q6fsvjyr8709llc8lc446vxwrenoj6nibte6.txt' не найден во втором архиве
2025-04-14 23:45:55,002 - Ошибка в файле path/ey925m7q.txt: Файл 'recursive_challengeqxjzaes224lkeyh687pgggz7sqic6n8zbueat201zfz33ucpd9pndo64.txt' не найден во втором архиве
2025-04-14 23:45:55,404 - Ошибка в файле path/arjredvi.txt: Файл 'recursive_challengeqxjzaes2plr4e33ghjsrdtoze9td5mfqdhpr5fba56aw42vb.txt' не найден во втором архиве
2025-04-14 23:45:55,428 - Ошибка в файле path/d1pm7bfs.txt: Файл 'recursive_challengeqxjzaes224lkeyh6gwzv6zt9dom3olfin3d27s3iao3z47j78aqqosbf.txt' не найден во втором архиве
2025-04-14 23:45:55,466 - Ошибка в файле path/fuu8f3zz.txt: Файл 'recursive_challengeqxjzaes224lkeyh6l8k5q6fs2ds7mvnr2jf743w3pyb7rxbb3forvgv9.txt' не найден во втором архиве
2025-04-14 23:45:55,648 - Ошибка в файле path/h2lyobzw.txt: Файл 'recursive_challengeqxjzaes224lkeyh6l8k5q6fsgeajve4dpzpvo72t9f2b364g.txt' не найден во втором архиве
2025-04-14 23:45:55,650 - Ошибка в файле path/dzdi5ihm.txt: Файл 'recursive_challengeqxjzaes224lkeyh6gwzv6zt93re0qcjh.txt' не найден во втором архиве
2025-04-14 23:45:55,759 - Ошибка в файле path/9q6zcdy1.txt: Файл 'recursive_challengeqxjzaes224lkeyh687pgggz7lvv4zockbbrngl3wahqxovi4.txt' не найден во втором архиве
2025-04-14 23:45:56,029 - Ошибка в файле path/c1t374tp.txt: Файл 'recursive_challengeqxjzaes2plr4e33gjdxi8nzom06ur6e4x68byxltqaio6snkrwevltxt.txt' не найден во втором архиве
2025-04-14 23:45:56,293 - Ошибка в файле path/eya9t5z5.txt: Файл 'recursive_challengeqxjzaes224lkeyh6l8k5q6fsvjyr870911ahet30t4zy3676ao6lw5p4.txt' не найден во втором архиве
2025-04-14 23:45:56,745 - Ошибка в файле path/atu0jkz6.txt: Файл 'recursive_challengeqxjzaes224lkeyh6gwzv6zt9axmrkvdo.txt' не найден во втором архиве
2025-04-14 23:45:56,783 - Ошибка в файле path/fvkm2o3t.txt: Файл 'recursive_challengeqxjzaes224lkeyh6l8k5q6fsvjyr8709pxt1wv6ogclw380c.txt' не найден во втором архиве
2025-04-14 23:45:56,807 - Ошибка в файле path/d24lspj3.txt: Файл 'recursive_challengeqxjzaes224lkeyh6l8k5q6fsvjyr8709pxt1wv6ojpojv7ef.txt' не найден во втором архиве
2025-04-14 23:45:57,014 - Ошибка в файле path/e0omx4tl.txt: Файл 'recursive_challengeqxjzaes224lkeyh687pgggz7lvv4zock300enzqk373a8asnpbsudr9x.txt' не найден во втором архиве
2025-04-14 23:45:57,033 - Ошибка в файле path/h31gx7qi.txt: Файл 'recursive_challengeqxjzaes2plr4e33gjdxi8nzom06ur6e4x68byxltel49eq5ypgsqxi5k.txt' не найден во втором архиве
2025-04-14 23:45:57,154 - Ошибка в файле path/9qc6tgib.txt: Файл 'recursive_challengeqxjzaes224lkeyh687pgggz7tgml8zq2tmb9as0573shruuokyg8favw.txt' не найден во втором архиве
2025-04-14 23:45:57,329 - Ошибка в файле path/c2hq2vch.txt: Файл 'recursive_challengeqxjzaes2plr4e33gjdxi8nzom06ur6e4d60rrvq12e96zz64yscp5hwb.txt' не найден во втором архиве
2025-04-14 23:45:57,571 - Ошибка в файле path/eypwvgwp.txt: Файл 'recursive_challengeqxjzaes224lkeyh687pgggz7lvv4zock0ocmmcvu5lobeleg820olbxc.txt' не найден во втором архиве
2025-04-14 23:45:58,035 - Ошибка в файле path/atzxr2xk.txt: Файл 'recursive_challengeqxjzaes2plr4e33ghjsrdtozmeggcmay0sl0lsp9t12i18g8.txt' не найден во втором архиве
2025-04-14 23:45:58,061 - Ошибка в файле path/fw19a8hn.txt: Файл 'recursive_challengeqxjzaes224lkeyh687pgggz7pu48x0ib.txt' не найден во втором архиве
2025-04-14 23:45:58,277 - Ошибка в файле path/d2knbo5f.txt: Файл 'recursive_challengeqxjzaes224lkeyh6l8k5q6fsvjyr870999575oupylane65kipic4lt2.txt' не найден во втором архиве
2025-04-14 23:45:58,433 - Ошибка в файле path/h42wmhie.txt: Файл 'recursive_challengeqxjzaes224lkeyh6gwzv6zt9dom3olfi60kknxn79hwvtqw4hdc18oym.txt' не найден во втором архиве
2025-04-14 23:45:58,440 - Ошибка в файле path/e0s1qf3w.txt: Файл 'recursive_challengeqxjzaes224lkeyh6gwzv6zt9dom3olfi60kknxn7n4h62q0gocfff1lk.txt' не найден во втором архиве
2025-04-14 23:45:58,611 - Ошибка в файле path/9qrzs7kw.txt: Файл 'recursive_challengeqxjzaes224lkeyh687pgggz7lvv4zock0ocmmcvu5lobeleg563vkb7b.txt' не найден во втором архиве
2025-04-14 23:45:58,633 - Ошибка в файле path/c2ytygdx.txt: Файл 'recursive_challengeqxjzaes224lkeyh6l8k5q6fsvjyr8709pxt1wv6o18jk1fix2seznw3w.txt' не найден во втором архиве
2025-04-14 23:45:58,936 - Ошибка в файле path/ezps6h6n.txt: Файл 'recursive_challengeqxjzaes224lkeyh6l8k5q6fsvjyr8709llc8lc445lza7rcl7pvjjd8z.txt' не найден во втором архиве
2025-04-14 23:45:59,354 - Ошибка в файле path/aw3dfugr.txt: Файл 'recursive_challengeqxjzaes224lkeyh6l8k5q6fsgeajve4dpzpvo72tffllz7t1ha3om0mq.txt' не найден во втором архиве
2025-04-14 23:45:59,382 - Ошибка в файле path/fx651dxx.txt: Файл 'recursive_challengeqxjzaes2plr4e33ghjsrdtozmeggcmayo8pqful3felofju8.txt' не найден во втором архиве
2025-04-14 23:45:59,677 - Ошибка в файле path/d40cenoj.txt: Файл 'recursive_challengeqxjzaes224lkeyh687pgggz7sqic6n8zi6ifx3bf9raf29x2.txt' не найден во втором архиве
2025-04-14 23:45:59,839 - Ошибка в файле path/h6yrwd5u.txt: Файл 'recursive_challengeqxjzaes224lkeyh6l8k5q6fs2ds7mvnr2jf743w39sj8xsegaapmx7y1.txt' не найден во втором архиве
2025-04-14 23:45:59,889 - Ошибка в файле path/e0uozaaf.txt: Файл 'recursive_challengeqxjzaes2plr4e33gjdxi8nzom06ur6e4x68byxltel49eq5yv2x7i031.txt' не найден во втором архиве
2025-04-14 23:45:59,909 - Ошибка в файле path/9r6vxy5i.txt: Файл 'recursive_challengeqxjzaes224lkeyh6l8k5q6fsvjyr8709305jkkip9ps238mdg5wf2hb9.txt' не найден во втором архиве
2025-04-14 23:45:59,983 - Ошибка в файле path/c2yzq73x.txt: Файл 'recursive_challengeqxjzaes2plr4e33ghjsrdtoze9td5mfqurwpspc0.txt' не найден во втором архиве
2025-04-14 23:46:00,213 - Ошибка в файле path/eztj621g.txt: Файл 'recursive_challengeqxjzaes2plr4e33ghjsrdtoze9td5mfqdhpr5fbapz20vikp91e3hgyd.txt' не найден во втором архиве
2025-04-14 23:46:00,677 - Ошибка в файле path/awmoblhf.txt: Файл 'recursive_challengeqxjzaes2plr4e33ghjsrdtoze9td5mfqkd47aye4hp3qg5644gpogsfz.txt' не найден во втором архиве
2025-04-14 23:46:00,688 - Ошибка в файле path/g0b8aqzd.txt: Файл 'recursive_challengeqxjzaes224lkeyh6l8k5q6fsvjyr8709llc8lc4476ffr7bhhwmhm421.txt' не найден во втором архиве
2025-04-14 23:46:00,990 - Ошибка в файле path/d475hsvc.txt: Файл 'recursive_challengeqxjzaes224lkeyh6l8k5q6fsgeajve4dpzpvo72th582z6whmfsf0sx5.txt' не найден во втором архиве
2025-04-14 23:46:01,205 - Ошибка в файле path/h9u7h18q.txt: Файл 'recursive_challengeqxjzaes224lkeyh6l8k5q6fsgeajve4dcjnq7zsvniyrul45.txt' не найден во втором архиве
2025-04-14 23:46:01,214 - Ошибка в файле path/9sorhcjk.txt: Файл 'recursive_challengeqxjzaes224lkeyh687pgggz7tgml8zq2tmb9as05x82k3ao8dff1xhbq.txt' не найден во втором архиве
2025-04-14 23:46:01,275 - Ошибка в файле path/e1vazmv6.txt: Файл 'recursive_challengeqxjzaes224lkeyh6l8k5q6fs023dsfltgvyf2kyxa113n4wqusv9htgi.txt' не найден во втором архиве
2025-04-14 23:46:01,374 - Ошибка в файле path/c3vr8ewn.txt: Файл 'recursive_challengeqxjzaes224lkeyh6l8k5q6fs2ds7mvnroq46gosp1c006h7snd1iwqiz.txt' не найден во втором архиве
2025-04-14 23:46:01,474 - Ошибка в файле path/ezv1xlsk.txt: Файл 'recursive_challengeqxjzaes2plr4e33ghjsrdtoze9td5mfqkd47aye4hp3qg564c15xxkux.txt' не найден во втором архиве
2025-04-14 23:46:01,951 - Ошибка в файле path/aww3qhrh.txt: Файл 'recursive_challengeqxjzaes224lkeyh687pgggz7sqic6n8zi6ifx3bff6wzbfoecwr5hgyb.txt' не найден во втором архиве
2025-04-14 23:46:01,992 - Ошибка в файле path/g2of6d36.txt: Файл 'recursive_challengeqxjzaes2plr4e33ghjsrdtoze9td5mfqdhpr5fbaw6cahmb7.txt' не найден во втором архиве
2025-04-14 23:46:02,305 - Ошибка в файле path/d4gtlf9t.txt: Файл 'recursive_challengeqxjzaes2plr4e33ghjsrdtozmeggcmayg5qb5r577ombch1i.txt' не найден во втором архиве
2025-04-14 23:46:02,469 - Ошибка в файле path/9wm49ri6.txt: Файл 'recursive_challengeqxjzaes2plr4e33ghjsrdtoze9td5mfqkd47aye41roi36s4w9qqfkra.txt' не найден во втором архиве
2025-04-14 23:46:02,580 - Ошибка в файле path/h9x4jhe4.txt: Файл 'recursive_challengeqxjzaes2plr4e33gjdxi8nzom06ur6e4x68byxltuqk973c9079plwtk.txt' не найден во втором архиве
2025-04-14 23:46:02,596 - Ошибка в файле path/e2u1t6pi.txt: Файл 'recursive_challengeqxjzaes224lkeyh687pgggz7tgml8zq2tmb9as05l2ntnob4.txt' не найден во втором архиве
2025-04-14 23:46:02,688 - Ошибка в файле path/c4y9hq2j.txt: Файл 'recursive_challengeqxjzaes224lkeyh687pgggz7lvv4zock0ocmmcvunck26x7j.txt' не найден во втором архиве
2025-04-14 23:46:02,756 - Ошибка в файле path/f1qyhjnq.txt: Файл 'recursive_challengeqxjzaes224lkeyh6gwzv6zt9l9oo8gy9o3uwpb77ac9yhrd2y9495r10.txt' не найден во втором архиве
2025-04-14 23:46:03,217 - Ошибка в файле path/awy94h3e.txt: Файл 'recursive_challengeqxjzaes224lkeyh6l8k5q6fs023dsfltgvyf2kyxk2uxkuqk8wpcr018.txt' не найден во втором архиве
2025-04-14 23:46:03,238 - Ошибка в файле path/g3aicoom.txt: Файл 'recursive_challengeqxjzaes2plr4e33ghjsrdtoze9td5mfqkd47aye4phcv5msd7u3n4qeu.txt' не найден во втором архиве
2025-04-14 23:46:03,643 - Ошибка в файле path/d4w0q9eo.txt: Файл 'recursive_challengeqxjzaes2plr4e33ghjsrdtoze9td5mfqkd47aye4tmao6h8fzujkao1u.txt' не найден во втором архиве
2025-04-14 23:46:03,786 - Ошибка в файле path/9x4dju2j.txt: Файл 'recursive_challengeqxjzaes224lkeyh6l8k5q6fsgeajve4dpzpvo72tffllz7t1h5h8kq8c.txt' не найден во втором архиве
2025-04-14 23:46:03,891 - Ошибка в файле path/e3j4rnbb.txt: Файл 'recursive_challengeqxjzaes224lkeyh6l8k5q6fsvjyr8709xut7l6x0ocsrok97b0g0203y.txt' не найден во втором архиве
2025-04-14 23:46:03,907 - Ошибка в файле path/habl1onv.txt: Файл 'recursive_challengeqxjzaes2plr4e33ghjsrdtoze9td5mfqdhpr5fba561rlpozemut6xtc.txt' не найден во втором архиве
2025-04-14 23:46:03,989 - Ошибка в файле path/f1wquzsz.txt: Файл 'recursive_challengeqxjzaes224lkeyh6gwzv6zt9l9oo8gy9o3uwpb77ac9yhrd22g39lyvm.txt' не найден во втором архиве
2025-04-14 23:46:04,030 - Ошибка в файле path/c8755xqm.txt: Файл 'recursive_challengeqxjzaes224lkeyh687pgggz7lvv4zock0ocmmcvum7ic9bt4.txt' не найден во втором архиве
2025-04-14 23:46:04,495 - Ошибка в файле path/b13oe8ly.txt: Файл 'recursive_challengeqxjzaes2plr4e33ghjsrdtozmeggcmay07l1qnkazfcu3a3i6c51b47y.txt' не найден во втором архиве
2025-04-14 23:46:04,521 - Ошибка в файле path/g3g91tl0.txt: Файл 'recursive_challengeqxjzaes224lkeyh6l8k5q6fsvjyr87091nrbxwyic6b7n22l0w64klub.txt' не найден во втором архиве
2025-04-14 23:46:04,979 - Ошибка в файле path/d5cvxk24.txt: Файл 'recursive_challengeqxjzaes224lkeyh6l8k5q6fsvjyr8709xut7l6x05lkdmrmbu7y2jkdv.txt' не найден во втором архиве
2025-04-14 23:46:05,138 - Ошибка в файле path/e3meetl5.txt: Файл 'recursive_challengeqxjzaes224lkeyh687pgggz7lvv4zock300enzqkgbnr9np9z8l72jum.txt' не найден во втором архиве
2025-04-14 23:46:05,157 - Ошибка в файле path/9xyqtz58.txt: Файл 'recursive_challengeqxjzaes2plr4e33ghjsrdtoze9td5mfqtim6qmlxzm619kmncv8ea06z.txt' не найден во втором архиве
2025-04-14 23:46:05,272 - Ошибка в файле path/f1y8yi2o.txt: Файл 'recursive_challengeqxjzaes224lkeyh6l8k5q6fs023dsfltgvyf2kyxk2uxkuqkzmdtayl4.txt' не найден во втором архиве
2025-04-14 23:46:05,274 - Ошибка в файле path/he7dsxcw.txt: Файл 'recursive_challengeqxjzaes224lkeyh6l8k5q6fsgeajve4dpzpvo72twso8d8lvo7n8bq80.txt' не найден во втором архиве
2025-04-14 23:46:05,371 - Ошибка в файле path/c9i6mrzt.txt: Файл 'recursive_challengeqxjzaes2plr4e33ghjsrdtoze9td5mfqdhpr5fbapz20vikpbd9c3vag.txt' не найден во втором архиве
2025-04-14 23:46:05,787 - Ошибка в файле path/b3rcg9yd.txt: Файл 'recursive_challengeqxjzaes2plr4e33ghjsrdtoze9td5mfqtim6qmlxzm619kmngo98xl45.txt' не найден во втором архиве
2025-04-14 23:46:05,789 - Ошибка в файле path/g3z7ems2.txt: Файл 'recursive_challengeqxjzaes224lkeyh687pgggz7lvv4zock0ocmmcvuythgw76o.txt' не найден во втором архиве
2025-04-14 23:46:06,337 - Ошибка в файле path/d7ps5rv3.txt: Файл 'recursive_challengeqxjzaes2plr4e33ghjsrdtozmeggcmay0sl0lsp9tac9i2so97r4fft7.txt' не найден во втором архиве
2025-04-14 23:46:06,382 - Ошибка в файле path/e4srk8lf.txt: Файл 'recursive_challengeqxjzaes224lkeyh6l8k5q6fs023dsfltgvyf2kyxvy7jnwoi1sqopl8s.txt' не найден во втором архиве
2025-04-14 23:46:06,548 - Ошибка в файле path/f2wscov4.txt: Файл 'recursive_challengeqxjzaes2plr4e33ghjsrdtozmeggcmayhgjfyvnmv8ierp5goqnknpd1.txt' не найден во втором архиве
2025-04-14 23:46:06,560 - Ошибка в файле path/9yabwuvi.txt: Файл 'recursive_challengeqxjzaes224lkeyh687pgggz7lvv4zock300enzqkjmvxzzdc.txt' не найден во втором архиве
2025-04-14 23:46:06,639 - Ошибка в файле path/hfrzt9ye.txt: Файл 'recursive_challengeqxjzaes2plr4e33ghjsrdtoze9td5mfqkd47aye4phcv5msd90y508l3.txt' не найден во втором архиве
2025-04-14 23:46:06,781 - Ошибка в файле path/c9vw97qc.txt: Файл 'recursive_challengeqxjzaes224lkeyh6l8k5q6fsvjyr8709305jkkip9ps238mdg9fsy2mo.txt' не найден во втором архиве
2025-04-14 23:46:07,073 - Ошибка в файле path/g49pue18.txt: Файл 'recursive_challengeqxjzaes2plr4e33ghjsrdtozmeggcmayo8pqful3ng293uha.txt' не найден во втором архиве
2025-04-14 23:46:07,240 - Ошибка в файле path/b7g8dqla.txt: Файл 'recursive_challengeqxjzaes224lkeyh687pgggz7sqic6n8zi6ifx3bflbc8lcwm136jycgw.txt' не найден во втором архиве
2025-04-14 23:46:07,650 - Ошибка в файле path/e7pul73r.txt: Файл 'recursive_challengeqxjzaes224lkeyh6l8k5q6fs2ds7mvnroq46gospao48tf52a6z5rtdo.txt' не найден во втором архиве
2025-04-14 23:46:07,733 - Ошибка в файле path/d7tt8dwp.txt: Файл 'recursive_challengeqxjzaes2plr4e33ghjsrdtozmeggcmay0sl0lsp9juqf4e0e.txt' не найден во втором архиве
2025-04-14 23:46:07,806 - Ошибка в файле path/9yes0e9u.txt: Файл 'recursive_challengeqxjzaes224lkeyh6l8k5q6fsgeajve4dpzpvo72tffllz7t1ipiqy3e8.txt' не найден во втором архиве
2025-04-14 23:46:07,846 - Ошибка в файле path/f5e644v0.txt: Файл 'recursive_challengeqxjzaes224lkeyh687pgggz7sqic6n8zi6ifx3bfqpvbvwdlyqayl2yo.txt' не найден во втором архиве
2025-04-14 23:46:08,075 - Ошибка в файле path/hhoehxra.txt: Файл 'recursive_challengeqxjzaes224lkeyh6l8k5q6fsvjyr8709llc8lc44v9thr3ex.txt' не найден во втором архиве
2025-04-14 23:46:08,174 - Ошибка в файле path/cbiir5d5.txt: Файл 'recursive_challengeqxjzaes224lkeyh6l8k5q6fsvjyr87091nrbxwyic6b7n22lais1rtuf.txt' не найден во втором архиве
2025-04-14 23:46:08,298 - Ошибка в файле path/g6gig581.txt: Файл 'recursive_challengeqxjzaes224lkeyh6l8k5q6fsvjyr87091nrbxwyic6b7n22l8imt4yjt.txt' не найден во втором архиве
2025-04-14 23:46:08,575 - Ошибка в файле path/b8fgmx1q.txt: Файл 'recursive_challengeqxjzaes224lkeyh687pgggz7lvv4zockzoc6meh4i1e8pomors42m8fr.txt' не найден во втором архиве
2025-04-14 23:46:08,871 - Ошибка в файле path/e9zszpy9.txt: Файл 'recursive_challengeqxjzaes2plr4e33ghjsrdtozmeggcmay07l1qnkasd5syuy5.txt' не найден во втором архиве
2025-04-14 23:46:08,998 - Ошибка в файле path/9ykstt5z.txt: Файл 'recursive_challengeqxjzaes224lkeyh6gwzv6zt9l9oo8gy9o3uwpb77ac9yhrd29b29h6x3.txt' не найден во втором архиве
2025-04-14 23:46:09,013 - Ошибка в файле path/da50lkw3.txt: Файл 'recursive_challengeqxjzaes224lkeyh6gwzv6zt9dom3olfi60kknxn7lcgu3qdep5synb2y.txt' не найден во втором архиве
2025-04-14 23:46:09,021 - Ошибка в файле path/f73j4xnr.txt: Файл 'recursive_challengeqxjzaes224lkeyh687pgggz7tgml8zq2tmb9as05ag3gn973pk455sym.txt' не найден во втором архиве
2025-04-14 23:46:09,312 - Ошибка в файле path/himw744z.txt: Файл 'recursive_challengeqxjzaes224lkeyh687pgggz7sqic6n8zi6ifx3bfmte0uqps50woid71.txt' не найден во втором архиве
2025-04-14 23:46:09,405 - Ошибка в файле path/cboxua7r.txt: Файл 'recursive_challengeqxjzaes2plr4e33gjdxi8nzom06ur6e4d60rrvq1kwadg12e.txt' не найден во втором архиве
2025-04-14 23:46:09,490 - Ошибка в файле path/gcmx4rk2.txt: Файл 'recursive_challengeqxjzaes2plr4e33ghjsrdtozmeggcmay5u5561c0n1atve2k.txt' не найден во втором архиве
2025-04-14 23:46:09,795 - Ошибка в файле path/bai2ei2w.txt: Файл 'recursive_challengeqxjzaes224lkeyh6l8k5q6fs2ds7mvnroq46gosp7880vpfvh5cnvj62.txt' не найден во втором архиве
2025-04-14 23:46:10,036 - Ошибка в файле path/ebio691p.txt: Файл 'recursive_challengeqxjzaes224lkeyh6l8k5q6fsvjyr8709305jkkippep9dfhjty996mc7.txt' не найден во втором архиве
2025-04-14 23:46:10,163 - Ошибка в файле path/daw9jpa7.txt: Файл 'recursive_challengeqxjzaes224lkeyh687pgggz7lvv4zock300enzqklr5rstjdgt2jh5q5.txt' не найден во втором архиве
2025-04-14 23:46:10,175 - Ошибка в файле path/a0gcx77r.txt: Файл 'recursive_challengeqxjzaes224lkeyh687pgggz7sqic6n8zi6ifx3bfr5pjbrff86pwab2s.txt' не найден во втором архиве
2025-04-14 23:46:10,175 - Ошибка в файле path/f8268gwd.txt: Файл 'recursive_challengeqxjzaes224lkeyh6l8k5q6fs2ds7mvnroq46gospao48tf52nhpz13zf.txt' не найден во втором архиве
2025-04-14 23:46:10,510 - Ошибка в файле path/hjmp7ymx.txt: Файл 'recursive_challengeqxjzaes224lkeyh687pgggz7tgml8zq2tmb9as05x82k3ao8iyfxcu2l.txt' не найден во втором архиве
2025-04-14 23:46:10,586 - Ошибка в файле path/cc291mdf.txt: Файл 'recursive_challengeqxjzaes2plr4e33ghjsrdtozmeggcmay5u5561c0lf370xre.txt' не найден во втором архиве
2025-04-14 23:46:10,661 - Ошибка в файле path/gdvuj6mq.txt: Файл 'recursive_challengeqxjzaes224lkeyh687pgggz7lvv4zock300enzqkgda97i63thkf39yi.txt' не найден во втором архиве
2025-04-14 23:46:11,009 - Ошибка в файле path/bcv07nvr.txt: Файл 'recursive_challengeqxjzaes2plr4e33gjdxi8nzom06ur6e4x68byxlt31vtmy7z9aecp613.txt' не найден во втором архиве
2025-04-14 23:46:11,181 - Ошибка в файле path/ebzlgr8p.txt: Файл 'recursive_challengeqxjzaes2plr4e33ghjsrdtoze9td5mfqkd47aye4phcv5msd1cnrswyi.txt' не найден во втором архиве
2025-04-14 23:46:11,325 - Ошибка в файле path/dca6tsh1.txt: Файл 'recursive_challengeqxjzaes224lkeyh6l8k5q6fsvjyr8709llc8lc44htj82gu5ex7jtaql.txt' не найден во втором архиве
2025-04-14 23:46:11,366 - Ошибка в файле path/f9jstmmb.txt: Файл 'recursive_challengeqxjzaes2plr4e33ghjsrdtoze9td5mfqkd47aye4ofz9e66mw9653ccg.txt' не найден во втором архиве
2025-04-14 23:46:11,408 - Ошибка в файле path/a0xm9zc5.txt: Файл 'recursive_challengeqxjzaes2plr4e33ghjsrdtozmeggcmayhgjfyvnmfoqtcwr5.txt' не найден во втором архиве
2025-04-14 23:46:11,713 - Ошибка в файле path/hke0f4t9.txt: Файл 'recursive_challengeqxjzaes2plr4e33ghjsrdtozmeggcmay5u5561c0ujge7gv4feueqmjy.txt' не найден во втором архиве
2025-04-14 23:46:11,745 - Ошибка в файле path/ccdf0t8m.txt: Файл 'recursive_challengeqxjzaes224lkeyh6l8k5q6fs2ds7mvnroq46gospm0tfca24nsmut24k.txt' не найден во втором архиве
2025-04-14 23:46:11,804 - Ошибка в файле path/gfz35ju9.txt: Файл 'recursive_challengeqxjzaes2plr4e33gjdxi8nzom06ur6e4x68byxltuqk973c9npbyhyzn.txt' не найден во втором архиве
2025-04-14 23:46:12,199 - Ошибка в файле path/belaewkl.txt: Файл 'recursive_challengeqxjzaes2plr4e33ghjsrdtoze9td5mfqdhpr5fbapz20vikpepa5is7y.txt' не найден во втором архиве
2025-04-14 23:46:12,370 - Ошибка в файле path/ec1wp8fd.txt: Файл 'recursive_challengeqxjzaes224lkeyh6l8k5q6fsgeajve4dcjnq7zsvcqa8qv2s.txt' не найден во втором архиве
2025-04-14 23:46:12,463 - Ошибка в файле path/dd64aqlf.txt: Файл 'recursive_challengeqxjzaes2plr4e33ghjsrdtoze9td5mfqkd47aye4tmao6h8fwl183hif.txt' не найден во втором архиве
2025-04-14 23:46:12,607 - Ошибка в файле path/f9loemy8.txt: Файл 'recursive_challengeqxjzaes2plr4e33ghjsrdtozmeggcmay0sl0lsp9tac9i2so76b734yp.txt' не найден во втором архиве
2025-04-14 23:46:12,626 - Ошибка в файле path/a1t2d6n5.txt: Файл 'recursive_challengeqxjzaes224lkeyh6l8k5q6fsvjyr8709pxt1wv6o18jk1fixv09ku2du.txt' не найден во втором архиве
2025-04-14 23:46:12,915 - Ошибка в файле path/hn7eag4b.txt: Файл 'recursive_challengeqxjzaes224lkeyh687pgggz7lvv4zock9welz67wofpj06r732ffgep8.txt' не найден во втором архиве
2025-04-14 23:46:12,926 - Ошибка в файле path/cfeeukd5.txt: Файл 'recursive_challengeqxjzaes224lkeyh6l8k5q6fsvjyr8709305jkkippep9dfhjugyk5586.txt' не найден во втором архиве
2025-04-14 23:46:13,070 - Ошибка в файле path/ghf4lsh7.txt: Файл 'recursive_challengeqxjzaes2plr4e33ghjsrdtoze9td5mfqkd47aye4u8c7w556m2gz6l0w.txt' не найден во втором архиве
2025-04-14 23:46:13,363 - Ошибка в файле path/belakrlq.txt: Файл 'recursive_challengeqxjzaes2plr4e33ghjsrdtozmeggcmayg5qb5r57sjd3aodg7umu88id.txt' не найден во втором архиве
2025-04-14 23:46:13,567 - Ошибка в файле path/ecflabp1.txt: Файл 'recursive_challengeqxjzaes224lkeyh6l8k5q6fs2ds7mvnroq46gosp1c006h7s0jsbc9bl.txt' не найден во втором архиве
2025-04-14 23:46:13,670 - Ошибка в файле path/df6o2ip1.txt: Файл 'recursive_challengeqxjzaes224lkeyh687pgggz7lvv4zockzoc6meh4i1e8pomosh71hfgy.txt' не найден во втором архиве
2025-04-14 23:46:13,761 - Ошибка в файле path/faxd67fs.txt: Файл 'recursive_challengeqxjzaes224lkeyh6l8k5q6fsvjyr8709pxt1wv6ol6ux5fy69wfg4rvr.txt' не найден во втором архиве
2025-04-14 23:46:13,965 - Ошибка в файле path/a58mf51v.txt: Файл 'recursive_challengeqxjzaes224lkeyh687pgggz7sqic6n8zbueat201554s9k8o.txt' не найден во втором архиве
2025-04-14 23:46:14,552 - Ошибка в файле path/hogdfnw6.txt: Файл 'recursive_challengeqxjzaes224lkeyh687pgggz7sqic6n8zbueat201zfz33ucp3ak1ebbi.txt' не найден во втором архиве
2025-04-14 23:46:14,552 - Ошибка в файле path/cg3ahccw.txt: Файл 'recursive_challengeqxjzaes224lkeyh687pgggz7tgml8zq2tmb9as05ag3gn973oijghmiy.txt' не найден во втором архиве
2025-04-14 23:46:14,681 - Ошибка в файле path/bfd5z3fj.txt: Файл 'recursive_challengeqxjzaes2plr4e33ghjsrdtozmeggcmayhgjfyvnmzb6eb6pi7m4kdbq8.txt' не найден во втором архиве
2025-04-14 23:46:14,710 - Ошибка в файле path/gif6zm20.txt: Файл 'recursive_challengeqxjzaes2plr4e33ghjsrdtoze9td5mfqtim6qmlxazlju0w2dtikuki8.txt' не найден во втором архиве
2025-04-14 23:46:14,867 - Ошибка в файле path/ee7aox4p.txt: Файл 'recursive_challengeqxjzaes2plr4e33ghjsrdtoze9td5mfqdhpr5fbapz20vikp9m11ctyl.txt' не найден во втором архиве
2025-04-14 23:46:14,985 - Ошибка в файле path/dhuxzndz.txt: Файл 'recursive_challengeqxjzaes2plr4e33ghjsrdtozmeggcmayhgjfyvnm11per8faza9l7b7g.txt' не найден во втором архиве
2025-04-14 23:46:15,050 - Ошибка в файле path/fbwzxj0c.txt: Файл 'recursive_challengeqxjzaes2plr4e33ghjsrdtoze9td5mfqkd47aye41roi36s4um9i4k13.txt' не найден во втором архиве
2025-04-14 23:46:15,925 - Ошибка в файле path/a59p60cv.txt: Файл 'recursive_challengeqxjzaes224lkeyh6l8k5q6fs2ds7mvnr2jf743w377rshnsz.txt' не найден во втором архиве
2025-04-14 23:46:15,929 - Ошибка в файле path/bib6jl73.txt: Файл 'recursive_challengeqxjzaes224lkeyh687pgggz7lvv4zockbbrngl3wqill8hmy.txt' не найден во втором архиве
2025-04-14 23:46:16,166 - Ошибка в файле path/eghafklo.txt: Файл 'recursive_challengeqxjzaes224lkeyh687pgggz7tgml8zq2gz00xrev.txt' не найден во втором архиве
2025-04-14 23:46:16,181 - Ошибка в файле path/hpezzoqi.txt: Файл 'recursive_challengeqxjzaes224lkeyh6l8k5q6fsgeajve4dr6kqsjks.txt' не найден во втором архиве
2025-04-14 23:46:16,232 - Ошибка в файле path/cguprf2o.txt: Файл 'recursive_challengeqxjzaes2plr4e33gjdxi8nzom06ur6e4d60rrvq1ajso0kfrtqlabkmr.txt' не найден во втором архиве
2025-04-14 23:46:16,238 - Ошибка в файле path/di5rwqo9.txt: Файл 'recursive_challengeqxjzaes224lkeyh687pgggz7sqic6n8zbueat201908pt7ksskkt2o70.txt' не найден во втором архиве
2025-04-14 23:46:16,361 - Ошибка в файле path/fcjihrfb.txt: Файл 'recursive_challengeqxjzaes224lkeyh687pgggz7sqic6n8zbueat201zfz33ucpsry8xszl.txt' не найден во втором архиве
2025-04-14 23:46:16,386 - Ошибка в файле path/gj54no3v.txt: Файл 'recursive_challengeqxjzaes224lkeyh6l8k5q6fs2ds7mvnroq46gosphjw10xiztcie3ipp.txt' не найден во втором архиве
2025-04-14 23:46:17,257 - Ошибка в файле path/blrj2ni8.txt: Файл 'recursive_challengeqxjzaes224lkeyh6l8k5q6fsvjyr870999575oupidkc4gqob2e2u35k.txt' не найден во втором архиве
2025-04-14 23:46:17,422 - Ошибка в файле path/a5benfxv.txt: Файл 'recursive_challengeqxjzaes224lkeyh6l8k5q6fsvjyr870911ahet30nwis7peg.txt' не найден во втором архиве
2025-04-14 23:46:17,445 - Ошибка в файле path/ei0rl1zy.txt: Файл 'recursive_challengeqxjzaes224lkeyh6l8k5q6fsvjyr8709pxt1wv6otn6c8j5m.txt' не найден во втором архиве
2025-04-14 23:46:17,502 - Ошибка в файле path/hpnhk12n.txt: Файл 'recursive_challengeqxjzaes224lkeyh6l8k5q6fsvjyr870911ahet30gwbmgga2.txt' не найден во втором архиве
2025-04-14 23:46:17,564 - Ошибка в файле path/cjb0a9pa.txt: Файл 'recursive_challengeqxjzaes224lkeyh687pgggz7lvv4zock0ocmmcvuxosfod8e3dixev0z.txt' не найден во втором архиве
2025-04-14 23:46:17,579 - Ошибка в файле path/fdumrz95.txt: Файл 'recursive_challengeqxjzaes224lkeyh6l8k5q6fs2ds7mvnroq46gospm0tfca24iyez694v.txt' не найден во втором архиве
2025-04-14 23:46:17,688 - Ошибка в файле path/dk8ebdy4.txt: Файл 'recursive_challengeqxjzaes2plr4e33ghjsrdtozmeggcmay5u5561c09u4wix3n5qzpj9ox.txt' не найден во втором архиве
2025-04-14 23:46:17,694 - Ошибка в файле path/gj8ik1gm.txt: Файл 'recursive_challengeqxjzaes224lkeyh6gwzv6zt9dom3olfin3d27s3iao3z47j7tdjcufhu.txt' не найден во втором архиве
2025-04-14 23:46:18,545 - Ошибка в файле path/bm5gxuzu.txt: Файл 'recursive_challengeqxjzaes2plr4e33ghjsrdtoze9td5mfqkd47aye4ofz9e66mm5debbqt.txt' не найден во втором архиве
2025-04-14 23:46:18,685 - Ошибка в файле path/ei3fac0a.txt: Файл 'recursive_challengeqxjzaes224lkeyh6gwzv6zt9dom3olfic787qynuyur71wwr.txt' не найден во втором архиве
2025-04-14 23:46:18,736 - Ошибка в файле path/a6v345w1.txt: Файл 'recursive_challengeqxjzaes224lkeyh687pgggz7lvv4zock300enzqkgda97i63kcnrojmc.txt' не найден во втором архиве
2025-04-14 23:46:18,842 - Ошибка в файле path/fg594pe5.txt: Файл 'recursive_challengeqxjzaes224lkeyh6l8k5q6fsvjyr8709xut7l6x08nh15a9zpejzl7qw.txt' не найден во втором архиве
2025-04-14 23:46:18,994 - Ошибка в файле path/ht6mrpdf.txt: Файл 'recursive_challengeqxjzaes2plr4e33ghjsrdtoze9td5mfqkd47aye4croov64qykaj8883.txt' не найден во втором архиве
2025-04-14 23:46:19,243 - Ошибка в файле path/clbqa71x.txt: Файл 'recursive_challengeqxjzaes224lkeyh687pgggz7lvv4zock300enzqktggz4m2j.txt' не найден во втором архиве
2025-04-14 23:46:19,372 - Ошибка в файле path/dl2sjkhm.txt: Файл 'recursive_challengeqxjzaes224lkeyh6l8k5q6fsvjyr870911ahet30gis2jflo.txt' не найден во втором архиве
2025-04-14 23:46:19,403 - Ошибка в файле path/gkev4j1d.txt: Файл 'recursive_challengeqxjzaes224lkeyh687pgggz7lvv4zock300enzqkgbnr9np9s3bkp69m.txt' не найден во втором архиве
2025-04-14 23:46:19,925 - Ошибка в файле path/bmemgxar.txt: Файл 'recursive_challengeqxjzaes224lkeyh687pgggz7lvv4zock300enzqkgbnr9np9u32fz80g.txt' не найден во втором архиве
2025-04-14 23:46:19,983 - Ошибка в файле path/eig7l11i.txt: Файл 'recursive_challengeqxjzaes2plr4e33gjdxi8nzom06ur6e4x68byxltel49eq5yl2dz1ix4.txt' не найден во втором архиве
2025-04-14 23:46:20,203 - Ошибка в файле path/fgi2bsqf.txt: Файл 'recursive_challengeqxjzaes224lkeyh687pgggz7lvv4zockzoc6meh4y5bkpso3hh65h5jg.txt' не найден во втором архиве
2025-04-14 23:46:20,323 - Ошибка в файле path/a7tfoigf.txt: Файл 'recursive_challengeqxjzaes224lkeyh687pgggz7lvv4zock300enzqktypdmx35qxvw8h99.txt' не найден во втором архиве
2025-04-14 23:46:20,363 - Ошибка в файле path/hvbnk8da.txt: Файл 'recursive_challengeqxjzaes224lkeyh6l8k5q6fsvjyr8709305jkkip9ps238mdl9xa92c7.txt' не найден во втором архиве
2025-04-14 23:46:20,719 - Ошибка в файле path/cnv3z1ko.txt: Файл 'recursive_challengeqxjzaes224lkeyh6l8k5q6fsvjyr8709llc8lc446vxwrenoz4850alh.txt' не найден во втором архиве
2025-04-14 23:46:20,772 - Ошибка в файле path/dp4hkj2w.txt: Файл 'recursive_challengeqxjzaes2plr4e33ghjsrdtoze9td5mfqtim6qmlxhcjlkqf6hx3pyiy7.txt' не найден во втором архиве
2025-04-14 23:46:20,835 - Ошибка в файле path/gmpq7z8r.txt: Файл 'recursive_challengeqxjzaes224lkeyh6l8k5q6fsvjyr87091nrbxwyi3krkf78zwfwyj25h.txt' не найден во втором архиве
2025-04-14 23:46:21,105 - Ошибка в файле path/bo7s14za.txt: Файл 'recursive_challengeqxjzaes224lkeyh6l8k5q6fsvjyr8709llc8lc44scbcf97hm2yd5vu6.txt' не найден во втором архиве
2025-04-14 23:46:21,176 - Ошибка в файле path/eivc1l0f.txt: Файл 'recursive_challengeqxjzaes224lkeyh6gwzv6zt9dom3olfic787qynu09er02c4zy9tixsd.txt' не найден во втором архиве
2025-04-14 23:46:21,431 - Ошибка в файле path/fgzmxgvn.txt: Файл 'recursive_challengeqxjzaes224lkeyh687pgggz7lvv4zock300enzqkwizk1575.txt' не найден во втором архиве
2025-04-14 23:46:21,582 - Ошибка в файле path/hwioaas8.txt: Файл 'recursive_challengeqxjzaes224lkeyh6l8k5q6fsvjyr8709305jkkipbc4z0bxzjuekwxu2.txt' не найден во втором архиве
2025-04-14 23:46:21,588 - Ошибка в файле path/a83ya1uv.txt: Файл 'recursive_challengeqxjzaes224lkeyh6l8k5q6fsvjyr8709305jkkipbc4z0bxzgk9a9aat.txt' не найден во втором архиве
2025-04-14 23:46:21,940 - Ошибка в файле path/coadlu6j.txt: Файл 'recursive_challengeqxjzaes2plr4e33gjdxi8nzom06ur6e4x68byxltqaio6snkmbms3ikp.txt' не найден во втором архиве
2025-04-14 23:46:21,964 - Ошибка в файле path/dqby9x6j.txt: Файл 'recursive_challengeqxjzaes2plr4e33ghjsrdtozmeggcmay5u5561c0ujge7gv4fhiqqbkt.txt' не найден во втором архиве
2025-04-14 23:46:22,021 - Ошибка в файле path/gp0yeze6.txt: Файл 'recursive_challengeqxjzaes224lkeyh6l8k5q6fsvjyr8709pxt1wv6ol6ux5fy6o4rnr0ls.txt' не найден во втором архиве
2025-04-14 23:46:22,279 - Ошибка в файле path/bsxkr2sl.txt: Файл 'recursive_challengeqxjzaes2plr4e33ghjsrdtoze9td5mfq4q33a5qnicxzs0rp.txt' не найден во втором архиве
2025-04-14 23:46:22,350 - Ошибка в файле path/ejdlnibe.txt: Файл 'recursive_challengeqxjzaes2plr4e33ghjsrdtoze9td5mfqdhpr5fba561rlpozdn4km0o8.txt' не найден во втором архиве
2025-04-14 23:46:22,573 - Ошибка в файле path/fhllztqs.txt: Файл 'recursive_challengeqxjzaes2plr4e33ghjsrdtoze9td5mfqtim6qmlxazlju0w2t2utfvb0.txt' не найден во втором архиве
2025-04-14 23:46:22,709 - Ошибка в файле path/hx5vzpsr.txt: Файл 'recursive_challengeqxjzaes224lkeyh6l8k5q6fs2ds7mvnr2jf743w3pyb7rxbbpuaggw1y.txt' не найден во втором архиве
2025-04-14 23:46:22,760 - Ошибка в файле path/a8jym77u.txt: Файл 'recursive_challengeqxjzaes224lkeyh6l8k5q6fsgeajve4dcjnq7zsvboemyllk546ejay1.txt' не найден во втором архиве
2025-04-14 23:46:23,088 - Ошибка в файле path/cp2q8mv6.txt: Файл 'recursive_challengeqxjzaes2plr4e33ghjsrdtozmeggcmay5u5561c0nribkhyy8iq2ea7v.txt' не найден во втором архиве
2025-04-14 23:46:23,168 - Ошибка в файле path/dqqp8rjq.txt: Файл 'recursive_challengeqxjzaes2plr4e33ghjsrdtozmeggcmay5u5561c0ujge7gv4n3ceqa5g.txt' не найден во втором архиве
2025-04-14 23:46:23,190 - Ошибка в файле path/gq3hp334.txt: Файл 'recursive_challengeqxjzaes2plr4e33gjdxi8nzom06ur6e4x68byxlt4s6mtaspx7xtqh31.txt' не найден во втором архиве
2025-04-14 23:46:23,457 - Ошибка в файле path/bte1j40q.txt: Файл 'recursive_challengeqxjzaes2plr4e33gjdxi8nzoybkbwe06.txt' не найден во втором архиве
2025-04-14 23:46:23,485 - Ошибка в файле path/ejncgut0.txt: Файл 'recursive_challengeqxjzaes224lkeyh6l8k5q6fs2ds7mvnr2jf743w3ph6tmhkandyo0t4e.txt' не найден во втором архиве
2025-04-14 23:46:23,711 - Ошибка в файле path/fhr9465p.txt: Файл 'recursive_challengeqxjzaes224lkeyh6gwzv6zt9dom3olfin3d27s3iao3z47j7xxeonw6v.txt' не найден во втором архиве
2025-04-14 23:46:23,857 - Ошибка в файле path/i0dwg91o.txt: Файл 'recursive_challengeqxjzaes2plr4e33gjdxi8nzom06ur6e4d60rrvq1py9ow1hw.txt' не найден во втором архиве
2025-04-14 23:46:23,949 - Ошибка в файле path/aal62e6s.txt: Файл 'recursive_challengeqxjzaes2plr4e33ghjsrdtozmeggcmayhgjfyvnm11per8faxbpi5yx4.txt' не найден во втором архиве
2025-04-14 23:46:24,262 - Ошибка в файле path/crhc8ybo.txt: Файл 'recursive_challengeqxjzaes2plr4e33ghjsrdtozmeggcmay5u5561c06o0st0dv.txt' не найден во втором архиве
2025-04-14 23:46:24,330 - Ошибка в файле path/ds2o1d6q.txt: Файл 'recursive_challengeqxjzaes2plr4e33ghjsrdtozmeggcmay5u5561c0e4i4vq69.txt' не найден во втором архиве
2025-04-14 23:46:24,383 - Ошибка в файле path/gqr6dort.txt: Файл 'recursive_challengeqxjzaes224lkeyh6l8k5q6fs2ds7mvnroq46gosphjw10xizcaymfgt1.txt' не найден во втором архиве
2025-04-14 23:46:24,619 - Ошибка в файле path/ek1wlb70.txt: Файл 'recursive_challengeqxjzaes224lkeyh6l8k5q6fsvjyr8709pxt1wv6ol6ux5fy61b4ikqai.txt' не найден во втором архиве
2025-04-14 23:46:24,645 - Ошибка в файле path/btxel8ud.txt: Файл 'recursive_challengeqxjzaes224lkeyh6l8k5q6fs2ds7mvnr2jf743w3116kjg57.txt' не найден во втором архиве
2025-04-14 23:46:24,873 - Ошибка в файле path/fkd0jy3k.txt: Файл 'recursive_challengeqxjzaes224lkeyh687pgggz7lvv4zockbbrngl3wn4uvjnfp.txt' не найден во втором архиве
2025-04-14 23:46:25,015 - Ошибка в файле path/i0t16fjp.txt: Файл 'recursive_challengeqxjzaes224lkeyh687pgggz7sqic6n8zbueat201zfz33ucpnclnzhyx.txt' не найден во втором архиве
2025-04-14 23:46:25,134 - Ошибка в файле path/ab9tm0g4.txt: Файл 'recursive_challengeqxjzaes224lkeyh687pgggz7lvv4zock9welz67w1dlkyflf.txt' не найден во втором архиве
2025-04-14 23:46:25,468 - Ошибка в файле path/cryc0mwd.txt: Файл 'recursive_challengeqxjzaes224lkeyh687pgggz7lvv4zockzoc6meh4i1e8pomo8safsrro.txt' не найден во втором архиве
2025-04-14 23:46:25,528 - Ошибка в файле path/dst8l1dd.txt: Файл 'recursive_challengeqxjzaes2plr4e33gjdxi8nzom06ur6e4x68byxltel49eq5y3bihc9kz.txt' не найден во втором архиве
2025-04-14 23:46:25,598 - Ошибка в файле path/gre0sfah.txt: Файл 'recursive_challengeqxjzaes224lkeyh687pgggz7lvv4zock0ocmmcvuv3jucgcg.txt' не найден во втором архиве
2025-04-14 23:46:25,791 - Ошибка в файле path/emh01v6g.txt: Файл 'recursive_challengeqxjzaes2plr4e33ghjsrdtoze9td5mfq4q33a5qnr46pxkxb.txt' не найден во втором архиве
2025-04-14 23:46:25,799 - Ошибка в файле path/bufz87i2.txt: Файл 'recursive_challengeqxjzaes224lkeyh687pgggz7lvv4zock3d6sd0o3t3sqfd6vlbs7ml2d.txt' не найден во втором архиве
2025-04-14 23:46:26,057 - Ошибка в файле path/fkngxwaw.txt: Файл 'recursive_challengeqxjzaes2plr4e33ghjsrdtoze9td5mfqkd47aye41roi36s4e8otf6db.txt' не найден во втором архиве
2025-04-14 23:46:26,200 - Ошибка в файле path/i187vupt.txt: Файл 'recursive_challengeqxjzaes224lkeyh6l8k5q6fs2ds7mvnr2jf743w3ph6tmhkan4cu7k59.txt' не найден во втором архиве
2025-04-14 23:46:26,402 - Ошибка в файле path/aff5h2hn.txt: Файл 'recursive_challengeqxjzaes224lkeyh6l8k5q6fs023dsfltmbupl9sp8sxuzu23.txt' не найден во втором архиве
2025-04-14 23:46:26,961 - Ошибка в файле path/du57ncra.txt: Файл 'recursive_challengeqxjzaes224lkeyh6gwzv6zt9dom3olfi60kknxn70fk8uxub.txt' не найден во втором архиве
2025-04-14 23:46:26,963 - Ошибка в файле path/csjsckmj.txt: Файл 'recursive_challengeqxjzaes224lkeyh6l8k5q6fsgeajve4dpzpvo72tv5shiy26.txt' не найден во втором архиве
2025-04-14 23:46:27,036 - Ошибка в файле path/bvksie3t.txt: Файл 'recursive_challengeqxjzaes2plr4e33ghjsrdtozmeggcmayo8pqful3obl3ohsd.txt' не найден во втором архиве
2025-04-14 23:46:27,157 - Ошибка в файле path/gtxh5qvy.txt: Файл 'recursive_challengeqxjzaes224lkeyh6l8k5q6fsgeajve4dcjnq7zsvyun4ft6q.txt' не найден во втором архиве
2025-04-14 23:46:27,308 - Ошибка в файле path/fnm0samt.txt: Файл 'recursive_challengeqxjzaes224lkeyh6l8k5q6fsvjyr8709305jkkipbc4z0bxzmsyqd3wu.txt' не найден во втором архиве
2025-04-14 23:46:27,553 - Ошибка в файле path/er1scsz7.txt: Файл 'recursive_challengeqxjzaes2plr4e33ghjsrdtoze9td5mfqtim6qmlxhcjlkqf62cojijpr.txt' не найден во втором архиве
2025-04-14 23:46:27,603 - Ошибка в файле path/i5hjjnsl.txt: Файл 'recursive_challengeqxjzaes2plr4e33ghjsrdtoze9td5mfqkd47aye4croov64qxoed2i3l.txt' не найден во втором архиве
2025-04-14 23:46:27,742 - Ошибка в файле path/aghy0oa6.txt: Файл 'recursive_challengeqxjzaes2plr4e33ghjsrdtozmeggcmayg5qb5r57hm496tow.txt' не найден во втором архиве
2025-04-14 23:46:28,404 - Ошибка в файле path/bx09ww6u.txt: Файл 'recursive_challengeqxjzaes224lkeyh6l8k5q6fsvjyr8709llc8lc445lza7rclspqabns4.txt' не найден во втором архиве
2025-04-14 23:46:28,579 - Ошибка в файле path/csk3wq24.txt: Файл 'recursive_challengeqxjzaes224lkeyh6l8k5q6fsvjyr870999575oup29bw0j1n.txt' не найден во втором архиве
2025-04-14 23:46:28,659 - Ошибка в файле path/dusqv6io.txt: Файл 'recursive_challengeqxjzaes224lkeyh687pgggz7lvv4zockzoc6meh4w5eg9l5hzopo7gfh.txt' не найден во втором архиве
2025-04-14 23:46:28,673 - Ошибка в файле path/fr95dd7l.txt: Файл 'recursive_challengeqxjzaes224lkeyh687pgggz7tgml8zq2tmb9as0573shruuox96ai1s2.txt' не найден во втором архиве
2025-04-14 23:46:28,745 - Ошибка в файле path/gu5ygjev.txt: Файл 'recursive_challengeqxjzaes224lkeyh6l8k5q6fsgeajve4dcjnq7zsvcu6hxgyl.txt' не найден во втором архиве
2025-04-14 23:46:28,862 - Ошибка в файле path/i7j0km2q.txt: Файл 'recursive_challengeqxjzaes224lkeyh6l8k5q6fsgeajve4dpzpvo72tcqumx4y1exgvrbou.txt' не найден во втором архиве
2025-04-14 23:46:28,928 - Ошибка в файле path/esi7jjuz.txt: Файл 'recursive_challengeqxjzaes224lkeyh687pgggz7lvv4zock0ocmmcvu5lobelege3x4dqeu.txt' не найден во втором архиве
2025-04-14 23:46:29,017 - Ошибка в файле path/aiz4019m.txt: Файл 'recursive_challengeqxjzaes224lkeyh6l8k5q6fs2ds7mvnroq46gospao48tf52608x4unw.txt' не найден во втором архиве
2025-04-14 23:46:29,632 - Ошибка в файле path/bxb0wgv2.txt: Файл 'recursive_challengeqxjzaes224lkeyh6l8k5q6fsgeajve4dy9lin0tg.txt' не найден во втором архиве
2025-04-14 23:46:29,944 - Ошибка в файле path/fs3yme1x.txt: Файл 'recursive_challengeqxjzaes2plr4e33ghjsrdtoze9td5mfqdhpr5fbapz20vikpjuyo4urn.txt' не найден во втором архиве
2025-04-14 23:46:29,975 - Ошибка в файле path/ct2yn49k.txt: Файл 'recursive_challengeqxjzaes224lkeyh6gwzv6zt9l9oo8gy9o3uwpb77ac9yhrd22gqm2301.txt' не найден во втором архиве
2025-04-14 23:46:29,996 - Ошибка в файле path/duv140w3.txt: Файл 'recursive_challengeqxjzaes224lkeyh6l8k5q6fsvjyr8709xut7l6x05lkdmrmbxq95jljq.txt' не найден во втором архиве
2025-04-14 23:46:30,097 - Ошибка в файле path/gw91umh9.txt: Файл 'recursive_challengeqxjzaes224lkeyh6gwzv6zt9dom3olfi60kknxn79hwvtqw4afjp29f3.txt' не найден во втором архиве
2025-04-14 23:46:30,127 - Ошибка в файле path/i94tkd7z.txt: Файл 'recursive_challengeqxjzaes224lkeyh6gwzv6zt9dom3olfic787qynu09er02c4npniz3eo.txt' не найден во втором архиве
2025-04-14 23:46:30,266 - Ошибка в файле path/estl9a53.txt: Файл 'recursive_challengeqxjzaes224lkeyh6l8k5q6fs2ds7mvnroq46gosp1c006h7svx3piuu2.txt' не найден во втором архиве
2025-04-14 23:46:30,315 - Ошибка в файле path/ak1qkph9.txt: Файл 'recursive_challengeqxjzaes224lkeyh687pgggz7lvv4zockgt9bvi3s.txt' не найден во втором архиве
2025-04-14 23:46:30,910 - Ошибка в файле path/ii19m4ct.txt: Файл 'recursive_challengeqxjzaes224lkeyh6l8k5q6fsvjyr870999575oup5cg8n4i4wddzidoz.txt' не найден во втором архиве
2025-04-14 23:46:31,186 - Ошибка в файле path/ftul00dq.txt: Файл 'recursive_challengeqxjzaes2plr4e33ghjsrdtozmeggcmayhgjfyvnmzb6eb6pit14piyo5.txt' не найден во втором архиве
2025-04-14 23:46:31,414 - Ошибка в файле path/ie6i9s5u.txt: Файл 'recursive_challengeqxjzaes224lkeyh6l8k5q6fsvjyr870999575oupylane65kayroxgtz.txt' не найден во втором архиве
2025-04-14 23:46:31,422 - Ошибка в файле path/duyk39rd.txt: Файл 'recursive_challengeqxjzaes224lkeyh687pgggz7sqic6n8zgkmc3d4s.txt' не найден во втором архиве
2025-04-14 23:46:31,470 - Ошибка в файле path/cuncv210.txt: Файл 'recursive_challengeqxjzaes224lkeyh687pgggz7lvv4zockjjidtgn61m5hlxpvha22e3o5.txt' не найден во втором архиве
2025-04-14 23:46:31,579 - Ошибка в файле path/al6fo3ld.txt: Файл 'recursive_challengeqxjzaes224lkeyh687pgggz7lvv4zockbbrngl3w9bw9c6we.txt' не найден во втором архиве
2025-04-14 23:46:31,598 - Ошибка в файле path/gyqgcwqk.txt: Файл 'recursive_challengeqxjzaes2plr4e33ghjsrdtozmeggcmay0sl0lsp9qhnp47ks.txt' не найден во втором архиве
2025-04-14 23:46:31,789 - Ошибка в файле path/evxdb7wi.txt: Файл 'recursive_challengeqxjzaes2plr4e33ghjsrdtozmeggcmayhgjfyvnmzb6eb6pip1jyfqje.txt' не найден во втором архиве
2025-04-14 23:46:32,597 - Ошибка в файле path/jikg5qje.txt: Файл 'recursive_challengeqxjzaes2plr4e33gjdxi8nzom06ur6e47ygy2j7g.txt' не найден во втором архиве
2025-04-14 23:46:32,796 - Ошибка в файле path/ii73k84i.txt: Файл 'recursive_challengeqxjzaes224lkeyh6gwzv6zt9dom3olfi60kknxn7dbzs4c7w.txt' не найден во втором архиве
2025-04-14 23:46:32,871 - Ошибка в файле path/igr086lq.txt: Файл 'recursive_challengeqxjzaes224lkeyh6l8k5q6fs2ds7mvnr2jf743w3iqqqb4gt3apyvsh2.txt' не найден во втором архиве
2025-04-14 23:46:33,137 - Ошибка в файле path/kct29m7z.txt: Файл 'recursive_challengeqxjzaes2plr4e33ghjsrdtozmeggcmayg5qb5r57leay6qey14hdyh2j.txt' не найден во втором архиве
2025-04-14 23:46:33,332 - Ошибка в файле path/ewerifrq.txt: Файл 'recursive_challengeqxjzaes2plr4e33gjdxi8nzom06ur6e4x68byxltqaio6snk4jo6pgv6.txt' не найден во втором архиве
2025-04-14 23:46:33,758 - Ошибка в файле path/cuwp0mp3.txt: Файл 'recursive_challengeqxjzaes224lkeyh687pgggz7sqic6n8zi6ifx3bff6wzbfoeipfrdhah.txt' не найден во втором архиве
2025-04-14 23:46:33,866 - Ошибка в файле path/dv1fmoiy.txt: Файл 'recursive_challengeqxjzaes224lkeyh6l8k5q6fsvjyr8709xut7l6x08nh15a9zionk335j.txt' не найден во втором архиве
2025-04-14 23:46:33,954 - Ошибка в файле path/gysfdbr8.txt: Файл 'recursive_challengeqxjzaes224lkeyh6l8k5q6fs023dsfltgvyf2kyxi2r7wyzoxhp0z4fc.txt' не найден во втором архиве
2025-04-14 23:46:34,229 - Ошибка в файле path/jjfhxzmw.txt: Файл 'recursive_challengeqxjzaes2plr4e33gjdxi8nzom06ur6e4x68byxltc1fotiqd.txt' не найден во втором архиве
2025-04-14 23:46:34,466 - Ошибка в файле path/ihtrbg5n.txt: Файл 'recursive_challengeqxjzaes224lkeyh6gwzv6zt9dom3olfi60kknxn7ofnmul7u.txt' не найден во втором архиве
2025-04-14 23:46:34,758 - Ошибка в файле path/kd3jgovc.txt: Файл 'recursive_challengeqxjzaes224lkeyh687pgggz7lvv4zockzoc6meh4p3gpwl61.txt' не найден во втором архиве
2025-04-14 23:46:34,918 - Ошибка в файле path/l62hjqar.txt: Файл 'recursive_challengeqxjzaes224lkeyh6gwzv6zt9l9oo8gy9o3uwpb77ac9yhrd2rai3f244.txt' не найден во втором архиве
2025-04-14 23:46:35,153 - Ошибка в файле path/ij0izv9h.txt: Файл 'recursive_challengeqxjzaes224lkeyh687pgggz7tgml8zq2qrgj8i32.txt' не найден во втором архиве
2025-04-14 23:46:35,828 - Ошибка в файле path/msxd0yzc.txt: Файл 'recursive_challengeqxjzaes2plr4e33ghjsrdtozmeggcmay5u5561c09u4wix3njj8ohszh.txt' не найден во втором архиве
2025-04-14 23:46:35,907 - Ошибка в файле path/jksgd56y.txt: Файл 'recursive_challengeqxjzaes224lkeyh6l8k5q6fs2ds7mvnroq46gosphjw10xizkzcrbjw1.txt' не найден во втором архиве
2025-04-14 23:46:35,938 - Ошибка в файле path/dwfy0nzo.txt: Файл 'recursive_challengeqxjzaes224lkeyh687pgggz7sqic6n8zi6ifx3bflbc8lcwm4po89zl4.txt' не найден во втором архиве
2025-04-14 23:46:35,960 - Ошибка в файле path/h0ix8bxz.txt: Файл 'recursive_challengeqxjzaes224lkeyh6l8k5q6fsvjyr8709xut7l6x08nh15a9zqr6rk6dr.txt' не найден во втором архиве
2025-04-14 23:46:36,075 - Ошибка в файле path/ihu75w3y.txt: Файл 'recursive_challengeqxjzaes2plr4e33ghjsrdtozmeggcmay5u5561c0nribkhyy4mvzup20.txt' не найден во втором архиве
2025-04-14 23:46:36,438 - Ошибка в файле path/kdlhd396.txt: Файл 'recursive_challengeqxjzaes2plr4e33gjdxi8nzom06ur6e4x68byxltrlqhme6v.txt' не найден во втором архиве
2025-04-14 23:46:36,564 - Ошибка в файле path/l685qhyn.txt: Файл 'recursive_challengeqxjzaes224lkeyh6l8k5q6fsvjyr870999575oupylane65k8p76h8qe.txt' не найден во втором архиве
2025-04-14 23:46:37,223 - Ошибка в файле path/ikqyxttq.txt: Файл 'recursive_challengeqxjzaes224lkeyh687pgggz7sqic6n8zbueat201z5th1eew.txt' не найден во втором архиве
2025-04-14 23:46:37,442 - Ошибка в файле path/jnbq8zw1.txt: Файл 'recursive_challengeqxjzaes2plr4e33gjdxi8nzom06ur6e4d60rrvq1ro7rfz9d9292ypvz.txt' не найден во втором архиве
2025-04-14 23:46:37,477 - Ошибка в файле path/mun067ix.txt: Файл 'recursive_challengeqxjzaes224lkeyh6l8k5q6fsgeajve4dpzpvo72th582z6whsibk7kbt.txt' не найден во втором архиве
2025-04-14 23:46:37,923 - Ошибка в файле path/kdyll9wn.txt: Файл 'recursive_challengeqxjzaes2plr4e33ghjsrdtoze9td5mfqkd47aye4tmao6h8f1rmecsfn.txt' не найден во втором архиве
2025-04-14 23:46:37,967 - Ошибка в файле path/o4d9xvw8.txt: Файл 'recursive_challengeqxjzaes2plr4e33gjdxi8nzoueghm5hq.txt' не найден во втором архиве
2025-04-14 23:46:38,002 - Ошибка в файле path/h0y0fjcf.txt: Файл 'recursive_challengeqxjzaes224lkeyh687pgggz7sqic6n8zbueat201zfz33ucpc0brpfph.txt' не найден во втором архиве
2025-04-14 23:46:38,007 - Ошибка в файле path/ihyovgqi.txt: Файл 'recursive_challengeqxjzaes2plr4e33gjdxi8nzoz0jzger0.txt' не найден во втором архиве
2025-04-14 23:46:38,096 - Ошибка в файле path/l7i5auk7.txt: Файл 'recursive_challengeqxjzaes224lkeyh6gwzv6zt9dom3olfiqgjo1n61.txt' не найден во втором архиве
2025-04-14 23:46:38,836 - Ошибка в файле path/jnhke0ai.txt: Файл 'recursive_challengeqxjzaes2plr4e33ghjsrdtoze9td5mfqkd47aye4u8c7w55646j2icpc.txt' не найден во втором архиве
2025-04-14 23:46:38,856 - Ошибка в файле path/imeig19p.txt: Файл 'recursive_challengeqxjzaes224lkeyh6l8k5q6fsvjyr870911ahet30t4zy367606104da9.txt' не найден во втором архиве
2025-04-14 23:46:38,909 - Ошибка в файле path/mwo280cc.txt: Файл 'recursive_challengeqxjzaes224lkeyh6l8k5q6fsgeajve4dcjnq7zsv9q3ubhzr.txt' не найден во втором архиве
2025-04-14 23:46:39,324 - Ошибка в файле path/kfxek6gi.txt: Файл 'recursive_challengeqxjzaes224lkeyh6l8k5q6fsvjyr8709llc8lc44247c7f1ea0cj8xq5.txt' не найден во втором архиве
2025-04-14 23:46:39,373 - Ошибка в файле path/o5cpojcj.txt: Файл 'recursive_challengeqxjzaes224lkeyh6l8k5q6fsvjyr8709305jkkip9ps238mdt8k7zdse.txt' не найден во втором архиве
2025-04-14 23:46:39,539 - Ошибка в файле path/l99vqhgf.txt: Файл 'recursive_challengeqxjzaes224lkeyh6l8k5q6fs2ds7mvnroq46gospm0tfca24warrwnhf.txt' не найден во втором архиве
2025-04-14 23:46:39,596 - Ошибка в файле path/h151kk3i.txt: Файл 'recursive_challengeqxjzaes224lkeyh687pgggz7sqic6n8zbueat20113pgf331.txt' не найден во втором архиве
2025-04-14 23:46:39,747 - Ошибка в файле path/pche99dw.txt: Файл 'recursive_challengeqxjzaes2plr4e33ghjsrdtoze9td5mfq3ikfh9zy.txt' не найден во втором архиве
2025-04-14 23:46:40,290 - Ошибка в файле path/jnmhfsp0.txt: Файл 'recursive_challengeqxjzaes2plr4e33ghjsrdtozmeggcmay5u5561c0nribkhyyqwv3ox0g.txt' не найден во втором архиве
2025-04-14 23:46:40,727 - Ошибка в файле path/imwzrae1.txt: Файл 'recursive_challengeqxjzaes224lkeyh6l8k5q6fsvjyr870999575ouppze1yhal.txt' не найден во втором архиве
2025-04-14 23:46:40,748 - Ошибка в файле path/mwwysu0k.txt: Файл 'recursive_challengeqxjzaes224lkeyh687pgggz7tgml8zq2tmb9as05ag3gn973wf73448q.txt' не найден во втором архиве
2025-04-14 23:46:40,785 - Ошибка в файле path/o5rbdgyk.txt: Файл 'recursive_challengeqxjzaes2plr4e33ghjsrdtozmeggcmay5u5561c0ujge7gv47jd0aaz2.txt' не найден во втором архиве
2025-04-14 23:46:40,793 - Ошибка в файле path/kgbfddz5.txt: Файл 'recursive_challengeqxjzaes2plr4e33ghjsrdtoze9td5mfqdhpr5fbanvyckusmw6tbojyp.txt' не найден во втором архиве
2025-04-14 23:46:40,941 - Ошибка в файле path/lfezp18r.txt: Файл 'recursive_challengeqxjzaes224lkeyh6l8k5q6fs2ds7mvnr2jf743w3iqqqb4gtybeqp671.txt' не найден во втором архиве
2025-04-14 23:46:41,452 - Ошибка в файле path/pezdly94.txt: Файл 'recursive_challengeqxjzaes224lkeyh6l8k5q6fsvjyr8709pxt1wv6o18jk1fixsc56sc34.txt' не найден во втором архиве
2025-04-14 23:46:41,567 - Ошибка в файле path/qaibfb1m.txt: Файл 'recursive_challengeqxjzaes224lkeyh6l8k5q6fs2ds7mvnr2jf743w3iqqqb4gtg1ch138w.txt' не найден во втором архиве
2025-04-14 23:46:41,609 - Ошибка в файле path/jnzjqw28.txt: Файл 'recursive_challengeqxjzaes224lkeyh6l8k5q6fs2ds7mvnr2jf743w3nmmb7fpz.txt' не найден во втором архиве
2025-04-14 23:46:42,140 - Ошибка в файле path/iq47dgqe.txt: Файл 'recursive_challengeqxjzaes224lkeyh6l8k5q6fs023dsfltmbupl9sp6yrsabcb.txt' не найден во втором архиве
2025-04-14 23:46:42,319 - Ошибка в файле path/lh1k5750.txt: Файл 'recursive_challengeqxjzaes224lkeyh6gwzv6zt9l9oo8gy9o3uwpb77ac9yhrd2fxzs1pvp.txt' не найден во втором архиве
2025-04-14 23:46:42,533 - Ошибка в файле path/o6z57q5b.txt: Файл 'recursive_challengeqxjzaes224lkeyh6l8k5q6fsgeajve4dpzpvo72tffllz7t1upqetdga.txt' не найден во втором архиве
2025-04-14 23:46:42,660 - Ошибка в файле path/mx1b8q5y.txt: Файл 'recursive_challengeqxjzaes2plr4e33ghjsrdtoze9td5mfqdhpr5fbapz20vikp0xndgey7.txt' не найден во втором архиве
2025-04-14 23:46:42,695 - Ошибка в файле path/kh5oh3rc.txt: Файл 'recursive_challengeqxjzaes224lkeyh687pgggz7tgml8zq2tmb9as05x82k3ao8rew62788.txt' не найден во втором архиве
2025-04-14 23:46:42,845 - Ошибка в файле path/pfaqspyq.txt: Файл 'recursive_challengeqxjzaes224lkeyh6l8k5q6fsgeajve4dpzpvo72twso8d8lvn7edr38d.txt' не найден во втором архиве
2025-04-14 23:46:42,925 - Ошибка в файле path/jokp20r5.txt: Файл 'recursive_challengeqxjzaes2plr4e33gjdxi8nzom06ur6e498yqrmjh.txt' не найден во втором архиве
2025-04-14 23:46:43,172 - Ошибка в файле path/qbn5m92d.txt: Файл 'recursive_challengeqxjzaes224lkeyh6gwzv6zt9dom3olfi60kknxn7n4h62q0gwst73jdl.txt' не найден во втором архиве
2025-04-14 23:46:43,402 - Ошибка в файле path/iqstlqap.txt: Файл 'recursive_challengeqxjzaes2plr4e33ghjsrdtozmeggcmay5u5561c0ujge7gv4vwnqh9fw.txt' не найден во втором архиве
2025-04-14 23:46:43,571 - Ошибка в файле path/llbdpbnm.txt: Файл 'recursive_challengeqxjzaes224lkeyh687pgggz7tgml8zq2tmb9as05x82k3ao8gnfdv2rg.txt' не найден во втором архиве
2025-04-14 23:46:43,790 - Ошибка в файле path/o8mju3b7.txt: Файл 'recursive_challengeqxjzaes224lkeyh6l8k5q6fs2ds7mvnroq46gosp1c006h7s9vpnfz92.txt' не найден во втором архиве
2025-04-14 23:46:44,040 - Ошибка в файле path/khjty7hj.txt: Файл 'recursive_challengeqxjzaes2plr4e33ghjsrdtoze9td5mfqtim6qmlxhcjlkqf63rqqiw8x.txt' не найден во втором архиве
2025-04-14 23:46:44,052 - Ошибка в файле path/pgdexq00.txt: Файл 'recursive_challengeqxjzaes224lkeyh687pgggz7tgml8zq2tmb9as05g7s98yv52h9z7rlm.txt' не найден во втором архиве
2025-04-14 23:46:44,071 - Ошибка в файле path/mxu7nl9y.txt: Файл 'recursive_challengeqxjzaes2plr4e33ghjsrdtozmeggcmayg5qb5r57sjd3aodglf5hacxj.txt' не найден во втором архиве
2025-04-14 23:46:44,180 - Ошибка в файле path/jot3c8vt.txt: Файл 'recursive_challengeqxjzaes224lkeyh6l8k5q6fsvjyr8709llc8lc444rju4dtq.txt' не найден во втором архиве
2025-04-14 23:46:44,687 - Ошибка в файле path/ireh61ut.txt: Файл 'recursive_challengeqxjzaes224lkeyh6l8k5q6fsvjyr8709llc8lc446vxwrenoticmdet5.txt' не найден во втором архиве
2025-04-14 23:46:44,703 - Ошибка в файле path/qga4saew.txt: Файл 'recursive_challengeqxjzaes2plr4e33ghjsrdtozmeggcmayo8pqful3dnvivk8d.txt' не найден во втором архиве
2025-04-14 23:46:44,860 - Ошибка в файле path/llxhaefh.txt: Файл 'recursive_challengeqxjzaes224lkeyh6l8k5q6fs2ds7mvnroq46gospm0tfca241cork89c.txt' не найден во втором архиве
2025-04-14 23:46:45,219 - Ошибка в файле path/o8wbn9ni.txt: Файл 'recursive_challengeqxjzaes224lkeyh6l8k5q6fs2ds7mvnr2jf743w3iqqqb4gt7yvvqud5.txt' не найден во втором архиве
2025-04-14 23:46:45,287 - Ошибка в файле path/pi94sr50.txt: Файл 'recursive_challengeqxjzaes2plr4e33ghjsrdtoze9td5mfqxk9zyis4mvi74o75v4xdyifl.txt' не найден во втором архиве
2025-04-14 23:46:45,373 - Ошибка в файле path/ki3w0p0c.txt: Файл 'recursive_challengeqxjzaes224lkeyh6l8k5q6fsgeajve4dpzpvo72t61yxvjfuqwewtw26.txt' не найден во втором архиве
2025-04-14 23:46:45,400 - Ошибка в файле path/jp5m46z7.txt: Файл 'recursive_challengeqxjzaes224lkeyh6l8k5q6fsvjyr870911ahet30ezmu1flp.txt' не найден во втором архиве
2025-04-14 23:46:45,453 - Ошибка в файле path/mzf4sf4i.txt: Файл 'recursive_challengeqxjzaes2plr4e33ghjsrdtoze9td5mfqkd47aye4u8c7w5568kosbyyc.txt' не найден во втором архиве
2025-04-14 23:46:45,915 - Ошибка в файле path/is7akth5.txt: Файл 'recursive_challengeqxjzaes2plr4e33ghjsrdtoze9td5mfqkd47aye4u8c7w55602w0r1hc.txt' не найден во втором архиве
2025-04-14 23:46:46,008 - Ошибка в файле path/qi4dn6n3.txt: Файл 'recursive_challengeqxjzaes2plr4e33ghjsrdtoze9td5mfqkd47aye4ofz9e66m0lk1czdp.txt' не найден во втором архиве
2025-04-14 23:46:46,055 - Ошибка в файле path/lni7tskz.txt: Файл 'recursive_challengeqxjzaes224lkeyh687pgggz7tgml8zq2tmb9as05zsz2edj981kjbrhx.txt' не найден во втором архиве
2025-04-14 23:46:46,520 - Ошибка в файле path/pkgx9cug.txt: Файл 'recursive_challengeqxjzaes224lkeyh6l8k5q6fsvjyr8709305jkkipndcbia75.txt' не найден во втором архиве
2025-04-14 23:46:46,666 - Ошибка в файле path/jpd9ymsu.txt: Файл 'recursive_challengeqxjzaes224lkeyh6l8k5q6fs2ds7mvnroq46gospao48tf52u1n6hkt0.txt' не найден во втором архиве
2025-04-14 23:46:46,676 - Ошибка в файле path/o8y7orcj.txt: Файл 'recursive_challengeqxjzaes2plr4e33ghjsrdtozwv71uyj1.txt' не найден во втором архиве
2025-04-14 23:46:46,858 - Ошибка в файле path/kjka1vw2.txt: Файл 'recursive_challengeqxjzaes224lkeyh687pgggz7lvv4zock300enzqklr5rstjd2xssgmzt.txt' не найден во втором архиве
2025-04-14 23:46:46,890 - Ошибка в файле path/n089z9se.txt: Файл 'recursive_challengeqxjzaes224lkeyh6l8k5q6fs2ds7mvnroq46gosp1c006h7sbtuzvout.txt' не найден во втором архиве
2025-04-14 23:46:47,146 - Ошибка в файле path/it40ur10.txt: Файл 'recursive_challengeqxjzaes224lkeyh6l8k5q6fsvjyr8709pxt1wv6o18jk1fixod9i1hig.txt' не найден во втором архиве
2025-04-14 23:46:47,287 - Ошибка в файле path/lq8vvcdz.txt: Файл 'recursive_challengeqxjzaes224lkeyh6l8k5q6fs023dsfltmbupl9sp3uoc8vrpqheleujf.txt' не найден во втором архиве
2025-04-14 23:46:47,464 - Ошибка в файле path/qi778iir.txt: Файл 'recursive_challengeqxjzaes224lkeyh6gwzv6zt9l9oo8gy9o3uwpb77ofnorat1.txt' не найден во втором архиве
2025-04-14 23:46:47,782 - Ошибка в файле path/plxo49gg.txt: Файл 'recursive_challengeqxjzaes2plr4e33ghjsrdtozmeggcmay07l1qnkaho44ye1e.txt' не найден во втором архиве
2025-04-14 23:46:47,855 - Ошибка в файле path/jqblwnp4.txt: Файл 'recursive_challengeqxjzaes224lkeyh6gwzv6zt9dom3olfi60kknxn7n4h62q0gvohyjper.txt' не найден во втором архиве
2025-04-14 23:46:48,068 - Ошибка в файле path/o8y94j7y.txt: Файл 'recursive_challengeqxjzaes2plr4e33ghjsrdtozll16tmku.txt' не найден во втором архиве
2025-04-14 23:46:48,355 - Ошибка в файле path/itg3di5h.txt: Файл 'recursive_challengeqxjzaes224lkeyh6l8k5q6fsvjyr8709llc8lc446vxwreno8xuuax1q.txt' не найден во втором архиве
2025-04-14 23:46:48,379 - Ошибка в файле path/kjn739kg.txt: Файл 'recursive_challengeqxjzaes224lkeyh6l8k5q6fsvjyr870911ahet30t4zy3676xolwhr60.txt' не найден во втором архиве
2025-04-14 23:46:48,429 - Ошибка в файле path/n29dhzbe.txt: Файл 'recursive_challengeqxjzaes224lkeyh6l8k5q6fsvjyr8709pxt1wv6ody5ifesn.txt' не найден во втором архиве
2025-04-14 23:46:48,556 - Ошибка в файле path/lrb1jjc0.txt: Файл 'recursive_challengeqxjzaes224lkeyh6gwzv6zt9dom3olfic787qynu09er02c4ssx4nddw.txt' не найден во втором архиве
2025-04-14 23:46:48,881 - Ошибка в файле path/qlhsec4e.txt: Файл 'recursive_challengeqxjzaes224lkeyh6l8k5q6fsvjyr8709305jkkippep9dfhj7ywwbikr.txt' не найден во втором архиве
2025-04-14 23:46:48,985 - Ошибка в файле path/pm6mzokx.txt: Файл 'recursive_challengeqxjzaes2plr4e33ghjsrdtozmeggcmayg5qb5r57leay6qeywpbzwuvu.txt' не найден во втором архиве
2025-04-14 23:46:49,077 - Ошибка в файле path/jqfw8dqu.txt: Файл 'recursive_challengeqxjzaes224lkeyh6l8k5q6fsvjyr870999575oupefopaj3lmnha0zsp.txt' не найден во втором архиве
2025-04-14 23:46:49,399 - Ошибка в файле path/oanpa5mb.txt: Файл 'recursive_challengeqxjzaes2plr4e33ghjsrdtozmeggcmayhgjfyvnmv8ierp5grpu36xna.txt' не найден во втором архиве
2025-04-14 23:46:49,631 - Ошибка в файле path/iu2kj6fy.txt: Файл 'recursive_challengeqxjzaes2plr4e33gjdxi8nzo7wn31847.txt' не найден во втором архиве
2025-04-14 23:46:49,654 - Ошибка в файле path/kjnaoozi.txt: Файл 'recursive_challengeqxjzaes224lkeyh687pgggz7tgml8zq2tmb9as05x82k3ao8nw01hzhp.txt' не найден во втором архиве
2025-04-14 23:46:49,724 - Ошибка в файле path/n3gbsh9f.txt: Файл 'recursive_challengeqxjzaes224lkeyh687pgggz7tgml8zq2tmb9as05x82k3ao8nhao8wms.txt' не найден во втором архиве
2025-04-14 23:46:49,778 - Ошибка в файле path/ls9qzkge.txt: Файл 'recursive_challengeqxjzaes224lkeyh687pgggz7lvv4zock300enzqkkiprgj4c.txt' не найден во втором архиве
2025-04-14 23:46:50,152 - Ошибка в файле path/qqbqm137.txt: Файл 'recursive_challengeqxjzaes224lkeyh687pgggz7sqic6n8zbueat201bzzihisj.txt' не найден во втором архиве
2025-04-14 23:46:50,191 - Ошибка в файле path/pmspca89.txt: Файл 'recursive_challengeqxjzaes224lkeyh6l8k5q6fsgeajve4dpzpvo72t61yxvjfukxrh6inm.txt' не найден во втором архиве
2025-04-14 23:46:50,336 - Ошибка в файле path/jqookbaz.txt: Файл 'recursive_challengeqxjzaes224lkeyh6l8k5q6fs2ds7mvnroq46gosp1c006h7ssfafgu32.txt' не найден во втором архиве
2025-04-14 23:46:50,576 - Ошибка в файле path/obuwrqgu.txt: Файл 'recursive_challengeqxjzaes2plr4e33ghjsrdtoze9td5mfqkd47aye4ofz9e66mp41uunsy.txt' не найден во втором архиве
2025-04-14 23:46:50,817 - Ошибка в файле path/klhjfv3s.txt: Файл 'recursive_challengeqxjzaes2plr4e33ghjsrdtoze9td5mfqkd47aye4hp3qg564fyj6sr46.txt' не найден во втором архиве
2025-04-14 23:46:50,820 - Ошибка в файле path/ivfgw7u1.txt: Файл 'recursive_challengeqxjzaes224lkeyh687pgggz7sqic6n8zi6ifx3bf5epv9zox.txt' не найден во втором архиве
2025-04-14 23:46:50,941 - Ошибка в файле path/n4kvcj9g.txt: Файл 'recursive_challengeqxjzaes224lkeyh6gwzv6zt9dom3olfic787qynu20gmdg1s.txt' не найден во втором архиве
2025-04-14 23:46:50,945 - Ошибка в файле path/lw0hxoi6.txt: Файл 'recursive_challengeqxjzaes2plr4e33ghjsrdtozmeggcmayg5qb5r57gz08zbpkhndngfd3.txt' не найден во втором архиве
2025-04-14 23:46:51,305 - Ошибка в файле path/qs1aivx4.txt: Файл 'recursive_challengeqxjzaes224lkeyh6l8k5q6fs023dsfltmbupl9sp2te4v4ya5zh2kfxm.txt' не найден во втором архиве
2025-04-14 23:46:51,346 - Ошибка в файле path/po9t9rvg.txt: Файл 'recursive_challengeqxjzaes224lkeyh6l8k5q6fsvjyr870911ahet30t4zy3676epx57rcx.txt' не найден во втором архиве
2025-04-14 23:46:51,519 - Ошибка в файле path/jr7g1f7t.txt: Файл 'recursive_challengeqxjzaes224lkeyh6l8k5q6fs023dsfltgvyf2kyxoici8z6pgo2wlyle.txt' не найден во втором архиве
2025-04-14 23:46:51,760 - Ошибка в файле path/odco2bv5.txt: Файл 'recursive_challengeqxjzaes224lkeyh6l8k5q6fsvjyr870911ahet305di82xx5twcp6zui.txt' не найден во втором архиве
2025-04-14 23:46:51,967 - Ошибка в файле path/ixbb7m61.txt: Файл 'recursive_challengeqxjzaes224lkeyh6l8k5q6fsgeajve4dpzpvo72tcqumx4y1w3ajhn8o.txt' не найден во втором архиве
2025-04-14 23:46:52,030 - Ошибка в файле path/klluapsw.txt: Файл 'recursive_challengeqxjzaes224lkeyh6l8k5q6fsvjyr870911ahet302801fifivs3rglmw.txt' не найден во втором архиве
2025-04-14 23:46:52,110 - Ошибка в файле path/n5bwrard.txt: Файл 'recursive_challengeqxjzaes2plr4e33gjdxi8nzom06ur6e4xks5njcg.txt' не найден во втором архиве
2025-04-14 23:46:52,134 - Ошибка в файле path/lwfkzak7.txt: Файл 'recursive_challengeqxjzaes224lkeyh6l8k5q6fs023dsfltmbupl9sp3uoc8vrp3ndrpk3o.txt' не найден во втором архиве
2025-04-14 23:46:52,497 - Ошибка в файле path/qsu30t5h.txt: Файл 'recursive_challengeqxjzaes2plr4e33ghjsrdtoze9td5mfqtim6qmlx8epksrjg.txt' не найден во втором архиве
2025-04-14 23:46:52,551 - Ошибка в файле path/ppznfg0e.txt: Файл 'recursive_challengeqxjzaes224lkeyh6l8k5q6fsvjyr870999575oupidkc4gqohqh7of94.txt' не найден во втором архиве
2025-04-14 23:46:52,682 - Ошибка в файле path/jsfpe8bm.txt: Файл 'recursive_challengeqxjzaes224lkeyh687pgggz7sqic6n8zi6ifx3bfqpvbvwdl4uljl8wp.txt' не найден во втором архиве
2025-04-14 23:46:52,907 - Ошибка в файле path/ogfo889z.txt: Файл 'recursive_challengeqxjzaes2plr4e33ghjsrdtozmeggcmay07l1qnkavecl12hbue2qk1pn.txt' не найден во втором архиве
2025-04-14 23:46:53,110 - Ошибка в файле path/iyuhzvpc.txt: Файл 'recursive_challengeqxjzaes224lkeyh6l8k5q6fsgeajve4dpzpvo72th582z6whs5ou1g1r.txt' не найден во втором архиве
2025-04-14 23:46:53,185 - Ошибка в файле path/kmsgigc3.txt: Файл 'recursive_challengeqxjzaes224lkeyh6l8k5q6fs2ds7mvnroq46gosp1c006h7s111dm0is.txt' не найден во втором архиве
2025-04-14 23:46:53,267 - Ошибка в файле path/m04e5w9d.txt: Файл 'recursive_challengeqxjzaes2plr4e33ghjsrdtozmeggcmay5u5561c0x4igp7381yojlxkh.txt' не найден во втором архиве
2025-04-14 23:46:53,269 - Ошибка в файле path/n7u7747l.txt: Файл 'recursive_challengeqxjzaes224lkeyh687pgggz7tgml8zq2tmb9as05ag3gn973um3k3snh.txt' не найден во втором архиве
2025-04-14 23:46:53,691 - Ошибка в файле path/qubbzd18.txt: Файл 'recursive_challengeqxjzaes224lkeyh687pgggz7lvv4zock0ocmmcvuztkinjoy.txt' не найден во втором архиве
2025-04-14 23:46:53,700 - Ошибка в файле path/pq7nc3xf.txt: Файл 'recursive_challengeqxjzaes224lkeyh687pgggz7tgml8zq2tmb9as05g7s98yv5d8w4dc2g.txt' не найден во втором архиве
2025-04-14 23:46:53,853 - Ошибка в файле path/jts5ozrk.txt: Файл 'recursive_challengeqxjzaes224lkeyh687pgggz7sqic6n8zi6ifx3bfl8tg9ehkfx0wjf4i.txt' не найден во втором архиве
2025-04-14 23:46:54,074 - Ошибка в файле path/ogyovj80.txt: Файл 'recursive_challengeqxjzaes224lkeyh687pgggz7lvv4zockzoc6meh4i1e8pomokpkjhxve.txt' не найден во втором архиве
2025-04-14 23:46:54,266 - Ошибка в файле path/iz8oozix.txt: Файл 'recursive_challengeqxjzaes224lkeyh6l8k5q6fsgeajve4dpzpvo72t9nq8fsyeke68n0sa.txt' не найден во втором архиве
2025-04-14 23:46:54,357 - Ошибка в файле path/koy0c9gu.txt: Файл 'recursive_challengeqxjzaes2plr4e33ghjsrdtoze9td5mfqtim6qmlx9zkn7zv2dgarxqbn.txt' не найден во втором архиве
2025-04-14 23:46:54,449 - Ошибка в файле path/n8n2so3s.txt: Файл 'recursive_challengeqxjzaes224lkeyh6l8k5q6fsgeajve4dpzpvo72twso8d8lvf9llp1ix.txt' не найден во втором архиве
2025-04-14 23:46:54,454 - Ошибка в файле path/m14eyn64.txt: Файл 'recursive_challengeqxjzaes2plr4e33gjdxi8nzom06ur6e4x68byxltpq8wjtao.txt' не найден во втором архиве
2025-04-14 23:46:54,849 - Ошибка в файле path/pqel8bhe.txt: Файл 'recursive_challengeqxjzaes224lkeyh6l8k5q6fsvjyr8709xut7l6x0ocsrok97dovsv6fc.txt' не найден во втором архиве
2025-04-14 23:46:54,889 - Ошибка в файле path/qune1bof.txt: Файл 'recursive_challengeqxjzaes2plr4e33ghjsrdtoze9td5mfqtim6qmlxo42ub6z7.txt' не найден во втором архиве
2025-04-14 23:46:55,047 - Ошибка в файле path/juco9wcz.txt: Файл 'recursive_challengeqxjzaes2plr4e33ghjsrdtoze9td5mfqdhpr5fba8dqz1o4r.txt' не найден во втором архиве
2025-04-14 23:46:55,258 - Ошибка в файле path/okd71u7t.txt: Файл 'recursive_challengeqxjzaes2plr4e33ghjsrdtozmeggcmayhgjfyvnmv8ierp5g1j1c63vw.txt' не найден во втором архиве
2025-04-14 23:46:55,461 - Ошибка в файле path/j04vme71.txt: Файл 'recursive_challengeqxjzaes224lkeyh6gwzv6zt9l9oo8gy9o3uwpb77iwejl6af.txt' не найден во втором архиве
2025-04-14 23:46:55,549 - Ошибка в файле path/kpb2ocwi.txt: Файл 'recursive_challengeqxjzaes224lkeyh687pgggz7lvv4zockbbrngl3wyjtpmx90.txt' не найден во втором архиве
2025-04-14 23:46:55,588 - Ошибка в файле path/nejlhb3v.txt: Файл 'recursive_challengeqxjzaes224lkeyh6l8k5q6fsgeajve4dpzpvo72tffllz7t13m45borg.txt' не найден во втором архиве
2025-04-14 23:46:55,626 - Ошибка в файле path/m3pq1p47.txt: Файл 'recursive_challengeqxjzaes2plr4e33ghjsrdtoze9td5mfqkd47aye4u8c7w556m6ho3qnl.txt' не найден во втором архиве
2025-04-14 23:46:56,034 - Ошибка в файле path/qux8zc0t.txt: Файл 'recursive_challengeqxjzaes2plr4e33ghjsrdtoze9td5mfq4q33a5qnoha7yaln.txt' не найден во втором архиве
2025-04-14 23:46:56,035 - Ошибка в файле path/pqnu06ls.txt: Файл 'recursive_challengeqxjzaes2plr4e33ghjsrdtoze9td5mfqdhpr5fba561rlpoza53kzicy.txt' не найден во втором архиве
2025-04-14 23:46:56,189 - Ошибка в файле path/judedb67.txt: Файл 'recursive_challengeqxjzaes2plr4e33gjdxi8nzom06ur6e4x68byxlt4y9wbhth9bh8hd1h.txt' не найден во втором архиве
2025-04-14 23:46:56,392 - Ошибка в файле path/okujw41p.txt: Файл 'recursive_challengeqxjzaes224lkeyh6l8k5q6fsvjyr8709305jkkipbc4z0bxz5x5qrdmg.txt' не найден во втором архиве
2025-04-14 23:46:56,621 - Ошибка в файле path/j1jwbgz2.txt: Файл 'recursive_challengeqxjzaes224lkeyh687pgggz7be2i1n0m.txt' не найден во втором архиве
2025-04-14 23:46:56,744 - Ошибка в файле path/nic408sv.txt: Файл 'recursive_challengeqxjzaes2plr4e33ghjsrdtozmeggcmayhgjfyvnmv8ierp5guo4y5kr7.txt' не найден во втором архиве
2025-04-14 23:46:56,747 - Ошибка в файле path/kpu7kcyi.txt: Файл 'recursive_challengeqxjzaes224lkeyh6l8k5q6fs2ds7mvnroq46gospgeqz0w6h.txt' не найден во втором архиве
2025-04-14 23:46:56,813 - Ошибка в файле path/m4cb1c5u.txt: Файл 'recursive_challengeqxjzaes224lkeyh6l8k5q6fsvjyr8709pxt1wv6ohq5dlr26.txt' не найден во втором архиве
2025-04-14 23:46:57,172 - Ошибка в файле path/ps16zasq.txt: Файл 'recursive_challengeqxjzaes224lkeyh687pgggz7tgml8zq2tmb9as05f3apwtnp9cm1pfat.txt' не найден во втором архиве
2025-04-14 23:46:57,207 - Ошибка в файле path/qvrd4uur.txt: Файл 'recursive_challengeqxjzaes2plr4e33ghjsrdtoz320t7d5s.txt' не найден во втором архиве
2025-04-14 23:46:57,327 - Ошибка в файле path/jvia06ou.txt: Файл 'recursive_challengeqxjzaes224lkeyh6l8k5q6fsvjyr8709pxt1wv6o18jk1fix5aldcmez.txt' не найден во втором архиве
2025-04-14 23:46:57,553 - Ошибка в файле path/onbfiww1.txt: Файл 'recursive_challengeqxjzaes224lkeyh687pgggz7sqic6n8zi6ifx3bff6wzbfoeo9orc95p.txt' не найден во втором архиве
2025-04-14 23:46:57,772 - Ошибка в файле path/j2uyue38.txt: Файл 'recursive_challengeqxjzaes224lkeyh687pgggz7lvv4zock300enzqklr5rstjd8xxlpu6s.txt' не найден во втором архиве
2025-04-14 23:46:57,884 - Ошибка в файле path/kq0dxnkq.txt: Файл 'recursive_challengeqxjzaes224lkeyh687pgggz7lvv4zock0ocmmcvu5lobelegomu3676t.txt' не найден во втором архиве
2025-04-14 23:46:57,913 - Ошибка в файле path/nikimppc.txt: Файл 'recursive_challengeqxjzaes224lkeyh6l8k5q6fsgeajve4dcjnq7zsvsapuw6uf.txt' не найден во втором архиве
2025-04-14 23:46:57,975 - Ошибка в файле path/m515x7xr.txt: Файл 'recursive_challengeqxjzaes224lkeyh6l8k5q6fsvjyr87091nrbxwyic6b7n22lkgexrns1.txt' не найден во втором архиве
2025-04-14 23:46:58,324 - Ошибка в файле path/pu11qt3s.txt: Файл 'recursive_challengeqxjzaes224lkeyh6gwzv6zt9l9oo8gy9o3uwpb77ac9yhrd2vezjs3jd.txt' не найден во втором архиве
2025-04-14 23:46:58,382 - Ошибка в файле path/qw9fwz98.txt: Файл 'recursive_challengeqxjzaes224lkeyh6l8k5q6fsvjyr8709pxt1wv6o18jk1fixm591ut9d.txt' не найден во втором архиве
2025-04-14 23:46:58,498 - Ошибка в файле path/jxrccbxo.txt: Файл 'recursive_challengeqxjzaes224lkeyh6l8k5q6fsvjyr87091nrbxwyi8uceyril.txt' не найден во втором архиве
2025-04-14 23:46:58,734 - Ошибка в файле path/opajgf7f.txt: Файл 'recursive_challengeqxjzaes224lkeyh6l8k5q6fsvjyr870999575oupylane65ku1v5wgvr.txt' не найден во втором архиве
2025-04-14 23:46:58,944 - Ошибка в файле path/j3iy8r0l.txt: Файл 'recursive_challengeqxjzaes224lkeyh687pgggz7tgml8zq2tmb9as05zsz2edj9dut3qhvb.txt' не найден во втором архиве
2025-04-14 23:46:59,093 - Ошибка в файле path/nj9xipi8.txt: Файл 'recursive_challengeqxjzaes224lkeyh6l8k5q6fs2ds7mvnr2jf743w3pyb7rxbb3k78iiat.txt' не найден во втором архиве
2025-04-14 23:46:59,093 - Ошибка в файле path/kr64es9d.txt: Файл 'recursive_challengeqxjzaes224lkeyh6l8k5q6fsvjyr870911ahet302801fifit9tpev92.txt' не найден во втором архиве
2025-04-14 23:46:59,164 - Ошибка в файле path/m5ta01vy.txt: Файл 'recursive_challengeqxjzaes224lkeyh687pgggz7sqic6n8zbueat201vzbhe72jnnuxe7ky.txt' не найден во втором архиве
2025-04-14 23:46:59,501 - Ошибка в файле path/puxlqh1p.txt: Файл 'recursive_challengeqxjzaes224lkeyh6l8k5q6fsvjyr870911ahet302801fifitheum6nt.txt' не найден во втором архиве
2025-04-14 23:46:59,534 - Ошибка в файле path/qwmzhsa9.txt: Файл 'recursive_challengeqxjzaes224lkeyh687pgggz7lvv4zock300enzqklr5rstjdahf0q760.txt' не найден во втором архиве
2025-04-14 23:46:59,695 - Ошибка в файле path/jzkjncra.txt: Файл 'recursive_challengeqxjzaes224lkeyh6l8k5q6fs2ds7mvnr2jf743w3are2fqiv3aqm17hl.txt' не найден во втором архиве
2025-04-14 23:46:59,921 - Ошибка в файле path/or0qkn6u.txt: Файл 'recursive_challengeqxjzaes224lkeyh687pgggz7sqic6n8zbueat201xnt7pdue.txt' не найден во втором архиве
2025-04-14 23:47:00,110 - Ошибка в файле path/j416j0pq.txt: Файл 'recursive_challengeqxjzaes224lkeyh6gwzv6zt9quhw00su.txt' не найден во втором архиве
2025-04-14 23:47:00,233 - Ошибка в файле path/nkg5s76u.txt: Файл 'recursive_challengeqxjzaes224lkeyh6l8k5q6fsgeajve4dpzpvo72th582z6wh52c0vwan.txt' не найден во втором архиве
2025-04-14 23:47:00,284 - Ошибка в файле path/krb83l8r.txt: Файл 'recursive_challengeqxjzaes2plr4e33ghjsrdtoze9td5mfqkd47aye4tmao6h8fwzp9os3g.txt' не найден во втором архиве
2025-04-14 23:47:00,325 - Ошибка в файле path/m7rgwhd3.txt: Файл 'recursive_challengeqxjzaes224lkeyh687pgggz7lvv4zockzoc6meh4w5eg9l5hvosvizo1.txt' не найден во втором архиве
2025-04-14 23:47:00,692 - Ошибка в файле path/pvrxvtcs.txt: Файл 'recursive_challengeqxjzaes2plr4e33ghjsrdtozmeggcmayo8pqful39td7hci6.txt' не найден во втором архиве
2025-04-14 23:47:00,708 - Ошибка в файле path/qxemavkq.txt: Файл 'recursive_challengeqxjzaes2plr4e33ghjsrdtozmeggcmayhgjfyvnmzb6eb6pi6gjdo28v.txt' не найден во втором архиве
2025-04-14 23:47:00,834 - Ошибка в файле path/k10pwcx7.txt: Файл 'recursive_challengeqxjzaes224lkeyh6l8k5q6fsvjyr8709305jkkip9ps238mdasxl5li6.txt' не найден во втором архиве
2025-04-14 23:47:01,063 - Ошибка в файле path/orpw736k.txt: Файл 'recursive_challengeqxjzaes224lkeyh687pgggz7sqic6n8zi6ifx3bfmte0uqps3wvml571.txt' не найден во втором архиве
2025-04-14 23:47:01,250 - Ошибка в файле path/j4334xb6.txt: Файл 'recursive_challengeqxjzaes2plr4e33ghjsrdtozmeggcmayco5irl3w.txt' не найден во втором архиве
2025-04-14 23:47:01,405 - Ошибка в файле path/nmj7qo1u.txt: Файл 'recursive_challengeqxjzaes2plr4e33ghjsrdtozmeggcmay07l1qnkavecl12hba2un8u62.txt' не найден во втором архиве
2025-04-14 23:47:01,482 - Ошибка в файле path/kruzzjow.txt: Файл 'recursive_challengeqxjzaes224lkeyh687pgggz7sqic6n8zi6ifx3bfmte0uqps36rj81ty.txt' не найден во втором архиве
2025-04-14 23:47:01,502 - Ошибка в файле path/m94120xc.txt: Файл 'recursive_challengeqxjzaes224lkeyh6l8k5q6fsgeajve4dcjnq7zsvboemyllk8tugp1zl.txt' не найден во втором архиве
2025-04-14 23:47:01,835 - Ошибка в файле path/px6v1ior.txt: Файл 'recursive_challengeqxjzaes224lkeyh6l8k5q6fsvjyr8709305jkkip9ps238md2jycggk0.txt' не найден во втором архиве
2025-04-14 23:47:01,865 - Ошибка в файле path/r1ql5f6u.txt: Файл 'recursive_challengeqxjzaes224lkeyh6l8k5q6fsvjyr8709pxt1wv6ol6ux5fy6uydr8imo.txt' не найден во втором архиве
2025-04-14 23:47:02,006 - Ошибка в файле path/k2xyg326.txt: Файл 'recursive_challengeqxjzaes224lkeyh687pgggz7lvv4zockjjidtgn62jxg2jx4.txt' не найден во втором архиве
2025-04-14 23:47:02,207 - Ошибка в файле path/osq5flpx.txt: Файл 'recursive_challengeqxjzaes2plr4e33ghjsrdtozmeggcmay0sl0lsp9tac9i2sohg15y31r.txt' не найден во втором архиве
2025-04-14 23:47:02,404 - Ошибка в файле path/j4u4gorb.txt: Файл 'recursive_challengeqxjzaes224lkeyh6l8k5q6fsvjyr8709305jkkip9ps238mdydz39ic6.txt' не найден во втором архиве
2025-04-14 23:47:02,586 - Ошибка в файле path/nn1i3jod.txt: Файл 'recursive_challengeqxjzaes2plr4e33gjdxi8nzom06ur6e4165ajynh.txt' не найден во втором архиве
2025-04-14 23:47:02,652 - Ошибка в файле path/kv59dj57.txt: Файл 'recursive_challengeqxjzaes2plr4e33gjdxi8nzom06ur6e4x68byxlt4s6mtaspc5zlkvm3.txt' не найден во втором архиве
2025-04-14 23:47:02,656 - Ошибка в файле path/m98fi3t9.txt: Файл 'recursive_challengeqxjzaes2plr4e33ghjsrdtozmeggcmay5u5561c0x4igp7381mm945ad.txt' не найден во втором архиве
2025-04-14 23:47:02,973 - Ошибка в файле path/pxf8neg3.txt: Файл 'recursive_challengeqxjzaes2plr4e33ghjsrdtoze9td5mfqxk9zyis4mvi74o75fn20bd65.txt' не найден во втором архиве
2025-04-14 23:47:03,081 - Ошибка в файле path/r1vygjal.txt: Файл 'recursive_challengeqxjzaes224lkeyh6l8k5q6fsvjyr87091nrbxwyiuo9ajs5h.txt' не найден во втором архиве
2025-04-14 23:47:03,175 - Ошибка в файле path/k5ox0vz6.txt: Файл 'recursive_challengeqxjzaes2plr4e33ghjsrdtoze9td5mfqtim6qmlxej2g4b6cptb2ca00.txt' не найден во втором архиве
2025-04-14 23:47:03,365 - Ошибка в файле path/ot7eryds.txt: Файл 'recursive_challengeqxjzaes224lkeyh687pgggz7lvv4zockzoc6meh4i1e8pomorw1612fv.txt' не найден во втором архиве
2025-04-14 23:47:03,600 - Ошибка в файле path/j9bjvz45.txt: Файл 'recursive_challengeqxjzaes2plr4e33ghjsrdtoze9td5mfqtim6qmlxej2g4b6cderflc0w.txt' не найден во втором архиве
2025-04-14 23:47:03,795 - Ошибка в файле path/nnfl1q4o.txt: Файл 'recursive_challengeqxjzaes224lkeyh6l8k5q6fsgeajve4dpzpvo72tb3ckca8e.txt' не найден во втором архиве
2025-04-14 23:47:03,826 - Ошибка в файле path/kv5en24a.txt: Файл 'recursive_challengeqxjzaes2plr4e33ghjsrdtozmeggcmayg5qb5r57nd1m1tj1.txt' не найден во втором архиве
2025-04-14 23:47:03,839 - Ошибка в файле path/malur91u.txt: Файл 'recursive_challengeqxjzaes224lkeyh687pgggz7lvv4zockzoc6meh4w5eg9l5h9hdjl7ib.txt' не найден во втором архиве
2025-04-14 23:47:04,146 - Ошибка в файле path/py0cqma5.txt: Файл 'recursive_challengeqxjzaes224lkeyh6l8k5q6fsgeajve4dcjnq7zsvtfss6kvt.txt' не найден во втором архиве
2025-04-14 23:47:04,228 - Ошибка в файле path/r2b3oq4d.txt: Файл 'recursive_challengeqxjzaes224lkeyh6gwzv6zt9l9oo8gy9qopvpu5a.txt' не найден во втором архиве
2025-04-14 23:47:04,335 - Ошибка в файле path/k9a78q9l.txt: Файл 'recursive_challengeqxjzaes224lkeyh6l8k5q6fs023dsfltgvyf2kyxa113n4wqhbd4o7i3.txt' не найден во втором архиве
2025-04-14 23:47:04,548 - Ошибка в файле path/ow5o9t9x.txt: Файл 'recursive_challengeqxjzaes2plr4e33ghjsrdtoze9td5mfqdhpr5fba2p4n7cs19czb0d6u.txt' не найден во втором архиве
2025-04-14 23:47:04,740 - Ошибка в файле path/jcnp5n3r.txt: Файл 'recursive_challengeqxjzaes224lkeyh687pgggz7lvv4zock300enzqk373a8asn78z74lnu.txt' не найден во втором архиве
2025-04-14 23:47:04,935 - Ошибка в файле path/npn7ukx5.txt: Файл 'recursive_challengeqxjzaes224lkeyh6l8k5q6fsgeajve4dpzpvo72th582z6whw8843poi.txt' не найден во втором архиве
2025-04-14 23:47:05,008 - Ошибка в файле path/kwf1a899.txt: Файл 'recursive_challengeqxjzaes224lkeyh687pgggz7lvv4zock300enzqktypdmx3598dq5cem.txt' не найден во втором архиве
2025-04-14 23:47:05,032 - Ошибка в файле path/me4z1que.txt: Файл 'recursive_challengeqxjzaes224lkeyh6l8k5q6fsvjyr87091nrbxwyim717p9u5.txt' не найден во втором архиве
2025-04-14 23:47:05,330 - Ошибка в файле path/py45ofbq.txt: Файл 'recursive_challengeqxjzaes2plr4e33ghjsrdtoze9td5mfqxk9zyis4mvi74o75jjk18o6f.txt' не найден во втором архиве
2025-04-14 23:47:05,381 - Ошибка в файле path/r3ee4nqi.txt: Файл 'recursive_challengeqxjzaes224lkeyh687pgggz7lvv4zockzoc6meh4i1e8pomo4eietrik.txt' не найден во втором архиве
2025-04-14 23:47:05,491 - Ошибка в файле path/k9nx5ib7.txt: Файл 'recursive_challengeqxjzaes2plr4e33gjdxi8nzom06ur6e4x68byxltuqk973c9m2zym30t.txt' не найден во втором архиве
2025-04-14 23:47:05,699 - Ошибка в файле path/owss0to6.txt: Файл 'recursive_challengeqxjzaes2plr4e33ghjsrdtoze9td5mfqs4hvomyj.txt' не найден во втором архиве
2025-04-14 23:47:05,898 - Ошибка в файле path/jdc8i3q6.txt: Файл 'recursive_challengeqxjzaes224lkeyh687pgggz7lvv4zock3d6sd0o3t3sqfd6vsj2ussue.txt' не найден во втором архиве
2025-04-14 23:47:06,126 - Ошибка в файле path/nqgegdq3.txt: Файл 'recursive_challengeqxjzaes224lkeyh687pgggz7lvv4zock300enzqkgbnr9np9gppemjha.txt' не найден во втором архиве
2025-04-14 23:47:06,171 - Ошибка в файле path/mfdbfown.txt: Файл 'recursive_challengeqxjzaes224lkeyh687pgggz7tgml8zq2tmb9as05g7s98yv5jbwprrab.txt' не найден во втором архиве
2025-04-14 23:47:06,193 - Ошибка в файле path/kxxdp040.txt: Файл 'recursive_challengeqxjzaes224lkeyh6l8k5q6fs2ds7mvnroq46gosp1c006h7sfrxjfk9z.txt' не найден во втором архиве
2025-04-14 23:47:06,471 - Ошибка в файле path/q0znmsbf.txt: Файл 'recursive_challengeqxjzaes224lkeyh687pgggz7sqic6n8zi6ifx3bfgi9zzfk6.txt' не найден во втором архиве
2025-04-14 23:47:06,540 - Ошибка в файле path/r3ofvdyp.txt: Файл 'recursive_challengeqxjzaes224lkeyh6gwzv6zt9dom3olfi60kknxn7n4h62q0gbac6569x.txt' не найден во втором архиве
2025-04-14 23:47:06,653 - Ошибка в файле path/k9q60iy1.txt: Файл 'recursive_challengeqxjzaes2plr4e33ghjsrdtoze9td5mfqxk9zyis46k01c0f1.txt' не найден во втором архиве
2025-04-14 23:47:06,866 - Ошибка в файле path/oxrb7pqm.txt: Файл 'recursive_challengeqxjzaes224lkeyh6l8k5q6fsvjyr870999575oupidkc4gqo4iv573n0.txt' не найден во втором архиве
2025-04-14 23:47:07,073 - Ошибка в файле path/jefbglgu.txt: Файл 'recursive_challengeqxjzaes224lkeyh6l8k5q6fsvjyr8709305jkkipuds8qihw3zpbozcd.txt' не найден во втором архиве
2025-04-14 23:47:07,312 - Ошибка в файле path/nt2lxrot.txt: Файл 'recursive_challengeqxjzaes2plr4e33ghjsrdtoze9td5mfqtim6qmlx803eyne7.txt' не найден во втором архиве
2025-04-14 23:47:07,319 - Ошибка в файле path/mk0yp221.txt: Файл 'recursive_challengeqxjzaes224lkeyh687pgggz7lvv4zockjsumrpwo.txt' не найден во втором архиве
2025-04-14 23:47:07,352 - Ошибка в файле path/kzaw9ura.txt: Файл 'recursive_challengeqxjzaes224lkeyh687pgggz7lvv4zock300enzqk7olevhi2.txt' не найден во втором архиве
2025-04-14 23:47:07,630 - Ошибка в файле path/q18aipnm.txt: Файл 'recursive_challengeqxjzaes224lkeyh687pgggz7lvv4zock0ocmmcvu6iilpr01.txt' не найден во втором архиве
2025-04-14 23:47:07,735 - Ошибка в файле path/r8bqkxs5.txt: Файл 'recursive_challengeqxjzaes224lkeyh687pgggz7lvv4zockbbrngl3wcascrfrc.txt' не найден во втором архиве
2025-04-14 23:47:07,842 - Ошибка в файле path/kbenwkqf.txt: Файл 'recursive_challengeqxjzaes224lkeyh6l8k5q6fs2ds7mvnr2jf743w3zblknic0.txt' не найден во втором архиве
2025-04-14 23:47:08,049 - Ошибка в файле path/oyq4hfo9.txt: Файл 'recursive_challengeqxjzaes224lkeyh6l8k5q6fs2ds7mvnr2jf743w370esqrh4.txt' не найден во втором архиве
2025-04-14 23:47:08,256 - Ошибка в файле path/jel27cdm.txt: Файл 'recursive_challengeqxjzaes224lkeyh6l8k5q6fsvjyr8709xut7l6x0ocsrok97x5ma2gg6.txt' не найден во втором архиве
2025-04-14 23:47:08,449 - Ошибка в файле path/ntuyd5rb.txt: Файл 'recursive_challengeqxjzaes224lkeyh6l8k5q6fsvjyr8709llc8lc445lza7rcl9ful3830.txt' не найден во втором архиве
2025-04-14 23:47:08,493 - Ошибка в файле path/mlg0uwt1.txt: Файл 'recursive_challengeqxjzaes2plr4e33ghjsrdtozmeggcmayhgjfyvnm11per8faxpe27v5k.txt' не найден во втором архиве
2025-04-14 23:47:08,523 - Ошибка в файле path/l26qgibc.txt: Файл 'recursive_challengeqxjzaes2plr4e33ghjsrdtoze9td5mfqkd47aye4phcv5msd6ofyzxp4.txt' не найден во втором архиве
2025-04-14 23:47:08,807 - Ошибка в файле path/q2hh6ylc.txt: Файл 'recursive_challengeqxjzaes224lkeyh6l8k5q6fsvjyr870911ahet30ti8cj09zbsr0bsi9.txt' не найден во втором архиве
2025-04-14 23:47:08,861 - Ошибка в файле path/r922rrku.txt: Файл 'recursive_challengeqxjzaes224lkeyh6l8k5q6fsvjyr8709305jkkipbc4z0bxz69bc1460.txt' не найден во втором архиве
2025-04-14 23:47:08,978 - Ошибка в файле path/kc9a6xrh.txt: Файл 'recursive_challengeqxjzaes2plr4e33ghjsrdtozmeggcmayg5qb5r57qynawcxt.txt' не найден во втором архиве
2025-04-14 23:47:09,176 - Ошибка в файле path/oyy5w8i8.txt: Файл 'recursive_challengeqxjzaes224lkeyh687pgggz7lvv4zockbbrngl3wewoypxud.txt' не найден во втором архиве
2025-04-14 23:47:09,390 - Ошибка в файле path/jga6cc1p.txt: Файл 'recursive_challengeqxjzaes224lkeyh687pgggz7tgml8zq2tmb9as0573shruuogdnhk02z.txt' не найден во втором архиве
2025-04-14 23:47:09,599 - Ошибка в файле path/nupenhqy.txt: Файл 'recursive_challengeqxjzaes224lkeyh6l8k5q6fsvjyr870999575oupart081zm.txt' не найден во втором архиве
2025-04-14 23:47:09,671 - Ошибка в файле path/mmvcwsnn.txt: Файл 'recursive_challengeqxjzaes224lkeyh687pgggz7tgml8zq2tmb9as05g7s98yv55rurhvvw.txt' не найден во втором архиве
2025-04-14 23:47:09,710 - Ошибка в файле path/l5550q82.txt: Файл 'recursive_challengeqxjzaes2plr4e33ghjsrdtozmeggcmay07l1qnka84ft2can.txt' не найден во втором архиве
2025-04-14 23:47:09,935 - Ошибка в файле path/q2hojmmu.txt: Файл 'recursive_challengeqxjzaes2plr4e33ghjsrdtoze9td5mfqkd47aye4hp3qg564q7fywrz1.txt' не найден во втором архиве
2025-04-14 23:47:10,021 - Ошибка в файле path/r965my00.txt: Файл 'recursive_challengeqxjzaes2plr4e33ghjsrdtoze9td5mfqtim6qmlxej2g4b6cnlu72a37.txt' не найден во втором архиве
2025-04-14 23:47:10,126 - Ошибка в файле path/kchp8hl5.txt: Файл 'recursive_challengeqxjzaes224lkeyh6l8k5q6fs2ds7mvnroq46gosp1c006h7sag10q8ct.txt' не найден во втором архиве
2025-04-14 23:47:10,303 - Ошибка в файле path/oztteoxk.txt: Файл 'recursive_challengeqxjzaes224lkeyh6l8k5q6fsvjyr8709xut7l6x0ocsrok97i6cncwwm.txt' не найден во втором архиве
2025-04-14 23:47:10,555 - Ошибка в файле path/jhov898k.txt: Файл 'recursive_challengeqxjzaes2plr4e33ghjsrdtozxg0bmwnx.txt' не найден во втором архиве
2025-04-14 23:47:10,762 - Ошибка в файле path/nuqol6di.txt: Файл 'recursive_challengeqxjzaes2plr4e33ghjsrdtoze9td5mfqkd47aye4ofz9e66m8c2nonwp.txt' не найден во втором архиве
2025-04-14 23:47:10,813 - Ошибка в файле path/mpbs5w3l.txt: Файл 'recursive_challengeqxjzaes224lkeyh6gwzv6zt9dom3olfic787qynu0gzf3hlh.txt' не найден во втором архиве
2025-04-14 23:47:10,840 - Ошибка в файле path/l5hol3sw.txt: Файл 'recursive_challengeqxjzaes224lkeyh687pgggz7sqic6n8zi6ifx3bff6wzbfoehky13hff.txt' не найден во втором архиве
2025-04-14 23:47:11,098 - Ошибка в файле path/q2yrhijc.txt: Файл 'recursive_challengeqxjzaes2plr4e33ghjsrdtozmeggcmay0sl0lsp9qvpkbw7l.txt' не найден во втором архиве
2025-04-14 23:47:11,201 - Ошибка в файле path/rapgk7ux.txt: Файл 'recursive_challengeqxjzaes224lkeyh6l8k5q6fsvjyr870911ahet30ti8cj09z81m8gxqr.txt' не найден во втором архиве
2025-04-14 23:47:11,266 - Ошибка в файле path/kcm52vao.txt: Файл 'recursive_challengeqxjzaes2plr4e33gjdxi8nzom06ur6e4d60rrvq1d6nizh6g.txt' не найден во втором архиве
2025-04-14 23:47:11,472 - Ошибка в файле path/p5v6pmf7.txt: Файл 'recursive_challengeqxjzaes2plr4e33ghjsrdtozmeggcmay0sl0lsp9tac9i2sotbmlc5y5.txt' не найден во втором архиве
2025-04-14 23:47:11,755 - Ошибка в файле path/jidr9r9u.txt: Файл 'recursive_challengeqxjzaes2plr4e33ghjsrdtoze9td5mfq15gfik7x.txt' не найден во втором архиве
2025-04-14 23:47:11,950 - Ошибка в файле path/nwk2pogw.txt: Файл 'recursive_challengeqxjzaes224lkeyh6gwzv6zt9dom3olfic787qynul1digxpc.txt' не найден во втором архиве
2025-04-14 23:47:11,981 - Ошибка в файле path/mpupl36b.txt: Файл 'recursive_challengeqxjzaes224lkeyh6l8k5q6fs2ds7mvnroq46gospm0tfca245pkzcgwz.txt' не найден во втором архиве
2025-04-14 23:47:12,000 - Ошибка в файле path/l5uaw3g3.txt: Файл 'recursive_challengeqxjzaes2plr4e33gjdxi8nzom06ur6e4x68byxltbbt4lbbd.txt' не найден во втором архиве
2025-04-14 23:47:12,267 - Ошибка в файле path/q38puxh4.txt: Файл 'recursive_challengeqxjzaes2plr4e33ghjsrdtozmeggcmay5u5561c09u4wix3nvvcs3198.txt' не найден во втором архиве
2025-04-14 23:47:12,326 - Ошибка в файле path/rayz6ijk.txt: Файл 'recursive_challengeqxjzaes2plr4e33ghjsrdtozmeggcmay07l1qnkadh8rc70g.txt' не найден во втором архиве
2025-04-14 23:47:12,442 - Ошибка в файле path/rja30r53.txt: Файл 'recursive_challengeqxjzaes224lkeyh6l8k5q6fsvjyr870999575oupylane65kurjhf8s3.txt' не найден во втором архиве
2025-04-14 23:47:12,642 - Ошибка в файле path/p6ct0bht.txt: Файл 'recursive_challengeqxjzaes2plr4e33ghjsrdtozmeggcmay5u5561c0ujge7gv48vprlnut.txt' не найден во втором архиве
2025-04-14 23:47:12,941 - Ошибка в файле path/svy8j65u.txt: Файл 'recursive_challengeqxjzaes224lkeyh687pgggz7lvv4zock3d6sd0o38wa7e9tb.txt' не найден во втором архиве
2025-04-14 23:47:13,099 - Ошибка в файле path/nyrfpdpw.txt: Файл 'recursive_challengeqxjzaes224lkeyh6l8k5q6fs023dsfltgvyf2kyxed9ozowe.txt' не найден во втором архиве
2025-04-14 23:47:13,193 - Ошибка в файле path/l5uc8uyb.txt: Файл 'recursive_challengeqxjzaes224lkeyh687pgggz7lvv4zockzoc6meh4w5eg9l5hst65rstu.txt' не найден во втором архиве
2025-04-14 23:47:13,223 - Ошибка в файле path/ms8d7u1g.txt: Файл 'recursive_challengeqxjzaes224lkeyh687pgggz7tgml8zq2tmb9as05x82k3ao84j1kqgwu.txt' не найден во втором архиве
2025-04-14 23:47:13,440 - Ошибка в файле path/q4h09psk.txt: Файл 'recursive_challengeqxjzaes224lkeyh687pgggz7lvv4zock300enzqk4qhqztuy.txt' не найден во втором архиве
2025-04-14 23:47:13,465 - Ошибка в файле path/rbi0ol35.txt: Файл 'recursive_challengeqxjzaes2plr4e33ghjsrdtozmeggcmay5u5561c0ujge7gv41dnv9f5r.txt' не найден во втором архиве
2025-04-14 23:47:13,579 - Ошибка в файле path/rjnmqmhz.txt: Файл 'recursive_challengeqxjzaes224lkeyh687pgggz7sqic6n8zbueat201uwbhniee.txt' не найден во втором архиве
2025-04-14 23:47:13,764 - Ошибка в файле path/p73xcdet.txt: Файл 'recursive_challengeqxjzaes2plr4e33ghjsrdtoze9td5mfqtim6qmlx9zkn7zv2flwcu5ms.txt' не найден во втором архиве
2025-04-14 23:47:14,163 - Ошибка в файле path/sxvbh9dq.txt: Файл 'recursive_challengeqxjzaes2plr4e33ghjsrdtozk1n6kn05.txt' не найден во втором архиве
2025-04-14 23:47:14,298 - Ошибка в файле path/nzotyoic.txt: Файл 'recursive_challengeqxjzaes224lkeyh6l8k5q6fs023dsfltgvyf2kyxa113n4wqbop4x8t0.txt' не найден во втором архиве
2025-04-14 23:47:14,420 - Ошибка в файле path/tszzwd3b.txt: Файл 'recursive_challengeqxjzaes224lkeyh6l8k5q6fsvjyr8709llc8lc446vxwrenoj8a7fmce.txt' не найден во втором архиве
2025-04-14 23:47:14,447 - Ошибка в файле path/v5zhf4ao.txt: Файл 'recursive_challengeqxjzaes224lkeyh6l8k5q6fs023dsfltgvyf2kyxa113n4wqs3p1610t.txt' не найден во втором архиве
2025-04-14 23:47:14,562 - Ошибка в файле path/q4uqb3zq.txt: Файл 'recursive_challengeqxjzaes224lkeyh687pgggz7sqic6n8zi6ifx3bfl8tg9ehk8kow0gdr.txt' не найден во втором архиве
2025-04-14 23:47:14,632 - Ошибка в файле path/rbp2tyut.txt: Файл 'recursive_challengeqxjzaes224lkeyh6l8k5q6fsgeajve4dpzpvo72tcqumx4y19gkrmfwc.txt' не найден во втором архиве
2025-04-14 23:47:14,722 - Ошибка в файле path/rjurjmgl.txt: Файл 'recursive_challengeqxjzaes2plr4e33ghjsrdtoze9td5mfqlscuevkn.txt' не найден во втором архиве
2025-04-14 23:47:14,928 - Ошибка в файле path/pb1o9ri8.txt: Файл 'recursive_challengeqxjzaes2plr4e33ghjsrdtoze9td5mfqdhpr5fba561rlpozd6ek28nv.txt' не найден во втором архиве
2025-04-14 23:47:15,323 - Ошибка в файле path/syx6ue7m.txt: Файл 'recursive_challengeqxjzaes224lkeyh6l8k5q6fs023dsfltgvyf2kyxoici8z6p9ygjhdz9.txt' не найден во втором архиве
2025-04-14 23:47:15,473 - Ошибка в файле path/nzpyw3ag.txt: Файл 'recursive_challengeqxjzaes224lkeyh6l8k5q6fsgeajve4dpzpvo72tcqumx4y1ep2sr5fy.txt' не найден во втором архиве
2025-04-14 23:47:15,560 - Ошибка в файле path/ttb106mn.txt: Файл 'recursive_challengeqxjzaes224lkeyh6l8k5q6fs023dsfltgvyf2kyxa113n4wq3kcdvm7s.txt' не найден во втором архиве
2025-04-14 23:47:15,595 - Ошибка в файле path/v7lm3277.txt: Файл 'recursive_challengeqxjzaes224lkeyh6l8k5q6fsvjyr870999575oupylane65k5lrl68rt.txt' не найден во втором архиве
2025-04-14 23:47:15,718 - Ошибка в файле path/q6ofgpti.txt: Файл 'recursive_challengeqxjzaes224lkeyh6l8k5q6fsvjyr8709llc8lc442uar3p6a.txt' не найден во втором архиве
2025-04-14 23:47:15,799 - Ошибка в файле path/rbt0e3jc.txt: Файл 'recursive_challengeqxjzaes224lkeyh6gwzv6zt9dom3olfii6u3ms4m.txt' не найден во втором архиве
2025-04-14 23:47:15,896 - Ошибка в файле path/rkiy2dxw.txt: Файл 'recursive_challengeqxjzaes224lkeyh687pgggz7lvv4zock300enzqkdsby5ldv.txt' не найден во втором архиве
2025-04-14 23:47:16,090 - Ошибка в файле path/pbaaa9lw.txt: Файл 'recursive_challengeqxjzaes224lkeyh6l8k5q6fsvjyr8709cw1rzfg9.txt' не найден во втором архиве
2025-04-14 23:47:16,484 - Ошибка в файле path/szfen4cw.txt: Файл 'recursive_challengeqxjzaes224lkeyh6l8k5q6fsvjyr8709llc8lc446vxwrenoh0kgftj8.txt' не найден во втором архиве
2025-04-14 23:47:16,638 - Ошибка в файле path/wos75o5k.txt: Файл 'recursive_challengeqxjzaes2plr4e33ghjsrdtozmeggcmay5u5561c0nribkhyyyipypdwa.txt' не найден во втором архиве
2025-04-14 23:47:16,731 - Ошибка в файле path/tubpno74.txt: Файл 'recursive_challengeqxjzaes2plr4e33gjdxi8nzom06ur6e4x68byxltqaio6snk6q7nk1tt.txt' не найден во втором архиве
2025-04-14 23:47:16,750 - Ошибка в файле path/v8ftq2as.txt: Файл 'recursive_challengeqxjzaes2plr4e33ghjsrdtoze9td5mfqkd47aye4phcv5msdexty83p7.txt' не найден во втором архиве
2025-04-14 23:47:16,885 - Ошибка в файле path/q83wpx38.txt: Файл 'recursive_challengeqxjzaes2plr4e33ghjsrdtoze9td5mfqdhpr5fba2p4n7cs1elt64zki.txt' не найден во втором архиве
2025-04-14 23:47:16,934 - Ошибка в файле path/rfdptpt0.txt: Файл 'recursive_challengeqxjzaes2plr4e33ghjsrdtozmeggcmay0sl0lsp9tac9i2sopkw46w0d.txt' не найден во втором архиве
2025-04-14 23:47:17,040 - Ошибка в файле path/rl5lq68c.txt: Файл 'recursive_challengeqxjzaes224lkeyh6l8k5q6fsvjyr870911ahet305di82xx50jsjgmfo.txt' не найден во втором архиве
2025-04-14 23:47:17,272 - Ошибка в файле path/y0w6go50.txt: Файл 'recursive_challengeqxjzaes224lkeyh6gwzv6zt9dom3olfi60kknxn79hwvtqw42jl160hp.txt' не найден во втором архиве
2025-04-14 23:47:17,622 - Ошибка в файле path/t0i1dy4i.txt: Файл 'recursive_challengeqxjzaes224lkeyh6l8k5q6fsvjyr870911ahet30ti8cj09znr8g4u0k.txt' не найден во втором архиве
2025-04-14 23:47:17,778 - Ошибка в файле path/wql36kqp.txt: Файл 'recursive_challengeqxjzaes224lkeyh687pgggz7lvv4zock300enzqk373a8asnljyewt5p.txt' не найден во втором архиве
2025-04-14 23:47:17,904 - Ошибка в файле path/tv5f80ny.txt: Файл 'recursive_challengeqxjzaes224lkeyh687pgggz7sqic6n8zi6ifx3bflbc8lcwm7ouo5tz2.txt' не найден во втором архиве
2025-04-14 23:47:17,923 - Ошибка в файле path/v9qtu9a7.txt: Файл 'recursive_challengeqxjzaes224lkeyh687pgggz7sqic6n8zi6ifx3bf7ep1ftxj.txt' не найден во втором архиве
2025-04-14 23:47:18,037 - Ошибка в файле path/yth2eozo.txt: Файл 'recursive_challengeqxjzaes224lkeyh687pgggz7lvv4zock300enzqkgda97i632gx4nbza.txt' не найден во втором архиве
2025-04-14 23:47:18,102 - Ошибка в файле path/rh65qpel.txt: Файл 'recursive_challengeqxjzaes224lkeyh687pgggz7sqic6n8zi6ifx3bf8fprch6v.txt' не найден во втором архиве
2025-04-14 23:47:18,182 - Ошибка в файле path/rpn8t0o8.txt: Файл 'recursive_challengeqxjzaes224lkeyh6gwzv6zt9dom3olfi60kknxn7n4h62q0g0fskjqft.txt' не найден во втором архиве
2025-04-14 23:47:18,405 - Ошибка в файле path/y136to04.txt: Файл 'recursive_challengeqxjzaes224lkeyh6l8k5q6fsgeajve4dcjnq7zsv8l0qk90j.txt' не найден во втором архиве
2025-04-14 23:47:18,797 - Ошибка в файле path/t1b9aj1q.txt: Файл 'recursive_challengeqxjzaes224lkeyh6l8k5q6fs2ds7mvnr2jf743w3qy817cc7.txt' не найден во втором архиве
2025-04-14 23:47:18,976 - Ошибка в файле path/wrzxp1g0.txt: Файл 'recursive_challengeqxjzaes224lkeyh6l8k5q6fsvjyr8709xut7l6x08nh15a9zp8sop4eu.txt' не найден во втором архиве
2025-04-14 23:47:19,072 - Ошибка в файле path/twz42vc1.txt: Файл 'recursive_challengeqxjzaes224lkeyh687pgggz7sqic6n8zbueat201zfz33ucp26qp0ovt.txt' не найден во втором архиве
2025-04-14 23:47:19,079 - Ошибка в файле path/vaurbevl.txt: Файл 'recursive_challengeqxjzaes2plr4e33ghjsrdtozmeggcmay5u5561c0ujge7gv4oagwur2x.txt' не найден во втором архиве
2025-04-14 23:47:19,176 - Ошибка в файле path/yuzhmp51.txt: Файл 'recursive_challengeqxjzaes2plr4e33ghjsrdtoze9td5mfqtim6qmlxvverel641kxglg8c.txt' не найден во втором архиве
2025-04-14 23:47:19,286 - Ошибка в файле path/rj3ic220.txt: Файл 'recursive_challengeqxjzaes2plr4e33ghjsrdtoze9td5mfqtim6qmlxazlju0w2zefoc2pp.txt' не найден во втором архиве
2025-04-14 23:47:19,347 - Ошибка в файле path/rrpqgwar.txt: Файл 'recursive_challengeqxjzaes2plr4e33ghjsrdtozj9jakj18.txt' не найден во втором архиве
2025-04-14 23:47:19,578 - Ошибка в файле path/y4eiczo5.txt: Файл 'recursive_challengeqxjzaes224lkeyh6l8k5q6fs2ds7mvnroq46gospao48tf52ljiwm4wz.txt' не найден во втором архиве
2025-04-14 23:47:19,973 - Ошибка в файле path/t1ith07w.txt: Файл 'recursive_challengeqxjzaes224lkeyh6gwzv6zt9dom3olfic787qynugr12skcv.txt' не найден во втором архиве
2025-04-14 23:47:20,155 - Ошибка в файле path/ws8rejc1.txt: Файл 'recursive_challengeqxjzaes224lkeyh6l8k5q6fsgeajve4dpzpvo72twso8d8lvg96dd6ll.txt' не найден во втором архиве
2025-04-14 23:47:20,227 - Ошибка в файле path/txstode5.txt: Файл 'recursive_challengeqxjzaes2plr4e33ghjsrdtozmeggcmayg5qb5r57leay6qeydsm4fhxe.txt' не найден во втором архиве
2025-04-14 23:47:20,233 - Ошибка в файле path/vbzo98nx.txt: Файл 'recursive_challengeqxjzaes224lkeyh6l8k5q6fs023dsfltmbupl9sp3uoc8vrp0tb54oxg.txt' не найден во втором архиве
2025-04-14 23:47:20,334 - Ошибка в файле path/yw7g15h7.txt: Файл 'recursive_challengeqxjzaes224lkeyh6l8k5q6fsgeajve4dpzpvo72tcqumx4y1k41hwhah.txt' не найден во втором архиве
2025-04-14 23:47:20,466 - Ошибка в файле path/zutam0xy.txt: Файл 'recursive_challengeqxjzaes2plr4e33ghjsrdtoze9td5mfqkd47aye41roi36s4xnujoihc.txt' не найден во втором архиве
2025-04-14 23:47:20,520 - Ошибка в файле path/rs1uh95q.txt: Файл 'recursive_challengeqxjzaes224lkeyh6l8k5q6fs2ds7mvnr2jf743w3pyb7rxbbgpge465x.txt' не найден во втором архиве
2025-04-14 23:47:20,746 - Ошибка в файле path/y4m33rq6.txt: Файл 'recursive_challengeqxjzaes224lkeyh687pgggz7lvv4zockjjidtgn61m5hlxpvx3ultxe0.txt' не найден во втором архиве
2025-04-14 23:47:21,143 - Ошибка в файле path/t1mhydfz.txt: Файл 'recursive_challengeqxjzaes224lkeyh6gwzv6zt9dom3olfi60kknxn7107c9n34.txt' не найден во втором архиве
2025-04-14 23:47:21,278 - Ошибка в файле path/wty10t4x.txt: Файл 'recursive_challengeqxjzaes224lkeyh6gwzv6zt9dom3olfi60kknxn7shv9gmix.txt' не найден во втором архиве
2025-04-14 23:47:21,397 - Ошибка в файле path/vg7heyup.txt: Файл 'recursive_challengeqxjzaes2plr4e33ghjsrdtoze9td5mfqkd47aye4tmao6h8f6sbj7xym.txt' не найден во втором архиве
2025-04-14 23:47:21,401 - Ошибка в файле path/tzkxyohs.txt: Файл 'recursive_challengeqxjzaes2plr4e33gjdxi8nzom06ur6e4x68byxltqaio6snkyomjken4.txt' не найден во втором архиве
2025-04-14 23:47:21,501 - Ошибка в файле path/ywlng4si.txt: Файл 'recursive_challengeqxjzaes2plr4e33ghjsrdtozmeggcmayo8pqful31eif10bvxlkvqf50.txt' не найден во втором архиве
2025-04-14 23:47:21,602 - Ошибка в файле path/zv4bziuq.txt: Файл 'recursive_challengeqxjzaes2plr4e33ghjsrdtoze9td5mfqkd47aye4phcv5msd9mg8lzrg.txt' не найден во втором архиве
2025-04-14 23:47:21,664 - Ошибка в файле path/rsq81zsz.txt: Файл 'recursive_challengeqxjzaes224lkeyh6l8k5q6fs023dsfltmbupl9sp3uoc8vrp3rnu1qlt.txt' не найден во втором архиве
2025-04-14 23:47:21,879 - Ошибка в файле path/y4s5n2ec.txt: Файл 'recursive_challengeqxjzaes2plr4e33gjdxi8nzom06ur6e4ew5rtpiw.txt' не найден во втором архиве
2025-04-14 23:47:22,275 - Ошибка в файле path/t1tjc8fz.txt: Файл 'recursive_challengeqxjzaes224lkeyh687pgggz7lvv4zock9welz67wmfqbj0gt.txt' не найден во втором архиве
2025-04-14 23:47:22,427 - Ошибка в файле path/wuyvn7yi.txt: Файл 'recursive_challengeqxjzaes2plr4e33ghjsrdtoze9td5mfqtim6qmlxej2g4b6cas4f5wyz.txt' не найден во втором архиве
2025-04-14 23:47:22,558 - Ошибка в файле path/vg9nb4rq.txt: Файл 'recursive_challengeqxjzaes224lkeyh6gwzv6zt9l9oo8gy9o3uwpb774b6gvvwe.txt' не найден во втором архиве
2025-04-14 23:47:22,589 - Ошибка в файле path/u1j66j5x.txt: Файл 'recursive_challengeqxjzaes2plr4e33ghjsrdtozmeggcmay0sl0lsp9tac9i2sovfnpnl2s.txt' не найден во втором архиве
2025-04-14 23:47:22,641 - Ошибка в файле path/z2sskjob.txt: Файл 'recursive_challengeqxjzaes224lkeyh6l8k5q6fsvjyr870911ahet30yqqfwieta1nm5fwp.txt' не найден во втором архиве
2025-04-14 23:47:22,769 - Ошибка в файле path/zx320aoc.txt: Файл 'recursive_challengeqxjzaes224lkeyh6l8k5q6fs2ds7mvnr2jf743w3pyb7rxbbn1lg73w2.txt' не найден во втором архиве
2025-04-14 23:47:22,809 - Ошибка в файле path/rtibd1ow.txt: Файл 'recursive_challengeqxjzaes2plr4e33ghjsrdtozmeggcmayg5qb5r57e1x0gw63.txt' не найден во втором архиве
2025-04-14 23:47:23,037 - Ошибка в файле path/y5bcsllc.txt: Файл 'recursive_challengeqxjzaes224lkeyh6l8k5q6fsgeajve4dpzpvo72twso8d8lvqn93geam.txt' не найден во втором архиве
2025-04-14 23:47:23,430 - Ошибка в файле path/t2aeejmz.txt: Файл 'recursive_challengeqxjzaes2plr4e33ghjsrdtozmeggcmay5u5561c0x4igp738yqij0cud.txt' не найден во втором архиве
2025-04-14 23:47:23,585 - Ошибка в файле path/ww4d43z0.txt: Файл 'recursive_challengeqxjzaes224lkeyh6l8k5q6fsvjyr8709llc8lc445lza7rclueoc189o.txt' не найден во втором архиве
2025-04-14 23:47:23,696 - Ошибка в файле path/vhbexgcb.txt: Файл 'recursive_challengeqxjzaes224lkeyh6l8k5q6fsgeajve4dpzpvo72t9nq8fsyebasc2ly8.txt' не найден во втором архиве
2025-04-14 23:47:23,733 - Ошибка в файле path/u4fvcgju.txt: Файл 'recursive_challengeqxjzaes224lkeyh6gwzv6zt9dom3olfic787qynukfulagg2.txt' не найден во втором архиве
2025-04-14 23:47:23,793 - Ошибка в файле path/z34uj4vv.txt: Файл 'recursive_challengeqxjzaes224lkeyh6l8k5q6fsvjyr8709llc8lc44247c7f1ered63n3d.txt' не найден во втором архиве
2025-04-14 23:47:23,938 - Ошибка в файле path/zx5qxlb2.txt: Файл 'recursive_challengeqxjzaes224lkeyh6l8k5q6fs2ds7mvnr2jf743w3ph6tmhkaed3gglba.txt' не найден во втором архиве
2025-04-14 23:47:23,991 - Ошибка в файле path/ruhy5m4g.txt: Файл 'recursive_challengeqxjzaes224lkeyh687pgggz7sqic6n8zbueat201yx0ztf6n.txt' не найден во втором архиве
2025-04-14 23:47:24,180 - Ошибка в файле path/y5jq3s76.txt: Файл 'recursive_challengeqxjzaes2plr4e33ghjsrdtozmeggcmayg5qb5r57leay6qey9f2hbe6p.txt' не найден во втором архиве
2025-04-14 23:47:24,587 - Ошибка в файле path/t3hnrepv.txt: Файл 'recursive_challengeqxjzaes2plr4e33ghjsrdtozmeggcmay5u5561c0ujge7gv4qs39y89g.txt' не найден во втором архиве
2025-04-14 23:47:24,757 - Ошибка в файле path/wxaq2dfl.txt: Файл 'recursive_challengeqxjzaes2plr4e33gjdxi8nzom06ur6e4x68byxlthoesb7n5d0343694.txt' не найден во втором архиве
2025-04-14 23:47:24,851 - Ошибка в файле path/vhzatoca.txt: Файл 'recursive_challengeqxjzaes224lkeyh6l8k5q6fsvjyr870911ahet30dt5tc3j5.txt' не найден во втором архиве
2025-04-14 23:47:24,892 - Ошибка в файле path/u5bzdj0j.txt: Файл 'recursive_challengeqxjzaes224lkeyh687pgggz7lvv4zockbbrngl3w4dkgiqmu.txt' не найден во втором архиве
2025-04-14 23:47:24,954 - Ошибка в файле path/z3mrjjk0.txt: Файл 'recursive_challengeqxjzaes2plr4e33ghjsrdtozmeggcmayhgjfyvnmv8ierp5g9xt8wxrw.txt' не найден во втором архиве
2025-04-14 23:47:25,064 - Ошибка в файле path/zxnvd3qa.txt: Файл 'recursive_challengeqxjzaes224lkeyh6l8k5q6fsgeajve4dpzpvo72tcqumx4y12ggxo3zs.txt' не найден во втором архиве
2025-04-14 23:47:25,178 - Ошибка в файле path/rw47ghfx.txt: Файл 'recursive_challengeqxjzaes224lkeyh6l8k5q6fs2ds7mvnr2jf743w3zetkhfe9.txt' не найден во втором архиве
2025-04-14 23:47:25,355 - Ошибка в файле path/y5owc3ot.txt: Файл 'recursive_challengeqxjzaes224lkeyh6l8k5q6fsvjyr8709305jkkip9ps238md4mdb7oui.txt' не найден во втором архиве
2025-04-14 23:47:25,764 - Ошибка в файле path/t4qirphp.txt: Файл 'recursive_challengeqxjzaes224lkeyh6l8k5q6fsvjyr8709pxt1wv6ol6ux5fy6mcubjxw7.txt' не найден во втором архиве
2025-04-14 23:47:25,897 - Ошибка в файле path/x1kn5gcm.txt: Файл 'recursive_challengeqxjzaes2plr4e33ghjsrdtoze9td5mfqdhpr5fbasm728bxj.txt' не найден во втором архиве
2025-04-14 23:47:26,005 - Ошибка в файле path/vio6ox8x.txt: Файл 'recursive_challengeqxjzaes224lkeyh6gwzv6zt9dom3olfi60kknxn7l7g8i3pi.txt' не найден во втором архиве
2025-04-14 23:47:26,078 - Ошибка в файле path/u6qnrwwr.txt: Файл 'recursive_challengeqxjzaes2plr4e33ghjsrdtoze9td5mfqxk9zyis4mvi74o75pqhnvy7l.txt' не найден во втором архиве
2025-04-14 23:47:26,115 - Ошибка в файле path/z4fiqe7g.txt: Файл 'recursive_challengeqxjzaes224lkeyh687pgggz7tgml8zq2tmb9as05zsz2edj9x9ashe87.txt' не найден во втором архиве
2025-04-14 23:47:26,186 - Ошибка в файле path/zy8ik4h6.txt: Файл 'recursive_challengeqxjzaes224lkeyh6l8k5q6fsvjyr8709llc8lc447zqifsoe.txt' не найден во втором архиве
2025-04-14 23:47:26,330 - Ошибка в файле path/rza8gc0i.txt: Файл 'recursive_challengeqxjzaes2plr4e33ghjsrdtoze9td5mfqkd47aye4l6sbrbit.txt' не найден во втором архиве
2025-04-14 23:47:26,501 - Ошибка в файле path/y5qd4t7k.txt: Файл 'recursive_challengeqxjzaes2plr4e33ghjsrdtoze9td5mfqkd47aye4fyojmgwt.txt' не найден во втором архиве
2025-04-14 23:47:26,913 - Ошибка в файле path/t4z0zq1d.txt: Файл 'recursive_challengeqxjzaes224lkeyh6l8k5q6fsgeajve4dpzpvo72t65fa604f.txt' не найден во втором архиве
2025-04-14 23:47:27,063 - Ошибка в файле path/x4hcdn21.txt: Файл 'recursive_challengeqxjzaes224lkeyh6gwzv6zt9l9oo8gy9o3uwpb77ac9yhrd2q2apiw9q.txt' не найден во втором архиве
2025-04-14 23:47:27,185 - Ошибка в файле path/vk51i4sr.txt: Файл 'recursive_challengeqxjzaes224lkeyh6l8k5q6fs023dsfltgvyf2kyxk2uxkuqkd807712z.txt' не найден во втором архиве
2025-04-14 23:47:27,248 - Ошибка в файле path/z5hcaey8.txt: Файл 'recursive_challengeqxjzaes2plr4e33gjdxi8nzom06ur6e4x68byxltuqk973c9ik29uask.txt' не найден во втором архиве
2025-04-14 23:47:27,266 - Ошибка в файле path/u7037j2p.txt: Файл 'recursive_challengeqxjzaes224lkeyh687pgggz7sqic6n8zbueat201zfz33ucpfmtbgw4m.txt' не найден во втором архиве
2025-04-14 23:47:27,322 - Ошибка в файле path/zzoimgun.txt: Файл 'recursive_challengeqxjzaes224lkeyh687pgggz7lvv4zock300enzqktypdmx35az1n8jve.txt' не найден во втором архиве
2025-04-14 23:47:27,495 - Ошибка в файле path/s29nnp4c.txt: Файл 'recursive_challengeqxjzaes2plr4e33ghjsrdtoze9td5mfqtim6qmlxvverel64usl8hpib.txt' не найден во втором архиве
2025-04-14 23:47:27,665 - Ошибка в файле path/y5qkb5ro.txt: Файл 'recursive_challengeqxjzaes2plr4e33gjdxi8nzom06ur6e4x68byxltuqk973c91el0j1uf.txt' не найден во втором архиве
2025-04-14 23:47:28,060 - Ошибка в файле path/t68mtnke.txt: Файл 'recursive_challengeqxjzaes224lkeyh6l8k5q6fsgeajve4dpzpvo72t61yxvjfui5ldb50k.txt' не найден во втором архиве
2025-04-14 23:47:28,242 - Ошибка в файле path/x4uttiq3.txt: Файл 'recursive_challengeqxjzaes224lkeyh6l8k5q6fs2ds7mvnr2jf743w3ph6tmhkahr5mx0pi.txt' не найден во втором архиве
2025-04-14 23:47:28,315 - Ошибка в файле path/vkixu5wx.txt: Файл 'recursive_challengeqxjzaes224lkeyh687pgggz7lvv4zock300enzqk373a8asn12lvre2a.txt' не найден во втором архиве
2025-04-14 23:47:28,405 - Ошибка в файле path/u8kq9ilh.txt: Файл 'recursive_challengeqxjzaes224lkeyh687pgggz7sqic6n8zi6ifx3bfr5pjbrffnco06o4o.txt' не найден во втором архиве
2025-04-14 23:47:28,487 - Ошибка в файле path/zzzvx2kw.txt: Файл 'recursive_challengeqxjzaes224lkeyh687pgggz7tgml8zq2tmb9as0573shruuo0qysl0v0.txt' не найден во втором архиве
2025-04-14 23:47:28,688 - Ошибка в файле path/s4h71bf4.txt: Файл 'recursive_challengeqxjzaes224lkeyh6l8k5q6fsvjyr8709llc8lc446vxwrenourdkg0t4.txt' не найден во втором архиве
2025-04-14 23:47:28,852 - Ошибка в файле path/y5u4cxu3.txt: Файл 'recursive_challengeqxjzaes224lkeyh6l8k5q6fsgeajve4dpzpvo72tcqumx4y1lscvyjj9.txt' не найден во втором архиве
2025-04-14 23:47:29,411 - Ошибка в файле path/t7hifiab.txt: Файл 'recursive_challengeqxjzaes224lkeyh6l8k5q6fsvjyr8709xut7l6x05lkdmrmby8ebvq1i.txt' не найден во втором архиве
2025-04-14 23:47:29,542 - Ошибка в файле path/x6nzvnyu.txt: Файл 'recursive_challengeqxjzaes2plr4e33ghjsrdtoze9td5mfqkd47aye4phcv5msdd4e8a79j.txt' не найден во втором архиве
2025-04-14 23:47:29,614 - Ошибка в файле path/vnmpyv0j.txt: Файл 'recursive_challengeqxjzaes2plr4e33ghjsrdtozmeggcmay0sl0lsp95p4qqwjy.txt' не найден во втором архиве
2025-04-14 23:47:29,669 - Ошибка в файле path/u8nwhdzs.txt: Файл 'recursive_challengeqxjzaes2plr4e33ghjsrdtoze9td5mfqkd47aye4hp3qg564sgqafigi.txt' не найден во втором архиве
2025-04-14 23:47:29,714 - Ошибка в файле path/z7gl8m9z.txt: Файл 'recursive_challengeqxjzaes224lkeyh687pgggz7sqic6n8zi6ifx3bfqpvbvwdlfc6cv7uq.txt' не найден во втором архиве
2025-04-14 23:47:29,981 - Ошибка в файле path/s698ouc8.txt: Файл 'recursive_challengeqxjzaes224lkeyh6l8k5q6fsvjyr8709llc8lc446vxwrenoubf4l7v5.txt' не найден во втором архиве
2025-04-14 23:47:30,108 - Ошибка в файле path/y5zdq9wb.txt: Файл 'recursive_challengeqxjzaes224lkeyh6l8k5q6fsgeajve4dpzpvo72tcqumx4y1hitkaq5n.txt' не найден во втором архиве
2025-04-14 23:47:30,557 - Ошибка в файле path/t7i7rhsi.txt: Файл 'recursive_challengeqxjzaes224lkeyh6l8k5q6fs023dsfltgvyf2kyxk2uxkuqk5gaazswb.txt' не найден во втором архиве
2025-04-14 23:47:30,631 - Ошибка в файле path/x7kozlt5.txt: Файл 'recursive_challengeqxjzaes224lkeyh687pgggz7sqic6n8zi6ifx3bfl8tg9ehkm60ut9aa.txt' не найден во втором архиве
2025-04-14 23:47:30,738 - Ошибка в файле path/vo26bg6t.txt: Файл 'recursive_challengeqxjzaes224lkeyh6l8k5q6fsvjyr8709305jkkippep9dfhjmas2vcxl.txt' не найден во втором архиве
2025-04-14 23:47:30,766 - Ошибка в файле path/u8wem0l2.txt: Файл 'recursive_challengeqxjzaes224lkeyh6l8k5q6fsgeajve4dpzpvo72twso8d8lvkhg9wm1k.txt' не найден во втором архиве
2025-04-14 23:47:30,818 - Ошибка в файле path/z7w2we6h.txt: Файл 'recursive_challengeqxjzaes224lkeyh687pgggz7lvv4zockzoc6meh4w5eg9l5hbxtxj8x9.txt' не найден во втором архиве
2025-04-14 23:47:31,069 - Ошибка в файле path/s6jvhnvx.txt: Файл 'recursive_challengeqxjzaes224lkeyh6l8k5q6fs2ds7mvnr2jf743w3are2fqiv535zdyy6.txt' не найден во втором архиве
2025-04-14 23:47:31,171 - Ошибка в файле path/y7kspbjv.txt: Файл 'recursive_challengeqxjzaes224lkeyh6l8k5q6fs2ds7mvnr2jf743w3f0q3k0rm.txt' не найден во втором архиве
2025-04-14 23:47:31,633 - Ошибка в файле path/t7simfnf.txt: Файл 'recursive_challengeqxjzaes2plr4e33ghjsrdtoze9td5mfqkd47aye4croov64qvjwmzkzb.txt' не найден во втором архиве
2025-04-14 23:47:31,729 - Ошибка в файле path/vo7eehqb.txt: Файл 'recursive_challengeqxjzaes2plr4e33ghjsrdtoze9td5mfqkd47aye4tmao6h8fppd0wyt0.txt' не найден во втором архиве
2025-04-14 23:47:31,732 - Ошибка в файле path/x8nrc1mk.txt: Файл 'recursive_challengeqxjzaes224lkeyh687pgggz7sqic6n8zi6ifx3bfqpvbvwdlwnf58rts.txt' не найден во втором архиве
2025-04-14 23:47:31,753 - Ошибка в файле path/z82t4fd8.txt: Файл 'recursive_challengeqxjzaes2plr4e33ghjsrdtoze9td5mfqtim6qmlxhcjlkqf6hyujxtpa.txt' не найден во втором архиве
2025-04-14 23:47:31,764 - Ошибка в файле path/u9xxwbw0.txt: Файл 'recursive_challengeqxjzaes2plr4e33ghjsrdtoze9td5mfqdhpr5fba561rlpoz0ocaa0vw.txt' не найден во втором архиве
2025-04-14 23:47:32,087 - Ошибка в файле path/s9i2bkc0.txt: Файл 'recursive_challengeqxjzaes224lkeyh687pgggz7sqic6n8zi6ifx3bfl8tg9ehkz775fg0u.txt' не найден во втором архиве
2025-04-14 23:47:32,192 - Ошибка в файле path/y99xgdgw.txt: Файл 'recursive_challengeqxjzaes224lkeyh6l8k5q6fsvjyr8709xut7l6x05lkdmrmbu8lrfx17.txt' не найден во втором архиве
2025-04-14 23:47:32,672 - Ошибка в файле path/tb6ajmqe.txt: Файл 'recursive_challengeqxjzaes2plr4e33ghjsrdtoze9td5mfqkd47aye4phcv5msdwbe7ozae.txt' не найден во втором архиве
2025-04-14 23:47:32,688 - Ошибка в файле path/x9t0wa2p.txt: Файл 'recursive_challengeqxjzaes2plr4e33ghjsrdtozmeggcmayhgjfyvnm11per8fa3dgoeipj.txt' не найден во втором архиве
2025-04-14 23:47:32,732 - Ошибка в файле path/vrs2xtb6.txt: Файл 'recursive_challengeqxjzaes224lkeyh6l8k5q6fsvjyr8709pxt1wv6ol6ux5fy6swi34twk.txt' не найден во втором архиве
2025-04-14 23:47:32,736 - Ошибка в файле path/uda86xqp.txt: Файл 'recursive_challengeqxjzaes224lkeyh687pgggz7lvv4zockzoc6meh4y5bkpso3fm60rg8o.txt' не найден во втором архиве
2025-04-14 23:47:32,748 - Ошибка в файле path/z94j2b1a.txt: Файл 'recursive_challengeqxjzaes2plr4e33ghjsrdtoze9td5mfqdhpr5fbapz20vikp5gg6uezg.txt' не найден во втором архиве
2025-04-14 23:47:33,030 - Ошибка в файле path/s9lyn8la.txt: Файл 'recursive_challengeqxjzaes224lkeyh687pgggz7lvv4zock0ocmmcvu0mhngveu.txt' не найден во втором архиве
2025-04-14 23:47:33,209 - Ошибка в файле path/ya12e1p0.txt: Файл 'recursive_challengeqxjzaes224lkeyh6l8k5q6fs2ds7mvnroq46gosphjw10xiz3btgqvg2.txt' не найден во втором архиве
2025-04-14 23:47:33,642 - Ошибка в файле path/ueurkcc5.txt: Файл 'recursive_challengeqxjzaes2plr4e33ghjsrdtozmeggcmay5u5561c0ujge7gv42u7nxg6u.txt' не найден во втором архиве
2025-04-14 23:47:33,678 - Ошибка в файле path/vv6j1bdu.txt: Файл 'recursive_challengeqxjzaes2plr4e33ghjsrdtoze9td5mfqkd47aye4u8c7w556dnrli6os.txt' не найден во втором архиве
2025-04-14 23:47:33,713 - Ошибка в файле path/tcles15h.txt: Файл 'recursive_challengeqxjzaes224lkeyh687pgggz7lvv4zockzoc6meh4i1e8pomo3d84cezy.txt' не найден во втором архиве
2025-04-14 23:47:33,751 - Ошибка в файле path/xax9a9nd.txt: Файл 'recursive_challengeqxjzaes224lkeyh687pgggz7tgml8zq2tmb9as05f3apwtnpypggds8t.txt' не найден во втором архиве
2025-04-14 23:47:33,821 - Ошибка в файле path/z9kse80k.txt: Файл 'recursive_challengeqxjzaes2plr4e33ghjsrdtozmeggcmayg5qb5r57nnek9yhl.txt' не найден во втором архиве
2025-04-14 23:47:34,101 - Ошибка в файле path/seqldd14.txt: Файл 'recursive_challengeqxjzaes224lkeyh687pgggz7tgml8zq2tmb9as05x82k3ao8bss0sylj.txt' не найден во втором архиве
2025-04-14 23:47:34,242 - Ошибка в файле path/ya67qmrx.txt: Файл 'recursive_challengeqxjzaes224lkeyh6l8k5q6fs2ds7mvnr2jf743w3are2fqiv7euwt799.txt' не найден во втором архиве
2025-04-14 23:47:34,600 - Ошибка в файле path/ujjqpfck.txt: Файл 'recursive_challengeqxjzaes224lkeyh6l8k5q6fsvjyr870911ahet30jm0vnquwzxth6tos.txt' не найден во втором архиве
2025-04-14 23:47:34,603 - Ошибка в файле path/vw2rfed5.txt: Файл 'recursive_challengeqxjzaes224lkeyh6l8k5q6fs023dsfltmbupl9sp3uoc8vrpr4qfblx2.txt' не найден во втором архиве
2025-04-14 23:47:34,654 - Ошибка в файле path/tg6dnzht.txt: Файл 'recursive_challengeqxjzaes2plr4e33gjdxi8nzom06ur6e4d60rrvq1ro7rfz9dn6moxark.txt' не найден во втором архиве
2025-04-14 23:47:34,789 - Ошибка в файле path/zak52s2o.txt: Файл 'recursive_challengeqxjzaes224lkeyh6l8k5q6fsvjyr8709llc8lc445lza7rcl7rzexqjb.txt' не найден во втором архиве
2025-04-14 23:47:34,812 - Ошибка в файле path/xb6mgj0u.txt: Файл 'recursive_challengeqxjzaes224lkeyh6l8k5q6fs023dsfltmbupl9spy17teu6k.txt' не найден во втором архиве
2025-04-14 23:47:35,192 - Ошибка в файле path/setfnolt.txt: Файл 'recursive_challengeqxjzaes2plr4e33ghjsrdtozmeggcmayhgjfyvnmjo8zeqra.txt' не найден во втором архиве
2025-04-14 23:47:35,231 - Ошибка в файле path/ycs9uh2o.txt: Файл 'recursive_challengeqxjzaes224lkeyh687pgggz7sqic6n8zi6ifx3bfmte0uqps1g6c9rij.txt' не найден во втором архиве
2025-04-14 23:47:35,523 - Ошибка в файле path/vwl1ktck.txt: Файл 'recursive_challengeqxjzaes224lkeyh6l8k5q6fs2ds7mvnr2jf743w3pyb7rxbb43tl5sa0.txt' не найден во втором архиве
2025-04-14 23:47:35,592 - Ошибка в файле path/uk5i3ymo.txt: Файл 'recursive_challengeqxjzaes224lkeyh6l8k5q6fsvjyr8709pxt1wv6o18jk1fix6wcsvdw5.txt' не найден во втором архиве
2025-04-14 23:47:35,660 - Ошибка в файле path/tgnh9w5c.txt: Файл 'recursive_challengeqxjzaes224lkeyh6l8k5q6fs2ds7mvnr2jf743w3iqqqb4gtp8bxl1hq.txt' не найден во втором архиве
2025-04-14 23:47:35,737 - Ошибка в файле path/zb1juot1.txt: Файл 'recursive_challengeqxjzaes2plr4e33ghjsrdtoze9td5mfqkd47aye4hp3qg564of01ifzn.txt' не найден во втором архиве
2025-04-14 23:47:35,831 - Ошибка в файле path/xbprqs5r.txt: Файл 'recursive_challengeqxjzaes224lkeyh687pgggz7lvv4zockzoc6meh4i1e8pomoz673krj5.txt' не найден во втором архиве
2025-04-14 23:47:36,187 - Ошибка в файле path/ye8z6pk4.txt: Файл 'recursive_challengeqxjzaes2plr4e33ghjsrdtoze9td5mfqkd47aye4tmao6h8fwq7vy2hp.txt' не найден во втором архиве
2025-04-14 23:47:36,308 - Ошибка в файле path/skloivx7.txt: Файл 'recursive_challengeqxjzaes224lkeyh6l8k5q6fsvjyr8709305jkkipuds8qihwyel7sj4x.txt' не найден во втором архиве
2025-04-14 23:47:36,425 - Ошибка в файле path/vx9sli93.txt: Файл 'recursive_challengeqxjzaes224lkeyh687pgggz7lvv4zockjjidtgn6h3a65tsq.txt' не найден во втором архиве
2025-04-14 23:47:36,672 - Ошибка в файле path/unzdk6em.txt: Файл 'recursive_challengeqxjzaes2plr4e33gjdxi8nzom06ur6e4d60rrvq1g8sylghy.txt' не найден во втором архиве
2025-04-14 23:47:36,684 - Ошибка в файле path/thor5wgf.txt: Файл 'recursive_challengeqxjzaes2plr4e33gjdxi8nzom06ur6e4d60rrvq1ajso0kfrdbdqzgob.txt' не найден во втором архиве
2025-04-14 23:47:36,763 - Ошибка в файле path/zbxcauph.txt: Файл 'recursive_challengeqxjzaes2plr4e33gl0qkksef.txt' не найден во втором архиве
2025-04-14 23:47:36,868 - Ошибка в файле path/xdl0ze1g.txt: Файл 'recursive_challengeqxjzaes2plr4e33ghjsrdtoze9td5mfqkd47aye4phcv5msd5w1bcc60.txt' не найден во втором архиве
2025-04-14 23:47:37,133 - Ошибка в файле path/yeuup75i.txt: Файл 'recursive_challengeqxjzaes224lkeyh6l8k5q6fsgeajve4dpzpvo72th582z6wh9dhn8iml.txt' не найден во втором архиве
2025-04-14 23:47:37,372 - Ошибка в файле path/slv0le38.txt: Файл 'recursive_challengeqxjzaes224lkeyh687pgggz7tgml8zq2tmb9as05sutocehr.txt' не найден во втором архиве
2025-04-14 23:47:37,406 - Ошибка в файле path/vx9wft9i.txt: Файл 'recursive_challengeqxjzaes2plr4e33ghjsrdtoze9td5mfqtim6qmlxzm619kmn3xsc2oo1.txt' не найден во втором архиве
2025-04-14 23:47:37,666 - Ошибка в файле path/uqk3zd8k.txt: Файл 'recursive_challengeqxjzaes224lkeyh687pgggz7lvv4zockbbrngl3wvfks4br04ocz1xa9.txt' не найден во втором архиве
2025-04-14 23:47:37,689 - Ошибка в файле path/zcidukkq.txt: Файл 'recursive_challengeqxjzaes2plr4e33ghjsrdtozmeggcmayhgjfyvnmv8ierp5gb4f8buun.txt' не найден во втором архиве
2025-04-14 23:47:37,732 - Ошибка в файле path/tifwtlpp.txt: Файл 'recursive_challengeqxjzaes2plr4e33ghjsrdtoze9td5mfqkd47aye4u8c7w5569o5n6yuq.txt' не найден во втором архиве
2025-04-14 23:47:37,828 - Ошибка в файле path/xe99j0ja.txt: Файл 'recursive_challengeqxjzaes224lkeyh6l8k5q6fsvjyr870911ahet30yqqfwietbp0qhu72.txt' не найден во втором архиве
2025-04-14 23:47:38,128 - Ошибка в файле path/yhbu92gh.txt: Файл 'recursive_challengeqxjzaes2plr4e33ghjsrdtoze9td5mfqdhpr5fbazlm5m57y.txt' не найден во втором архиве
2025-04-14 23:47:38,389 - Ошибка в файле path/vyurlta9.txt: Файл 'recursive_challengeqxjzaes224lkeyh6l8k5q6fsvjyr87091nrbxwyi1jxw02go.txt' не найден во втором архиве
2025-04-14 23:47:38,421 - Ошибка в файле path/smkviezd.txt: Файл 'recursive_challengeqxjzaes224lkeyh6l8k5q6fsgeajve4dpzpvo72th582z6whlfawtw3l.txt' не найден во втором архиве
2025-04-14 23:47:38,640 - Ошибка в файле path/zcwgqkzy.txt: Файл 'recursive_challengeqxjzaes224lkeyh6l8k5q6fsvjyr870911ahet30t4zy3676omam8a7r.txt' не найден во втором архиве
2025-04-14 23:47:38,706 - Ошибка в файле path/tij3l6uq.txt: Файл 'recursive_challengeqxjzaes224lkeyh6l8k5q6fsvjyr8709llc8lc4476ffr7bhabntubic.txt' не найден во втором архиве
2025-04-14 23:47:38,722 - Ошибка в файле path/uu3o5yjc.txt: Файл 'recursive_challengeqxjzaes224lkeyh6l8k5q6fsvjyr870911ahet30ti8cj09zv1kbha5z.txt' не найден во втором архиве
2025-04-14 23:47:38,820 - Ошибка в файле path/xf19s3ur.txt: Файл 'recursive_challengeqxjzaes224lkeyh6l8k5q6fsvjyr8709xut7l6x08nh15a9zkg0wzmfb.txt' не найден во втором архиве
2025-04-14 23:47:39,188 - Ошибка в файле path/yhnn1sbg.txt: Файл 'recursive_challengeqxjzaes224lkeyh6gwzv6zt9dom3olfic787qynu1rg6s5vy.txt' не найден во втором архиве
2025-04-14 23:47:39,316 - Ошибка в файле path/w377vsfy.txt: Файл 'recursive_challengeqxjzaes2plr4e33gjdxi8nzom06ur6e4hiqki54j.txt' не найден во втором архиве
2025-04-14 23:47:39,448 - Ошибка в файле path/smm27i5j.txt: Файл 'recursive_challengeqxjzaes224lkeyh6gwzv6zt9dom3olfic787qynunkex7ht3.txt' не найден во втором архиве
2025-04-14 23:47:39,649 - Ошибка в файле path/zdam7md4.txt: Файл 'recursive_challengeqxjzaes224lkeyh687pgggz7lvv4zock3d6sd0o3t3sqfd6vkpda2df0.txt' не найден во втором архиве
2025-04-14 23:47:39,732 - Ошибка в файле path/tl7fg1al.txt: Файл 'recursive_challengeqxjzaes224lkeyh687pgggz7lvv4zock0ocmmcvukenhgsdcom5mf54t.txt' не найден во втором архиве
2025-04-14 23:47:39,747 - Ошибка в файле path/uudhgvcv.txt: Файл 'recursive_challengeqxjzaes224lkeyh6l8k5q6fsvjyr870999575oupg84z589d.txt' не найден во втором архиве
2025-04-14 23:47:39,784 - Ошибка в файле path/xf2zm0gb.txt: Файл 'recursive_challengeqxjzaes224lkeyh6l8k5q6fsgeajve4dpzpvo72t9nq8fsyeyoocdam3.txt' не найден во втором архиве
2025-04-14 23:47:40,214 - Ошибка в файле path/yir81mpi.txt: Файл 'recursive_challengeqxjzaes2plr4e33gjdxi8nzom06ur6e4d60rrvq1ajso0kfr2qp5kvjm.txt' не найден во втором архиве
2025-04-14 23:47:40,333 - Ошибка в файле path/w4dakkbp.txt: Файл 'recursive_challengeqxjzaes224lkeyh6l8k5q6fsvjyr87091nrbxwyi3krkf78z9q6l0g2d.txt' не найден во втором архиве
2025-04-14 23:47:40,393 - Ошибка в файле path/smpdfxaw.txt: Файл 'recursive_challengeqxjzaes224lkeyh6l8k5q6fsvjyr8709305jkkippep9dfhjy49a22gz.txt' не найден во втором архиве
2025-04-14 23:47:40,638 - Ошибка в файле path/ze4pwqf7.txt: Файл 'recursive_challengeqxjzaes224lkeyh687pgggz7lvv4zock300enzqk373a8asn4glf8h01.txt' не найден во втором архиве
2025-04-14 23:47:40,715 - Ошибка в файле path/tliyq19v.txt: Файл 'recursive_challengeqxjzaes224lkeyh687pgggz7tgml8zq2tmb9as05zsz2edj9lakh40ju.txt' не найден во втором архиве
2025-04-14 23:47:40,784 - Ошибка в файле path/uxq2ewzf.txt: Файл 'recursive_challengeqxjzaes224lkeyh687pgggz7sqic6n8zi6ifx3bfqpvbvwdlu2lr2lq3.txt' не найден во втором архиве
2025-04-14 23:47:40,820 - Ошибка в файле path/xl34drha.txt: Файл 'recursive_challengeqxjzaes224lkeyh687pgggz7sqic6n8zi6ifx3bflbc8lcwmp45uhtn4.txt' не найден во втором архиве
2025-04-14 23:47:41,265 - Ошибка в файле path/ykbsl8v6.txt: Файл 'recursive_challengeqxjzaes2plr4e33ghjsrdtoze9td5mfqtim6qmlxhcjlkqf610igp43x.txt' не найден во втором архиве
2025-04-14 23:47:41,307 - Ошибка в файле path/w6an0qx8.txt: Файл 'recursive_challengeqxjzaes224lkeyh6gwzv6zt9dom3olfi60kknxn7n4h62q0godbck4tn.txt' не найден во втором архиве
2025-04-14 23:47:41,506 - Ошибка в файле path/smpdxfbg.txt: Файл 'recursive_challengeqxjzaes224lkeyh6l8k5q6fsvjyr8709llc8lc4476ffr7bhyb0xcz1r.txt' не найден во втором архиве
2025-04-14 23:47:41,589 - Ошибка в файле path/zellsxj5.txt: Файл 'recursive_challengeqxjzaes224lkeyh6l8k5q6fs2ds7mvnroq46gosphjw10xizkbca5c0i.txt' не найден во втором архиве
2025-04-14 23:47:41,736 - Ошибка в файле path/uyhn70yf.txt: Файл 'recursive_challengeqxjzaes224lkeyh687pgggz7lvv4zock9welz67wr0opnw2f84j1ppo0.txt' не найден во втором архиве
2025-04-14 23:47:41,812 - Ошибка в файле path/tmgjuadj.txt: Файл 'recursive_challengeqxjzaes224lkeyh6l8k5q6fsvjyr8709xut7l6x08nh15a9zdwtfjaz3.txt' не найден во втором архиве
2025-04-14 23:47:41,821 - Ошибка в файле path/xmg28mka.txt: Файл 'recursive_challengeqxjzaes224lkeyh687pgggz7sqic6n8zi6ifx3bfqpvbvwdlvr1a8edd.txt' не найден во втором архиве
2025-04-14 23:47:42,233 - Ошибка в файле path/yln0dtin.txt: Файл 'recursive_challengeqxjzaes224lkeyh6l8k5q6fsvjyr8709pxt1wv6okk9zuck7.txt' не найден во втором архиве
2025-04-14 23:47:42,294 - Ошибка в файле path/w7u397lh.txt: Файл 'recursive_challengeqxjzaes224lkeyh687pgggz7lvv4zock300enzqkgbnr9np992ot7oti.txt' не найден во втором архиве
2025-04-14 23:47:42,490 - Ошибка в файле path/sn56ys3k.txt: Файл 'recursive_challengeqxjzaes224lkeyh687pgggz7lvv4zockbbrngl3wvfks4br0ayecjhae.txt' не найден во втором архиве
2025-04-14 23:47:42,524 - Ошибка в файле path/zfj9mfvn.txt: Файл 'recursive_challengeqxjzaes224lkeyh6l8k5q6fsvjyr8709pxt1wv6o18jk1fix83t525rg.txt' не найден во втором архиве
2025-04-14 23:47:42,735 - Ошибка в файле path/uzxqm852.txt: Файл 'recursive_challengeqxjzaes224lkeyh6l8k5q6fsgeajve4dpzpvo72tcqumx4y1y2ox5c3o.txt' не найден во втором архиве
2025-04-14 23:47:42,839 - Ошибка в файле path/tnhtrxcn.txt: Файл 'recursive_challengeqxjzaes224lkeyh6l8k5q6fsvjyr87091nrbxwyi166k7wqd.txt' не найден во втором архиве
2025-04-14 23:47:42,846 - Ошибка в файле path/xn1hjaez.txt: Файл 'recursive_challengeqxjzaes2plr4e33ghjsrdtoze9td5mfqdhpr5fba561rlpoz8ar7llbk.txt' не найден во втором архиве
2025-04-14 23:47:43,177 - Ошибка в файле path/yn5wr40y.txt: Файл 'recursive_challengeqxjzaes2plr4e33ghjsrdtozmeggcmayhgjfyvnm11per8fa0urjh3gm.txt' не найден во втором архиве
2025-04-14 23:47:43,370 - Ошибка в файле path/w9wuwywp.txt: Файл 'recursive_challengeqxjzaes224lkeyh687pgggz7tgml8zq2tmb9as051hyw0g4j.txt' не найден во втором архиве
2025-04-14 23:47:43,425 - Ошибка в файле path/zhm4aop6.txt: Файл 'recursive_challengeqxjzaes224lkeyh687pgggz7sqic6n8zi6ifx3bfc6av6lw8.txt' не найден во втором архиве
2025-04-14 23:47:43,513 - Ошибка в файле path/sn5npoy0.txt: Файл 'recursive_challengeqxjzaes2plr4e33gjdxi8nzom06ur6e4x68byxltqaio6snkcl6rxizp.txt' не найден во втором архиве
2025-04-14 23:47:43,687 - Ошибка в файле path/v0zebya9.txt: Файл 'recursive_challengeqxjzaes224lkeyh687pgggz7lvv4zockm8mdtaxu.txt' не найден во втором архиве
2025-04-14 23:47:43,832 - Ошибка в файле path/tno6wioc.txt: Файл 'recursive_challengeqxjzaes2plr4e33ghjsrdtoze9td5mfqxk9zyis4mvi74o75spuk9yxr.txt' не найден во втором архиве
2025-04-14 23:47:43,927 - Ошибка в файле path/xodb1qsh.txt: Файл 'recursive_challengeqxjzaes2plr4e33ghjsrdtoze9td5mfqdhpr5fba4yv4h9n6bpz50gm5.txt' не найден во втором архиве
2025-04-14 23:47:44,124 - Ошибка в файле path/ynt8qt94.txt: Файл 'recursive_challengeqxjzaes224lkeyh687pgggz7sqic6n8zbueat201zfz33ucpgfkpbvx3.txt' не найден во втором архиве
2025-04-14 23:47:44,392 - Ошибка в файле path/zj87b8ci.txt: Файл 'recursive_challengeqxjzaes2plr4e33gjdxi8nzom06ur6e4x68byxltuqk973c992modbbt.txt' не найден во втором архиве
2025-04-14 23:47:44,443 - Ошибка в файле path/weboaj5v.txt: Файл 'recursive_challengeqxjzaes224lkeyh687pgggz7sqic6n8zbueat201rxlmu91b.txt' не найден во втором архиве
2025-04-14 23:47:44,511 - Ошибка в файле path/sph1pjyc.txt: Файл 'recursive_challengeqxjzaes2plr4e33ghjsrdtoze9td5mfq4q33a5qnlzn4nxyxa1iylb81.txt' не найден во втором архиве
2025-04-14 23:47:44,609 - Ошибка в файле path/v1clgcmd.txt: Файл 'recursive_challengeqxjzaes2plr4e33ghjsrdtozmeggcmay5u5561c0pqi1uiir.txt' не найден во втором архиве
2025-04-14 23:47:44,916 - Ошибка в файле path/tp8mtpea.txt: Файл 'recursive_challengeqxjzaes224lkeyh6l8k5q6fs2ds7mvnr2jf743w3ph6tmhkacknus0j4.txt' не найден во втором архиве
2025-04-14 23:47:45,020 - Ошибка в файле path/xq7lbz25.txt: Файл 'recursive_challengeqxjzaes224lkeyh687pgggz7lvv4zockzoc6meh4w5eg9l5h530whpb4.txt' не найден во втором архиве
2025-04-14 23:47:45,149 - Ошибка в файле path/yp0l8xr5.txt: Файл 'recursive_challengeqxjzaes224lkeyh6l8k5q6fsvjyr8709xut7l6x05lkdmrmbr8mbfamm.txt' не найден во втором архиве
2025-04-14 23:47:45,390 - Ошибка в файле path/zmj95r9y.txt: Файл 'recursive_challengeqxjzaes2plr4e33ghjsrdtoze9td5mfqdhpr5fba561rlpoza2a0stkd.txt' не найден во втором архиве
2025-04-14 23:47:45,441 - Ошибка в файле path/sq02ybbh.txt: Файл 'recursive_challengeqxjzaes2plr4e33ghjsrdtoze9td5mfqkd47aye4u8c7w556of0gcfmm.txt' не найден во втором архиве
2025-04-14 23:47:45,493 - Ошибка в файле path/wfcekqyx.txt: Файл 'recursive_challengeqxjzaes224lkeyh6l8k5q6fsvjyr870999575oupylane65kaj84ylc3.txt' не найден во втором архиве
2025-04-14 23:47:45,694 - Ошибка в файле path/v1ssjkyt.txt: Файл 'recursive_challengeqxjzaes2plr4e33ghjsrdtoze9td5mfqxk9zyis4mvi74o75c4ntkki4.txt' не найден во втором архиве
2025-04-14 23:47:45,854 - Ошибка в файле path/tpdi776t.txt: Файл 'recursive_challengeqxjzaes224lkeyh6l8k5q6fsvjyr8709305jkkip9ps238mdf7nrfeuk.txt' не найден во втором архиве
2025-04-14 23:47:45,991 - Ошибка в файле path/xqlso6fr.txt: Файл 'recursive_challengeqxjzaes224lkeyh687pgggz7tgml8zq2tmb9as0573shruuoxh8eo5jj.txt' не найден во втором архиве
2025-04-14 23:47:46,053 - Ошибка в файле path/yq7hn319.txt: Файл 'recursive_challengeqxjzaes224lkeyh6l8k5q6fs023dsfltgvyf2kyxk2uxkuqkdj4npljp.txt' не найден во втором архиве
2025-04-14 23:47:46,423 - Ошибка в файле path/zquj1q5y.txt: Файл 'recursive_challengeqxjzaes224lkeyh687pgggz7lvv4zock300enzqk373a8asn4cwweqwz.txt' не найден во втором архиве
2025-04-14 23:47:46,496 - Ошибка в файле path/sse339cu.txt: Файл 'recursive_challengeqxjzaes224lkeyh687pgggz7lvv4zock300enzqklr5rstjdbqw8lzuw.txt' не найден во втором архиве
2025-04-14 23:47:46,567 - Ошибка в файле path/whwe574n.txt: Файл 'recursive_challengeqxjzaes224lkeyh6l8k5q6fs2ds7mvnr2jf743w39sj8xseg6ussjb00.txt' не найден во втором архиве
2025-04-14 23:47:46,625 - Ошибка в файле path/v2qadmwz.txt: Файл 'recursive_challengeqxjzaes224lkeyh687pgggz7lvv4zock300enzqkcsdm89xr.txt' не найден во втором архиве
2025-04-14 23:47:46,816 - Ошибка в файле path/tpr4tqnj.txt: Файл 'recursive_challengeqxjzaes2plr4e33ghjsrdtozmeggcmayhgjfyvnmv8ierp5gjg48kb9g.txt' не найден во втором архиве
2025-04-14 23:47:46,929 - Ошибка в файле path/yr6vzvs8.txt: Файл 'recursive_challengeqxjzaes2plr4e33ghjsrdtozmeggcmay5u5561c0x4igp7382tfcrcsw.txt' не найден во втором архиве
2025-04-14 23:47:46,940 - Ошибка в файле path/xuduuqwv.txt: Файл 'recursive_challengeqxjzaes2plr4e33ghjsrdtozmeggcmayhgjfyvnm11per8fa9r9qdo51.txt' не найден во втором архиве
2025-04-14 23:47:47,310 - Ошибка в файле path/zr38tmkx.txt: Файл 'recursive_challengeqxjzaes224lkeyh687pgggz7lvv4zockzoc6meh4w5eg9l5heqjuldpg.txt' не найден во втором архиве
2025-04-14 23:47:47,393 - Ошибка в файле path/v3l9excq.txt: Файл 'recursive_challengeqxjzaes2plr4e33ghjsrdtoze9td5mfqkd47aye41roi36s4orxx7pis.txt' не найден во втором архиве
2025-04-14 23:47:47,491 - Ошибка в файле path/wj0brziz.txt: Файл 'recursive_challengeqxjzaes224lkeyh6l8k5q6fsgeajve4dpzpvo72th582z6whjn84xpws.txt' не найден во втором архиве
2025-04-14 23:47:47,690 - Ошибка в файле path/xv9dg51p.txt: Файл 'recursive_challengeqxjzaes224lkeyh687pgggz7tgml8zq2tmb9as05zsz2edj912zv0lvb.txt' не найден во втором архиве
2025-04-14 23:47:47,693 - Ошибка в файле path/ys7u2u46.txt: Файл 'recursive_challengeqxjzaes224lkeyh687pgggz7tgml8zq2tmb9as05ag3gn9732c20mfnw.txt' не найден во втором архиве
2025-04-14 23:47:47,901 - Ошибка в файле path/zr6aeclv.txt: Файл 'recursive_challengeqxjzaes224lkeyh687pgggz7sqic6n8zbueat201zfz33ucpbqpqigs6.txt' не найден во втором архиве
2025-04-14 23:47:48,216 - Ошибка в файле path/ysh6euau.txt: Файл 'recursive_challengeqxjzaes224lkeyh6l8k5q6fsgeajve4dpzpvo72twso8d8lv17lgl12b.txt' не найден во втором архиве
2025-04-14 23:47:48,421 - Ошибка в файле path/zrplz27u.txt: Файл 'recursive_challengeqxjzaes224lkeyh6l8k5q6fs2ds7mvnr2jf743w3ph6tmhka78zuhkrb.txt' не найден во втором архиве
2025-04-14 23:47:48,730 - Ошибка в файле path/ysurv69u.txt: Файл 'recursive_challengeqxjzaes2plr4e33ghjsrdtozmeggcmay0sl0lsp9tac9i2sougjyztwi.txt' не найден во втором архиве
2025-04-14 23:47:48,746 - Ошибка в файле path/xwii07oo.txt: Файл 'recursive_challengeqxjzaes224lkeyh687pgggz7lvv4zockjjidtgn61m5hlxpv2rqb4oa8.txt' не найден во втором архиве
2025-04-14 23:47:48,937 - Ошибка в файле path/ztzxalbs.txt: Файл 'recursive_challengeqxjzaes2plr4e33ghjsrdtoze9td5mfqdhpr5fbapz20vikpjxauucf1.txt' не найден во втором архиве
